{
  "experiment_id": "001",
  "model": "bm25_baseline",
  "index_type": "lancedb_fts",
  "serialization": "pipe",
  "mode": "zero_shot",
  "quantization": null,
  "dims": null,
  "index_size": 1000050,
  "timestamp": "2026-03-07T09:10:31.900217+00:00",
  "overall": {
    "recall_at_5": 0.9442635888329881,
    "ndcg_at_5": 0.9225814525387074,
    "recall_at_10": 0.9584032093650324,
    "ndcg_at_10": 0.9271897766606845,
    "precision_at_5": 0.18885271776659765,
    "mrr_at_10": 0.9172711563224043
  },
  "per_bucket": {
    "pristine": {
      "recall_at_5": 1.0,
      "ndcg_at_5": 0.9999635917681338,
      "recall_at_10": 1.0,
      "ndcg_at_10": 0.9999635917681338,
      "precision_at_5": 0.19999999999999996,
      "mrr_at_10": 0.9999506757423301,
      "n_queries": 10137
    },
    "missing_firstname": {
      "recall_at_5": 1.0,
      "ndcg_at_5": 0.9999635917681338,
      "recall_at_10": 1.0,
      "ndcg_at_10": 0.9999635917681338,
      "precision_at_5": 0.19999999999999996,
      "mrr_at_10": 0.9999506757423301,
      "n_queries": 10137
    },
    "missing_email_company": {
      "recall_at_5": 0.6655815329979283,
      "ndcg_at_5": 0.5360483403583639,
      "recall_at_10": 0.7504192561901943,
      "ndcg_at_10": 0.5636982850902271,
      "precision_at_5": 0.13311630659958568,
      "mrr_at_10": 0.5043799549348528,
      "n_queries": 10137
    },
    "typo_name": {
      "recall_at_5": 1.0,
      "ndcg_at_5": 0.9998649432527938,
      "recall_at_10": 1.0,
      "ndcg_at_10": 0.9998649432527938,
      "precision_at_5": 0.19999999999999996,
      "mrr_at_10": 0.9998191443885437,
      "n_queries": 10137
    },
    "domain_mismatch": {
      "recall_at_5": 1.0,
      "ndcg_at_5": 0.9996846563166847,
      "recall_at_10": 1.0,
      "ndcg_at_10": 0.9996846563166847,
      "precision_at_5": 0.19999999999999996,
      "mrr_at_10": 0.9995758113840387,
      "n_queries": 10137
    },
    "swapped_attributes": {
      "recall_at_5": 1.0,
      "ndcg_at_5": 0.9999635917681338,
      "recall_at_10": 1.0,
      "ndcg_at_10": 0.9999635917681338,
      "precision_at_5": 0.19999999999999996,
      "mrr_at_10": 0.9999506757423301,
      "n_queries": 10137
    }
  },
  "latency_ms": {
    "p50": 3.2527082498745585,
    "p95": 3.8335883750733046,
    "p99": 3.9781508753549133,
    "n_queries": 60822
  },
  "per_bucket_latency_ms": {
    "pristine": {
      "p50": 3.289396000582201,
      "p95": 5.956212500041147,
      "p99": 7.599006159052806,
      "n_queries": 1000
    },
    "missing_firstname": {
      "p50": 3.1850210016273195,
      "p95": 5.954540200218616,
      "p99": 8.016123331617562,
      "n_queries": 1000
    },
    "missing_email_company": {
      "p50": 1.6598955007793847,
      "p95": 2.474764252110617,
      "p99": 3.174217171108465,
      "n_queries": 1000
    },
    "typo_name": {
      "p50": 3.216020499166916,
      "p95": 5.860905600457044,
      "p99": 7.521852332356501,
      "n_queries": 1000
    },
    "domain_mismatch": {
      "p50": 4.0142915004253155,
      "p95": 7.15281010216131,
      "p99": 9.257200330939664,
      "n_queries": 1000
    },
    "swapped_attributes": {
      "p50": 3.291478999017272,
      "p95": 6.00900000281399,
      "p99": 8.186271339582163,
      "n_queries": 1000
    }
  },
  "index_size_mb": 143.65
}