{
  "experiment_id": "002",
  "model": "gte_modernbert_base",
  "serialization": "pipe",
  "mode": "zero_shot",
  "quantization": "fp32",
  "dims": 768,
  "index_size": 1000050,
  "timestamp": "2026-03-07T15:48:30.468619+00:00",
  "overall": {
    "recall_at_5": 0.9242214987997764,
    "ndcg_at_5": 0.8975537486549245,
    "recall_at_10": 0.9414685475650258,
    "ndcg_at_10": 0.9031585555892006,
    "precision_at_5": 0.18484429975995528,
    "mrr_at_10": 0.8909670647055968
  },
  "per_bucket": {
    "pristine": {
      "recall_at_5": 1.0,
      "ndcg_at_5": 1.0,
      "recall_at_10": 1.0,
      "ndcg_at_10": 1.0,
      "precision_at_5": 0.19999999999999996,
      "mrr_at_10": 1.0,
      "n_queries": 10137
    },
    "missing_firstname": {
      "recall_at_5": 0.9170365985991911,
      "ndcg_at_5": 0.9121747977312749,
      "recall_at_10": 0.9189109203906481,
      "ndcg_at_10": 0.9128076204687892,
      "precision_at_5": 0.1834073197198382,
      "mrr_at_10": 0.9107977846361983,
      "n_queries": 10137
    },
    "missing_email_company": {
      "recall_at_5": 0.6488112853901549,
      "ndcg_at_5": 0.5150775262595162,
      "recall_at_10": 0.7467692611226201,
      "ndcg_at_10": 0.5468495868376758,
      "precision_at_5": 0.129762257078031,
      "mrr_at_10": 0.48373571749570565,
      "n_queries": 10137
    },
    "typo_name": {
      "recall_at_5": 0.9934891979875703,
      "ndcg_at_5": 0.9926982074444488,
      "recall_at_10": 0.9935878465029101,
      "ndcg_at_10": 0.9927310902828954,
      "precision_at_5": 0.19869783959751405,
      "mrr_at_10": 0.9924378866669484,
      "n_queries": 10137
    },
    "domain_mismatch": {
      "recall_at_5": 0.9868797474598008,
      "ndcg_at_5": 0.9661261940604596,
      "recall_at_10": 0.9903324454966953,
      "ndcg_at_10": 0.9672714275650319,
      "precision_at_5": 0.1973759494919601,
      "mrr_at_10": 0.9595189945367513,
      "n_queries": 10137
    },
    "swapped_attributes": {
      "recall_at_5": 0.9993094603926211,
      "ndcg_at_5": 0.9992730521607548,
      "recall_at_10": 0.9993094603926211,
      "ndcg_at_10": 0.9992730521607548,
      "precision_at_5": 0.1998618920785242,
      "mrr_at_10": 0.9992601361349511,
      "n_queries": 10137
    }
  },
  "latency_ms": {
    "p50": 18.73846191665507,
    "p95": 26.923377433649872,
    "p99": 31.39022794433912,
    "n_queries": 6000
  },
  "per_bucket_latency_ms": {
    "pristine": {
      "p50": 16.502167001817725,
      "p95": 23.210704499979325,
      "p99": 27.108794250452753,
      "n_queries": 1000
    },
    "missing_firstname": {
      "p50": 24.27343750059663,
      "p95": 33.71430240058543,
      "p99": 38.5262878299909,
      "n_queries": 1000
    },
    "missing_email_company": {
      "p50": 19.273250498372363,
      "p95": 37.35411490142723,
      "p99": 48.90553216999247,
      "n_queries": 1000
    },
    "typo_name": {
      "p50": 17.833166997661465,
      "p95": 23.67638094947324,
      "p99": 25.13519657732104,
      "n_queries": 1000
    },
    "domain_mismatch": {
      "p50": 16.835437501868,
      "p95": 18.98838749893912,
      "p99": 22.585148750331427,
      "n_queries": 1000
    },
    "swapped_attributes": {
      "p50": 17.713311999614234,
      "p95": 24.596374351494884,
      "p99": 26.080408087946125,
      "n_queries": 1000
    }
  },
  "index_size_mb": 3105.3
}