{
  "experiment_id": "bge_small_base_384_fp32",
  "model": "bge_small",
  "serialization": "pipe",
  "mode": "zero_shot",
  "quantization": "fp32",
  "dims": 384,
  "index_size": 1000050,
  "timestamp": "2026-03-09T02:05:20.084289+00:00",
  "overall": {
    "recall_at_1": 0.8227615007727467,
    "ndcg_at_1": 0.8227615007727467,
    "recall_at_5": 0.8765413830521851,
    "ndcg_at_5": 0.8514194364830712,
    "recall_at_10": 0.8948735654861728,
    "ndcg_at_10": 0.8573518900552515,
    "precision_at_5": 0.17530827661043705,
    "mrr_at_10": 0.8455079106714206
  },
  "per_bucket": {
    "pristine": {
      "recall_at_1": 1.0,
      "ndcg_at_1": 1.0,
      "recall_at_5": 1.0,
      "ndcg_at_5": 1.0,
      "recall_at_10": 1.0,
      "ndcg_at_10": 1.0,
      "precision_at_5": 0.19999999999999996,
      "mrr_at_10": 1.0,
      "n_queries": 10137
    },
    "missing_firstname": {
      "recall_at_1": 0.9052974252737497,
      "ndcg_at_1": 0.9052974252737497,
      "recall_at_5": 0.9116109302554997,
      "ndcg_at_5": 0.9088593076070921,
      "recall_at_10": 0.9124987668935582,
      "ndcg_at_10": 0.9091561429906585,
      "precision_at_5": 0.1823221860510999,
      "mrr_at_10": 0.9080529679893397,
      "n_queries": 10137
    },
    "missing_email_company": {
      "recall_at_1": 0.2670415310249581,
      "ndcg_at_1": 0.2670415310249581,
      "recall_at_5": 0.5060668836934004,
      "ndcg_at_5": 0.3930212894087298,
      "recall_at_10": 0.5944559534379008,
      "ndcg_at_10": 0.4215891359863768,
      "precision_at_5": 0.10121337673868008,
      "mrr_at_10": 0.3672951594895957,
      "n_queries": 10137
    },
    "typo_name": {
      "recall_at_1": 0.9581730294959061,
      "ndcg_at_1": 0.9581730294959061,
      "recall_at_5": 0.9637959948702772,
      "ndcg_at_5": 0.9614086354225421,
      "recall_at_10": 0.9648811285390155,
      "ndcg_at_10": 0.9617519483508947,
      "precision_at_5": 0.1927591989740554,
      "mrr_at_10": 0.9607321755442502,
      "n_queries": 10137
    },
    "domain_mismatch": {
      "recall_at_1": 0.8060570188418664,
      "ndcg_at_1": 0.8060570188418664,
      "recall_at_5": 0.8777744894939331,
      "ndcg_at_5": 0.8452273864600621,
      "recall_at_10": 0.8974055440465621,
      "ndcg_at_10": 0.8516141130035794,
      "precision_at_5": 0.17555489789878662,
      "mrr_at_10": 0.8369671610053381,
      "n_queries": 10137
    },
    "swapped_attributes": {
      "recall_at_1": 1.0,
      "ndcg_at_1": 1.0,
      "recall_at_5": 1.0,
      "ndcg_at_5": 1.0,
      "recall_at_10": 1.0,
      "ndcg_at_10": 1.0,
      "precision_at_5": 0.19999999999999996,
      "mrr_at_10": 1.0,
      "n_queries": 10137
    }
  },
  "latency_ms": {
    "p50": 10.30221866434052,
    "p95": 12.966262251575245,
    "p99": 14.445183964950653,
    "n_queries": 6000
  },
  "per_bucket_latency_ms": {
    "pristine": {
      "p50": 10.104667002451606,
      "p95": 12.858402398705948,
      "p99": 14.551833935547618,
      "n_queries": 1000
    },
    "missing_firstname": {
      "p50": 10.51154149172362,
      "p95": 13.059418404009193,
      "p99": 14.613759084313642,
      "n_queries": 1000
    },
    "missing_email_company": {
      "p50": 9.928521001711488,
      "p95": 12.705656851176169,
      "p99": 14.727644760278052,
      "n_queries": 1000
    },
    "typo_name": {
      "p50": 10.360791493440047,
      "p95": 13.078093752119457,
      "p99": 14.330115925695281,
      "n_queries": 1000
    },
    "domain_mismatch": {
      "p50": 10.459666496899445,
      "p95": 12.99528990202816,
      "p99": 14.074413333582925,
      "n_queries": 1000
    },
    "swapped_attributes": {
      "p50": 10.448124499816913,
      "p95": 13.100712201412534,
      "p99": 14.373336750286398,
      "n_queries": 1000
    }
  },
  "index_size_mb": 1657.52
}