{
  "experiment_id": "bge_small_ft_256_fp32",
  "model": "bge_small",
  "serialization": "pipe",
  "mode": "fine_tuned",
  "quantization": "fp32",
  "dims": 384,
  "index_size": 1000050,
  "timestamp": "2026-03-09T03:18:17.636722+00:00",
  "overall": {
    "recall_at_1": 0.8800762881851961,
    "ndcg_at_1": 0.8800762881851961,
    "recall_at_5": 0.9175462825951136,
    "ndcg_at_5": 0.8999704845432355,
    "recall_at_10": 0.9302226168162836,
    "ndcg_at_10": 0.9040828874612402,
    "precision_at_5": 0.18350925651902275,
    "mrr_at_10": 0.8958292751735092
  },
  "per_bucket": {
    "pristine": {
      "recall_at_1": 1.0,
      "ndcg_at_1": 1.0,
      "recall_at_5": 1.0,
      "ndcg_at_5": 1.0,
      "recall_at_10": 1.0,
      "ndcg_at_10": 1.0,
      "precision_at_5": 0.19999999999999996,
      "mrr_at_10": 1.0,
      "n_queries": 10137
    },
    "missing_firstname": {
      "recall_at_1": 0.9866824504291211,
      "ndcg_at_1": 0.9866824504291211,
      "recall_at_5": 0.9874716385518398,
      "ndcg_at_5": 0.9871674566711057,
      "recall_at_10": 0.9874716385518398,
      "ndcg_at_10": 0.9871674566711057,
      "precision_at_5": 0.19749432771036796,
      "mrr_at_10": 0.987060603071257,
      "n_queries": 10137
    },
    "missing_email_company": {
      "recall_at_1": 0.308868501529052,
      "ndcg_at_1": 0.308868501529052,
      "recall_at_5": 0.5321100917431193,
      "ndcg_at_5": 0.42725075116751543,
      "recall_at_10": 0.6080694485547993,
      "ndcg_at_10": 0.4518940485338065,
      "precision_at_5": 0.10642201834862385,
      "mrr_at_10": 0.40260134569101724,
      "n_queries": 10137
    },
    "typo_name": {
      "recall_at_1": 0.9849067771530039,
      "ndcg_at_1": 0.9849067771530039,
      "recall_at_5": 0.9856959652757226,
      "ndcg_at_5": 0.9854046994207922,
      "recall_at_10": 0.9857946137910625,
      "ndcg_at_10": 0.9854358195625291,
      "precision_at_5": 0.19713919305514452,
      "mrr_at_10": 0.9853137022787807,
      "n_queries": 10137
    },
    "domain_mismatch": {
      "recall_at_1": 1.0,
      "ndcg_at_1": 1.0,
      "recall_at_5": 1.0,
      "ndcg_at_5": 1.0,
      "recall_at_10": 1.0,
      "ndcg_at_10": 1.0,
      "precision_at_5": 0.19999999999999996,
      "mrr_at_10": 1.0,
      "n_queries": 10137
    },
    "swapped_attributes": {
      "recall_at_1": 1.0,
      "ndcg_at_1": 1.0,
      "recall_at_5": 1.0,
      "ndcg_at_5": 1.0,
      "recall_at_10": 1.0,
      "ndcg_at_10": 1.0,
      "precision_at_5": 0.19999999999999996,
      "mrr_at_10": 1.0,
      "n_queries": 10137
    }
  },
  "latency_ms": {
    "p50": 17.81031933205668,
    "p95": 20.118176430939155,
    "p99": 21.505059068949777,
    "n_queries": 6000
  },
  "per_bucket_latency_ms": {
    "pristine": {
      "p50": 18.030291503237095,
      "p95": 20.18015240028035,
      "p99": 22.240330741624348,
      "n_queries": 1000
    },
    "missing_firstname": {
      "p50": 18.12304149643751,
      "p95": 19.9621086481784,
      "p99": 20.909391167660942,
      "n_queries": 1000
    },
    "missing_email_company": {
      "p50": 14.87039600033313,
      "p95": 17.270635096792827,
      "p99": 18.7131896748906,
      "n_queries": 1000
    },
    "typo_name": {
      "p50": 18.32452049711719,
      "p95": 20.754089544789167,
      "p99": 22.01165791368112,
      "n_queries": 1000
    },
    "domain_mismatch": {
      "p50": 18.889020502683707,
      "p95": 21.16142710801796,
      "p99": 22.361074911459582,
      "n_queries": 1000
    },
    "swapped_attributes": {
      "p50": 18.62464599253144,
      "p95": 21.380645787576213,
      "p99": 22.794710004382065,
      "n_queries": 1000
    }
  },
  "index_size_mb": 1161.34
}