{
  "experiment_id": "bge_small_ft_64_int8",
  "model": "bge_small",
  "serialization": "pipe",
  "mode": "fine_tuned",
  "quantization": "int8",
  "dims": 384,
  "index_size": 1000050,
  "timestamp": "2026-03-09T03:56:10.670561+00:00",
  "overall": {
    "recall_at_1": 0.8857650192364604,
    "ndcg_at_1": 0.8857650192364604,
    "recall_at_5": 0.9252901910492913,
    "ndcg_at_5": 0.9068730479138267,
    "recall_at_10": 0.9375061655322088,
    "ndcg_at_10": 0.9108483489170895,
    "precision_at_5": 0.1850580382098583,
    "mrr_at_10": 0.902394196857549
  },
  "per_bucket": {
    "pristine": {
      "recall_at_1": 1.0,
      "ndcg_at_1": 1.0,
      "recall_at_5": 1.0,
      "ndcg_at_5": 1.0,
      "recall_at_10": 1.0,
      "ndcg_at_10": 1.0,
      "precision_at_5": 0.19999999999999996,
      "mrr_at_10": 1.0,
      "n_queries": 10137
    },
    "missing_firstname": {
      "recall_at_1": 0.981651376146789,
      "ndcg_at_1": 0.981651376146789,
      "recall_at_5": 0.981651376146789,
      "ndcg_at_5": 0.981651376146789,
      "recall_at_10": 0.981651376146789,
      "ndcg_at_10": 0.981651376146789,
      "precision_at_5": 0.19633027522935778,
      "mrr_at_10": 0.981651376146789,
      "n_queries": 10137
    },
    "missing_email_company": {
      "recall_at_1": 0.34457926408207556,
      "ndcg_at_1": 0.34457926408207556,
      "recall_at_5": 0.5815329979283812,
      "ndcg_at_5": 0.4711029555793254,
      "recall_at_10": 0.6548288448258853,
      "ndcg_at_10": 0.49495476159890345,
      "precision_at_5": 0.11630659958567624,
      "mrr_at_10": 0.4442556812932663,
      "n_queries": 10137
    },
    "typo_name": {
      "recall_at_1": 0.988556772220578,
      "ndcg_at_1": 0.988556772220578,
      "recall_at_5": 0.988556772220578,
      "ndcg_at_5": 0.988556772220578,
      "recall_at_10": 0.988556772220578,
      "ndcg_at_10": 0.988556772220578,
      "precision_at_5": 0.1977113544441156,
      "mrr_at_10": 0.988556772220578,
      "n_queries": 10137
    },
    "domain_mismatch": {
      "recall_at_1": 0.9999013514846602,
      "ndcg_at_1": 0.9999013514846602,
      "recall_at_5": 1.0,
      "ndcg_at_5": 0.9999635917681338,
      "recall_at_10": 1.0,
      "ndcg_at_10": 0.9999635917681338,
      "precision_at_5": 0.19999999999999996,
      "mrr_at_10": 0.9999506757423301,
      "n_queries": 10137
    },
    "swapped_attributes": {
      "recall_at_1": 0.9999013514846602,
      "ndcg_at_1": 0.9999013514846602,
      "recall_at_5": 1.0,
      "ndcg_at_5": 0.9999635917681338,
      "recall_at_10": 1.0,
      "ndcg_at_10": 0.9999635917681338,
      "precision_at_5": 0.19999999999999996,
      "mrr_at_10": 0.9999506757423301,
      "n_queries": 10137
    }
  },
  "latency_ms": {
    "p50": 18.226263833639678,
    "p95": 20.721296291352093,
    "p99": 23.555546333348804,
    "n_queries": 6000
  },
  "per_bucket_latency_ms": {
    "pristine": {
      "p50": 18.385521005257033,
      "p95": 20.665410455694655,
      "p99": 22.762055421917466,
      "n_queries": 1000
    },
    "missing_firstname": {
      "p50": 18.80095850356156,
      "p95": 20.90020175673999,
      "p99": 22.485071491391864,
      "n_queries": 1000
    },
    "missing_email_company": {
      "p50": 16.08247849799227,
      "p95": 18.80138398919371,
      "p99": 20.163081999489805,
      "n_queries": 1000
    },
    "typo_name": {
      "p50": 18.618978996528313,
      "p95": 20.897069351485698,
      "p99": 23.34604909119662,
      "n_queries": 1000
    },
    "domain_mismatch": {
      "p50": 18.96912499796599,
      "p95": 20.733950350404484,
      "p99": 22.609216993005244,
      "n_queries": 1000
    },
    "swapped_attributes": {
      "p50": 18.5005210005329,
      "p95": 22.32976184459403,
      "p99": 29.967803003091827,
      "n_queries": 1000
    }
  },
  "index_size_mb": 428.51
}