{
  "experiment_id": "bge_small_base_256_binary",
  "model": "bge_small",
  "serialization": "pipe",
  "mode": "zero_shot",
  "quantization": "binary",
  "dims": 384,
  "index_size": 1000050,
  "timestamp": "2026-03-09T02:28:58.734425+00:00",
  "overall": {
    "recall_at_1": 0.8391535957383841,
    "ndcg_at_1": 0.8391535957383841,
    "recall_at_5": 0.89033573378054,
    "ndcg_at_5": 0.8665057142037899,
    "recall_at_10": 0.9069086843576337,
    "ndcg_at_10": 0.8719251531927579,
    "precision_at_5": 0.17806714675610802,
    "mrr_at_10": 0.860837028738035
  },
  "per_bucket": {
    "pristine": {
      "recall_at_1": 1.0,
      "ndcg_at_1": 1.0,
      "recall_at_5": 1.0,
      "ndcg_at_5": 1.0,
      "recall_at_10": 1.0,
      "ndcg_at_10": 1.0,
      "precision_at_5": 0.19999999999999996,
      "mrr_at_10": 1.0,
      "n_queries": 10137
    },
    "missing_firstname": {
      "recall_at_1": 0.8984906777153003,
      "ndcg_at_1": 0.8984906777153003,
      "recall_at_5": 0.9003649995067574,
      "ndcg_at_5": 0.8996104171955022,
      "recall_at_10": 0.9003649995067574,
      "ndcg_at_10": 0.8996104171955022,
      "precision_at_5": 0.18007299990135145,
      "mrr_at_10": 0.8993489197987571,
      "n_queries": 10137
    },
    "missing_email_company": {
      "recall_at_1": 0.30018743217914573,
      "ndcg_at_1": 0.30018743217914573,
      "recall_at_5": 0.552530334418467,
      "ndcg_at_5": 0.4331254348036776,
      "recall_at_10": 0.6444707507152018,
      "ndcg_at_10": 0.46319074955325273,
      "precision_at_5": 0.11050606688369338,
      "mrr_at_10": 0.40611014028445225,
      "n_queries": 10137
    },
    "typo_name": {
      "recall_at_1": 0.9568905987964881,
      "ndcg_at_1": 0.9568905987964881,
      "recall_at_5": 0.9592581631646444,
      "ndcg_at_5": 0.9582630369362191,
      "recall_at_10": 0.9593568116799842,
      "ndcg_at_10": 0.9582981762463806,
      "precision_at_5": 0.19185163263292884,
      "mrr_at_10": 0.9579379172010128,
      "n_queries": 10137
    },
    "domain_mismatch": {
      "recall_at_1": 0.8794515142547105,
      "ndcg_at_1": 0.8794515142547105,
      "recall_at_5": 0.9299595541087107,
      "ndcg_at_5": 0.9081340448026806,
      "recall_at_10": 0.937358192759199,
      "ndcg_at_10": 0.9105502246767513,
      "precision_at_5": 0.18599191082174213,
      "mrr_at_10": 0.9017238436593275,
      "n_queries": 10137
    },
    "swapped_attributes": {
      "recall_at_1": 0.9999013514846602,
      "ndcg_at_1": 0.9999013514846602,
      "recall_at_5": 0.9999013514846602,
      "ndcg_at_5": 0.9999013514846602,
      "recall_at_10": 0.9999013514846602,
      "ndcg_at_10": 0.9999013514846602,
      "precision_at_5": 0.19998027029693202,
      "mrr_at_10": 0.9999013514846602,
      "n_queries": 10137
    }
  },
  "latency_ms": {
    "p50": 10.213159749885866,
    "p95": 13.033691366581479,
    "p99": 14.553321141550741,
    "n_queries": 6000
  },
  "per_bucket_latency_ms": {
    "pristine": {
      "p50": 10.004562500398606,
      "p95": 12.920652399043318,
      "p99": 14.45261574233882,
      "n_queries": 1000
    },
    "missing_firstname": {
      "p50": 10.328728996682912,
      "p95": 13.402035096805776,
      "p99": 14.610001751134403,
      "n_queries": 1000
    },
    "missing_email_company": {
      "p50": 9.785604503122158,
      "p95": 12.565681558044162,
      "p99": 14.297939999669323,
      "n_queries": 1000
    },
    "typo_name": {
      "p50": 10.212062501523178,
      "p95": 13.07278569729533,
      "p99": 14.446503517392557,
      "n_queries": 1000
    },
    "domain_mismatch": {
      "p50": 10.499833500944078,
      "p95": 13.118033347564051,
      "p99": 15.10559750269749,
      "n_queries": 1000
    },
    "swapped_attributes": {
      "p50": 10.448166496644262,
      "p95": 13.122960100736234,
      "p99": 14.407268336071866,
      "n_queries": 1000
    }
  },
  "index_size_mb": 1176.6
}