{
  "experiment_id": "bge_small_base_128_int8",
  "model": "bge_small",
  "serialization": "pipe",
  "mode": "zero_shot",
  "quantization": "int8",
  "dims": 384,
  "index_size": 1000050,
  "timestamp": "2026-03-09T02:37:28.178202+00:00",
  "overall": {
    "recall_at_1": 0.840107198053336,
    "ndcg_at_1": 0.840107198053336,
    "recall_at_5": 0.8863240274900529,
    "ndcg_at_5": 0.8649379447519931,
    "recall_at_10": 0.9021242313636513,
    "ndcg_at_10": 0.8700574609485299,
    "precision_at_5": 0.17726480549801063,
    "mrr_at_10": 0.859919271326739
  },
  "per_bucket": {
    "pristine": {
      "recall_at_1": 1.0,
      "ndcg_at_1": 1.0,
      "recall_at_5": 1.0,
      "ndcg_at_5": 1.0,
      "recall_at_10": 1.0,
      "ndcg_at_10": 1.0,
      "precision_at_5": 0.19999999999999996,
      "mrr_at_10": 1.0,
      "n_queries": 10137
    },
    "missing_firstname": {
      "recall_at_1": 0.9108217421327809,
      "ndcg_at_1": 0.9108217421327809,
      "recall_at_5": 0.9124001183782184,
      "ndcg_at_5": 0.9117332518589116,
      "recall_at_10": 0.9124987668935582,
      "ndcg_at_10": 0.9117617676748649,
      "precision_at_5": 0.18248002367564364,
      "mrr_at_10": 0.9115139258820821,
      "n_queries": 10137
    },
    "missing_email_company": {
      "recall_at_1": 0.27572260037486435,
      "ndcg_at_1": 0.27572260037486435,
      "recall_at_5": 0.5147479530433067,
      "ndcg_at_5": 0.4030426364475138,
      "recall_at_10": 0.603137022787807,
      "ndcg_at_10": 0.43170147000727854,
      "precision_at_5": 0.10294959060866134,
      "mrr_at_10": 0.3777291581523603,
      "n_queries": 10137
    },
    "typo_name": {
      "recall_at_1": 0.95570681661241,
      "ndcg_at_1": 0.95570681661241,
      "recall_at_5": 0.958863569103285,
      "ndcg_at_5": 0.9575075124595093,
      "recall_at_10": 0.9592581631646444,
      "ndcg_at_10": 0.9576325662400238,
      "precision_at_5": 0.191772713820657,
      "mrr_at_10": 0.957095411904527,
      "n_queries": 10137
    },
    "domain_mismatch": {
      "recall_at_1": 0.89878662326132,
      "ndcg_at_1": 0.89878662326132,
      "recall_at_5": 0.9323271184768669,
      "ndcg_at_5": 0.9177388618073835,
      "recall_at_10": 0.9382460293972575,
      "ndcg_at_10": 0.919643555830371,
      "precision_at_5": 0.18646542369537336,
      "mrr_at_10": 0.913571726082824,
      "n_queries": 10137
    },
    "swapped_attributes": {
      "recall_at_1": 0.9996054059386407,
      "ndcg_at_1": 0.9996054059386407,
      "recall_at_5": 0.9996054059386407,
      "ndcg_at_5": 0.9996054059386407,
      "recall_at_10": 0.9996054059386407,
      "ndcg_at_10": 0.9996054059386407,
      "precision_at_5": 0.19992108118772808,
      "mrr_at_10": 0.9996054059386407,
      "n_queries": 10137
    }
  },
  "latency_ms": {
    "p50": 10.261246499188323,
    "p95": 13.00484146583282,
    "p99": 14.501197237623273,
    "n_queries": 6000
  },
  "per_bucket_latency_ms": {
    "pristine": {
      "p50": 10.026208503404632,
      "p95": 12.824241948692361,
      "p99": 14.342178756633075,
      "n_queries": 1000
    },
    "missing_firstname": {
      "p50": 10.497853996639606,
      "p95": 13.29757915518712,
      "p99": 15.494693675573215,
      "n_queries": 1000
    },
    "missing_email_company": {
      "p50": 9.949332998075988,
      "p95": 12.570941710146144,
      "p99": 14.134147833974566,
      "n_queries": 1000
    },
    "typo_name": {
      "p50": 10.299979003320914,
      "p95": 13.078224990749732,
      "p99": 14.622909493918996,
      "n_queries": 1000
    },
    "domain_mismatch": {
      "p50": 10.446833497553598,
      "p95": 13.194073195336387,
      "p99": 14.284014914737782,
      "n_queries": 1000
    },
    "swapped_attributes": {
      "p50": 10.347270996135194,
      "p95": 13.063987794885177,
      "p99": 14.129238750902005,
      "n_queries": 1000
    }
  },
  "index_size_mb": 688.05
}