{
  "experiment_id": "bge_small_base_256_int8",
  "model": "bge_small",
  "serialization": "pipe",
  "mode": "zero_shot",
  "quantization": "int8",
  "dims": 384,
  "index_size": 1000050,
  "timestamp": "2026-03-09T02:24:30.062003+00:00",
  "overall": {
    "recall_at_1": 0.8511887146098451,
    "ndcg_at_1": 0.8511887146098451,
    "recall_at_5": 0.9004800894413206,
    "ndcg_at_5": 0.8777074285751523,
    "recall_at_10": 0.914521061458025,
    "ndcg_at_10": 0.8822865591983396,
    "precision_at_5": 0.18009601788826413,
    "mrr_at_10": 0.8720153604611531
  },
  "per_bucket": {
    "pristine": {
      "recall_at_1": 1.0,
      "ndcg_at_1": 1.0,
      "recall_at_5": 1.0,
      "ndcg_at_5": 1.0,
      "recall_at_10": 1.0,
      "ndcg_at_10": 1.0,
      "precision_at_5": 0.19999999999999996,
      "mrr_at_10": 1.0,
      "n_queries": 10137
    },
    "missing_firstname": {
      "recall_at_1": 0.9015487816908355,
      "ndcg_at_1": 0.9015487816908355,
      "recall_at_5": 0.9035217519976324,
      "ndcg_at_5": 0.9027221685766641,
      "recall_at_10": 0.9035217519976324,
      "ndcg_at_10": 0.9027221685766641,
      "precision_at_5": 0.18070435039952645,
      "mrr_at_10": 0.9024448390385057,
      "n_queries": 10137
    },
    "missing_email_company": {
      "recall_at_1": 0.33402387294071223,
      "ndcg_at_1": 0.33402387294071223,
      "recall_at_5": 0.5945546019532406,
      "ndcg_at_5": 0.4729243862061838,
      "recall_at_10": 0.6748544934398737,
      "ndcg_at_10": 0.49910683790933447,
      "precision_at_5": 0.11891092039064813,
      "mrr_at_10": 0.44334545300807515,
      "n_queries": 10137
    },
    "typo_name": {
      "recall_at_1": 0.9603432968333827,
      "ndcg_at_1": 0.9603432968333827,
      "recall_at_5": 0.9614284305021209,
      "ndcg_at_5": 0.9609324433395644,
      "recall_at_10": 0.9615270790174608,
      "ndcg_at_10": 0.9609609591555178,
      "precision_at_5": 0.19228568610042418,
      "mrr_at_10": 0.9607757061589556,
      "n_queries": 10137
    },
    "domain_mismatch": {
      "recall_at_1": 0.9112163361941403,
      "ndcg_at_1": 0.9112163361941403,
      "recall_at_5": 0.9433757521949294,
      "ndcg_at_5": 0.9296655733285016,
      "recall_at_10": 0.9472230442931834,
      "ndcg_at_10": 0.9309293895485221,
      "precision_at_5": 0.1886751504389859,
      "mrr_at_10": 0.925526164561382,
      "n_queries": 10137
    },
    "swapped_attributes": {
      "recall_at_1": 1.0,
      "ndcg_at_1": 1.0,
      "recall_at_5": 1.0,
      "ndcg_at_5": 1.0,
      "recall_at_10": 1.0,
      "ndcg_at_10": 1.0,
      "precision_at_5": 0.19999999999999996,
      "mrr_at_10": 1.0,
      "n_queries": 10137
    }
  },
  "latency_ms": {
    "p50": 10.430947832598273,
    "p95": 13.185176527743655,
    "p99": 14.763989218360317,
    "n_queries": 6000
  },
  "per_bucket_latency_ms": {
    "pristine": {
      "p50": 10.312958002032246,
      "p95": 13.148302053014048,
      "p99": 14.534218652843265,
      "n_queries": 1000
    },
    "missing_firstname": {
      "p50": 10.499416501261294,
      "p95": 13.36964795991662,
      "p99": 14.92448501070612,
      "n_queries": 1000
    },
    "missing_email_company": {
      "p50": 9.827562498685438,
      "p95": 12.601828557671979,
      "p99": 14.478286914527416,
      "n_queries": 1000
    },
    "typo_name": {
      "p50": 10.322854504920542,
      "p95": 13.25401009307825,
      "p99": 14.565070993994595,
      "n_queries": 1000
    },
    "domain_mismatch": {
      "p50": 10.976520490658004,
      "p95": 13.743392007745566,
      "p99": 15.67445716704242,
      "n_queries": 1000
    },
    "swapped_attributes": {
      "p50": 10.646374998032115,
      "p95": 12.99387849503546,
      "p99": 14.407416571048088,
      "n_queries": 1000
    }
  },
  "index_size_mb": 1207.12
}