{
  "experiment_id": "bge_small_base_384_int8",
  "model": "bge_small",
  "serialization": "pipe",
  "mode": "zero_shot",
  "quantization": "int8",
  "dims": 384,
  "index_size": 1000050,
  "timestamp": "2026-03-09T02:10:36.232860+00:00",
  "overall": {
    "recall_at_1": 0.8545427641313998,
    "ndcg_at_1": 0.8545427641313998,
    "recall_at_5": 0.9038834632205452,
    "ndcg_at_5": 0.8810566610355816,
    "recall_at_10": 0.9174147512413271,
    "ndcg_at_10": 0.8854759125633735,
    "precision_at_5": 0.18077669264410906,
    "mrr_at_10": 0.8752870202041555
  },
  "per_bucket": {
    "pristine": {
      "recall_at_1": 1.0,
      "ndcg_at_1": 1.0,
      "recall_at_5": 1.0,
      "ndcg_at_5": 1.0,
      "recall_at_10": 1.0,
      "ndcg_at_10": 1.0,
      "precision_at_5": 0.19999999999999996,
      "mrr_at_10": 1.0,
      "n_queries": 10137
    },
    "missing_firstname": {
      "recall_at_1": 0.8988852717766598,
      "ndcg_at_1": 0.8988852717766598,
      "recall_at_5": 0.9004636480220972,
      "ndcg_at_5": 0.8998243677776203,
      "recall_at_10": 0.9005622965374371,
      "ndcg_at_10": 0.8998572506160669,
      "precision_at_5": 0.18009272960441944,
      "mrr_at_10": 0.8996178544417668,
      "n_queries": 10137
    },
    "missing_email_company": {
      "recall_at_1": 0.3504981750024662,
      "ndcg_at_1": 0.3504981750024662,
      "recall_at_5": 0.6154680872052876,
      "ndcg_at_5": 0.4918814357042885,
      "recall_at_10": 0.694288250961823,
      "ndcg_at_10": 0.5176170718105989,
      "precision_at_5": 0.12309361744105751,
      "mrr_at_10": 0.4614851925446777,
      "n_queries": 10137
    },
    "typo_name": {
      "recall_at_1": 0.9613297819867811,
      "ndcg_at_1": 0.9613297819867811,
      "recall_at_5": 0.9624149156555194,
      "ndcg_at_5": 0.9619817543987585,
      "recall_at_10": 0.9625135641708592,
      "ndcg_at_10": 0.9620146372372053,
      "precision_at_5": 0.19248298313110385,
      "mrr_at_10": 0.9618453379181405,
      "n_queries": 10137
    },
    "domain_mismatch": {
      "recall_at_1": 0.9165433560224918,
      "ndcg_at_1": 0.9165433560224918,
      "recall_at_5": 0.944954128440367,
      "ndcg_at_5": 0.9326524083328217,
      "recall_at_10": 0.9471243957778436,
      "ndcg_at_10": 0.9333665157163709,
      "precision_at_5": 0.18899082568807338,
      "mrr_at_10": 0.9287737363203475,
      "n_queries": 10137
    },
    "swapped_attributes": {
      "recall_at_1": 1.0,
      "ndcg_at_1": 1.0,
      "recall_at_5": 1.0,
      "ndcg_at_5": 1.0,
      "recall_at_10": 1.0,
      "ndcg_at_10": 1.0,
      "precision_at_5": 0.19999999999999996,
      "mrr_at_10": 1.0,
      "n_queries": 10137
    }
  },
  "latency_ms": {
    "p50": 10.549333415838191,
    "p95": 13.505765168277625,
    "p99": 15.360337931803466,
    "n_queries": 6000
  },
  "per_bucket_latency_ms": {
    "pristine": {
      "p50": 10.545813005592208,
      "p95": 13.606750352482777,
      "p99": 15.9857394847495,
      "n_queries": 1000
    },
    "missing_firstname": {
      "p50": 10.51683349214727,
      "p95": 13.699389294197317,
      "p99": 15.098750752222259,
      "n_queries": 1000
    },
    "missing_email_company": {
      "p50": 9.97037499473663,
      "p95": 13.14996940564015,
      "p99": 14.865720188390693,
      "n_queries": 1000
    },
    "typo_name": {
      "p50": 10.552728999755345,
      "p95": 13.709491695772156,
      "p99": 16.27987058207509,
      "n_queries": 1000
    },
    "domain_mismatch": {
      "p50": 11.050250002881512,
      "p95": 13.3009521101485,
      "p99": 14.881115737662185,
      "n_queries": 1000
    },
    "swapped_attributes": {
      "p50": 10.659999999916181,
      "p95": 13.568038151424844,
      "p99": 15.050830845721064,
      "n_queries": 1000
    }
  },
  "index_size_mb": 1726.19
}