{
  "experiment_id": "bge_small_base_384_binary",
  "model": "bge_small",
  "serialization": "pipe",
  "mode": "zero_shot",
  "quantization": "binary",
  "dims": 384,
  "index_size": 1000050,
  "timestamp": "2026-03-09T02:15:26.575967+00:00",
  "overall": {
    "recall_at_1": 0.8462398474236296,
    "ndcg_at_1": 0.8462398474236296,
    "recall_at_5": 0.8969451843083095,
    "ndcg_at_5": 0.8736310909833234,
    "recall_at_10": 0.9124494426358883,
    "ndcg_at_10": 0.8787035814842001,
    "precision_at_5": 0.17938903686166188,
    "mrr_at_10": 0.867961297943048
  },
  "per_bucket": {
    "pristine": {
      "recall_at_1": 1.0,
      "ndcg_at_1": 1.0,
      "recall_at_5": 1.0,
      "ndcg_at_5": 1.0,
      "recall_at_10": 1.0,
      "ndcg_at_10": 1.0,
      "precision_at_5": 0.19999999999999996,
      "mrr_at_10": 1.0,
      "n_queries": 10137
    },
    "missing_firstname": {
      "recall_at_1": 0.894347440071027,
      "ndcg_at_1": 0.894347440071027,
      "recall_at_5": 0.8960244648318043,
      "ndcg_at_5": 0.8953857702096496,
      "recall_at_10": 0.8961231133471441,
      "ndcg_at_10": 0.8954186530480961,
      "precision_at_5": 0.17920489296636086,
      "mrr_at_10": 0.8951753829676292,
      "n_queries": 10137
    },
    "missing_email_company": {
      "recall_at_1": 0.3314590115418763,
      "ndcg_at_1": 0.3314590115418763,
      "recall_at_5": 0.5901154187629476,
      "ndcg_at_5": 0.4697321652049572,
      "recall_at_10": 0.6774193548387096,
      "ndcg_at_10": 0.4982994867609986,
      "precision_at_5": 0.11802308375258953,
      "mrr_at_10": 0.4415817976264854,
      "n_queries": 10137
    },
    "typo_name": {
      "recall_at_1": 0.957581138403867,
      "ndcg_at_1": 0.957581138403867,
      "recall_at_5": 0.9590608661339647,
      "ndcg_at_5": 0.9584562398981314,
      "recall_at_10": 0.9593568116799842,
      "ndcg_at_10": 0.9585553821884766,
      "precision_at_5": 0.1918121732267929,
      "mrr_at_10": 0.9582898810111002,
      "n_queries": 10137
    },
    "domain_mismatch": {
      "recall_at_1": 0.8940514945250074,
      "ndcg_at_1": 0.8940514945250074,
      "recall_at_5": 0.9364703561211404,
      "ndcg_at_5": 0.9182123705872016,
      "recall_at_10": 0.941797375949492,
      "ndcg_at_10": 0.9199479669076291,
      "precision_at_5": 0.18729407122422806,
      "mrr_at_10": 0.9127207260530729,
      "n_queries": 10137
    },
    "swapped_attributes": {
      "recall_at_1": 1.0,
      "ndcg_at_1": 1.0,
      "recall_at_5": 1.0,
      "ndcg_at_5": 1.0,
      "recall_at_10": 1.0,
      "ndcg_at_10": 1.0,
      "precision_at_5": 0.19999999999999996,
      "mrr_at_10": 1.0,
      "n_queries": 10137
    }
  },
  "latency_ms": {
    "p50": 10.366440916792877,
    "p95": 13.082275908527663,
    "p99": 14.42816614942179,
    "n_queries": 6000
  },
  "per_bucket_latency_ms": {
    "pristine": {
      "p50": 10.354395504691638,
      "p95": 13.098033343703715,
      "p99": 14.847316668601707,
      "n_queries": 1000
    },
    "missing_firstname": {
      "p50": 10.31808299740078,
      "p95": 13.459900000452762,
      "p99": 15.020348018297227,
      "n_queries": 1000
    },
    "missing_email_company": {
      "p50": 9.629729502194095,
      "p95": 12.713759010512149,
      "p99": 14.37760058513959,
      "n_queries": 1000
    },
    "typo_name": {
      "p50": 10.647103998053353,
      "p95": 12.730929504323285,
      "p99": 13.991428937006276,
      "n_queries": 1000
    },
    "domain_mismatch": {
      "p50": 10.824375000083819,
      "p95": 13.36649790391675,
      "p99": 14.262591334409079,
      "n_queries": 1000
    },
    "swapped_attributes": {
      "p50": 10.42495849833358,
      "p95": 13.12453568825731,
      "p99": 14.069711353076853,
      "n_queries": 1000
    }
  },
  "index_size_mb": 1680.41
}