{
  "experiment_id": "bge_small_ft_384_fp32",
  "model": "bge_small",
  "serialization": "pipe",
  "mode": "fine_tuned",
  "quantization": "fp32",
  "dims": 384,
  "index_size": 1000050,
  "timestamp": "2026-03-09T03:00:23.397024+00:00",
  "overall": {
    "recall_at_1": 0.8815560159152938,
    "ndcg_at_1": 0.8815560159152938,
    "recall_at_5": 0.9193055144520075,
    "ndcg_at_5": 0.9018399572420157,
    "recall_at_10": 0.9317023445463812,
    "ndcg_at_10": 0.90586736182259,
    "precision_at_5": 0.18386110289040153,
    "mrr_at_10": 0.8976784846544145
  },
  "per_bucket": {
    "pristine": {
      "recall_at_1": 1.0,
      "ndcg_at_1": 1.0,
      "recall_at_5": 1.0,
      "ndcg_at_5": 1.0,
      "recall_at_10": 1.0,
      "ndcg_at_10": 1.0,
      "precision_at_5": 0.19999999999999996,
      "mrr_at_10": 1.0,
      "n_queries": 10137
    },
    "missing_firstname": {
      "recall_at_1": 0.9819473216928085,
      "ndcg_at_1": 0.9819473216928085,
      "recall_at_5": 0.982243267238828,
      "ndcg_at_5": 0.9821340425432291,
      "recall_at_10": 0.982243267238828,
      "ndcg_at_10": 0.9821340425432291,
      "precision_at_5": 0.19644865344776558,
      "mrr_at_10": 0.9820952944658183,
      "n_queries": 10137
    },
    "missing_email_company": {
      "recall_at_1": 0.3260333431981849,
      "ndcg_at_1": 0.3260333431981849,
      "recall_at_5": 0.5517411462957482,
      "ndcg_at_5": 0.4472390688907275,
      "recall_at_10": 0.6261221268619908,
      "ndcg_at_10": 0.4714034963741731,
      "precision_at_5": 0.11034822925914964,
      "mrr_at_10": 0.42237356157154915,
      "n_queries": 10137
    },
    "typo_name": {
      "recall_at_1": 0.9813554306007695,
      "ndcg_at_1": 0.9813554306007695,
      "recall_at_5": 0.9818486731774687,
      "ndcg_at_5": 0.9816666320181372,
      "recall_at_10": 0.9818486731774687,
      "ndcg_at_10": 0.9816666320181372,
      "precision_at_5": 0.19636973463549373,
      "mrr_at_10": 0.9816020518891191,
      "n_queries": 10137
    },
    "domain_mismatch": {
      "recall_at_1": 1.0,
      "ndcg_at_1": 1.0,
      "recall_at_5": 1.0,
      "ndcg_at_5": 1.0,
      "recall_at_10": 1.0,
      "ndcg_at_10": 1.0,
      "precision_at_5": 0.19999999999999996,
      "mrr_at_10": 1.0,
      "n_queries": 10137
    },
    "swapped_attributes": {
      "recall_at_1": 1.0,
      "ndcg_at_1": 1.0,
      "recall_at_5": 1.0,
      "ndcg_at_5": 1.0,
      "recall_at_10": 1.0,
      "ndcg_at_10": 1.0,
      "precision_at_5": 0.19999999999999996,
      "mrr_at_10": 1.0,
      "n_queries": 10137
    }
  },
  "latency_ms": {
    "p50": 17.910493000575418,
    "p95": 19.622763355558465,
    "p99": 20.516017441671767,
    "n_queries": 6000
  },
  "per_bucket_latency_ms": {
    "pristine": {
      "p50": 18.027499500021804,
      "p95": 19.734758651611628,
      "p99": 20.558407993376022,
      "n_queries": 1000
    },
    "missing_firstname": {
      "p50": 18.328854494029656,
      "p95": 20.1574163591431,
      "p99": 21.117529912153252,
      "n_queries": 1000
    },
    "missing_email_company": {
      "p50": 15.299604005122092,
      "p95": 17.72234404925257,
      "p99": 18.910898342728615,
      "n_queries": 1000
    },
    "typo_name": {
      "p50": 18.401666500722058,
      "p95": 19.938627412193455,
      "p99": 20.960183755960315,
      "n_queries": 1000
    },
    "domain_mismatch": {
      "p50": 18.556187504145782,
      "p95": 20.05125030846102,
      "p99": 20.833377315138932,
      "n_queries": 1000
    },
    "swapped_attributes": {
      "p50": 18.84914599941112,
      "p95": 20.132183352689026,
      "p99": 20.715707330673467,
      "n_queries": 1000
    }
  },
  "index_size_mb": 1657.52
}