{
  "experiment_id": "bge_small_ft_64_fp32",
  "model": "bge_small",
  "serialization": "pipe",
  "mode": "fine_tuned",
  "quantization": "fp32",
  "dims": 384,
  "index_size": 1000050,
  "timestamp": "2026-03-09T03:50:57.951705+00:00",
  "overall": {
    "recall_at_1": 0.8429022393212983,
    "ndcg_at_1": 0.8429022393212983,
    "recall_at_5": 0.8800434053467495,
    "ndcg_at_5": 0.8627886824407052,
    "recall_at_10": 0.8941994672980171,
    "ndcg_at_10": 0.8673831441969719,
    "precision_at_5": 0.17600868106934991,
    "mrr_at_10": 0.8589448171166135
  },
  "per_bucket": {
    "pristine": {
      "recall_at_1": 0.9992108118772812,
      "ndcg_at_1": 0.9992108118772812,
      "recall_at_5": 1.0,
      "ndcg_at_5": 0.9997087341450696,
      "recall_at_10": 1.0,
      "ndcg_at_10": 0.9997087341450696,
      "precision_at_5": 0.19999999999999996,
      "mrr_at_10": 0.9996054059386407,
      "n_queries": 10137
    },
    "missing_firstname": {
      "recall_at_1": 0.9559041136430897,
      "ndcg_at_1": 0.9559041136430897,
      "recall_at_5": 0.977804084048535,
      "ndcg_at_5": 0.9685825675408486,
      "recall_at_10": 0.9797770543553319,
      "ndcg_at_10": 0.9692397892134276,
      "precision_at_5": 0.19556081680970697,
      "mrr_at_10": 0.9657082102184205,
      "n_queries": 10137
    },
    "missing_email_company": {
      "recall_at_1": 0.15053763440860216,
      "ndcg_at_1": 0.15053763440860216,
      "recall_at_5": 0.3210022689158528,
      "ndcg_at_5": 0.23943707319931648,
      "recall_at_10": 0.4008089178257867,
      "ndcg_at_10": 0.26529744188627247,
      "precision_at_5": 0.06420045378317057,
      "mrr_at_10": 0.22316901309206724,
      "n_queries": 10137
    },
    "typo_name": {
      "recall_at_1": 0.9595541087106639,
      "ndcg_at_1": 0.9595541087106639,
      "recall_at_5": 0.9815527276314492,
      "ndcg_at_5": 0.9720136291435487,
      "recall_at_10": 0.9846108316069843,
      "ndcg_at_10": 0.9730342935056611,
      "precision_at_5": 0.19631054552628982,
      "mrr_at_10": 0.9692127770183407,
      "n_queries": 10137
    },
    "domain_mismatch": {
      "recall_at_1": 0.9939824405642695,
      "ndcg_at_1": 0.9939824405642695,
      "recall_at_5": 1.0,
      "ndcg_at_5": 0.9977205950983176,
      "recall_at_10": 1.0,
      "ndcg_at_10": 0.9977205950983176,
      "precision_at_5": 0.19999999999999996,
      "mrr_at_10": 0.9969172338956299,
      "n_queries": 10137
    },
    "swapped_attributes": {
      "recall_at_1": 0.9982243267238828,
      "ndcg_at_1": 0.9982243267238828,
      "recall_at_5": 0.9999013514846602,
      "ndcg_at_5": 0.9992694955171297,
      "recall_at_10": 1.0,
      "ndcg_at_10": 0.9992980113330828,
      "precision_at_5": 0.19998027029693202,
      "mrr_at_10": 0.9990562625365823,
      "n_queries": 10137
    }
  },
  "latency_ms": {
    "p50": 18.441517332879204,
    "p95": 20.928826039744308,
    "p99": 25.012543329794426,
    "n_queries": 6000
  },
  "per_bucket_latency_ms": {
    "pristine": {
      "p50": 18.696166996960528,
      "p95": 20.530010748188943,
      "p99": 23.469962917151857,
      "n_queries": 1000
    },
    "missing_firstname": {
      "p50": 18.648229000973515,
      "p95": 21.50947289483156,
      "p99": 25.059961154911434,
      "n_queries": 1000
    },
    "missing_email_company": {
      "p50": 15.901104001386557,
      "p95": 18.962354200630216,
      "p99": 26.49438624604954,
      "n_queries": 1000
    },
    "typo_name": {
      "p50": 18.882291507907212,
      "p95": 20.898527053941507,
      "p99": 25.812306677398734,
      "n_queries": 1000
    },
    "domain_mismatch": {
      "p50": 19.53562499693362,
      "p95": 22.821043740259483,
      "p99": 26.51526531961281,
      "n_queries": 1000
    },
    "swapped_attributes": {
      "p50": 18.9856874931138,
      "p95": 20.85154760061414,
      "p99": 22.723377663642168,
      "n_queries": 1000
    }
  },
  "index_size_mb": 417.07
}