{
  "experiment_id": "bge_small_ft_384_binary",
  "model": "bge_small",
  "serialization": "pipe",
  "mode": "fine_tuned",
  "quantization": "binary",
  "dims": 384,
  "index_size": 1000050,
  "timestamp": "2026-03-09T03:12:57.036147+00:00",
  "overall": {
    "recall_at_1": 0.8896945184308309,
    "ndcg_at_1": 0.8896945184308309,
    "recall_at_5": 0.928693564828516,
    "ndcg_at_5": 0.9108016986681388,
    "recall_at_10": 0.9403998553155108,
    "ndcg_at_10": 0.9146111975768269,
    "precision_at_5": 0.1857387129657032,
    "mrr_at_10": 0.9063999790176174
  },
  "per_bucket": {
    "pristine": {
      "recall_at_1": 1.0,
      "ndcg_at_1": 1.0,
      "recall_at_5": 1.0,
      "ndcg_at_5": 1.0,
      "recall_at_10": 1.0,
      "ndcg_at_10": 1.0,
      "precision_at_5": 0.19999999999999996,
      "mrr_at_10": 1.0,
      "n_queries": 10137
    },
    "missing_firstname": {
      "recall_at_1": 0.9844135345763046,
      "ndcg_at_1": 0.9844135345763046,
      "recall_at_5": 0.9844135345763046,
      "ndcg_at_5": 0.9844135345763046,
      "recall_at_10": 0.9844135345763046,
      "ndcg_at_10": 0.9844135345763046,
      "precision_at_5": 0.19688270691526089,
      "mrr_at_10": 0.9844135345763046,
      "n_queries": 10137
    },
    "missing_email_company": {
      "recall_at_1": 0.3678603137022788,
      "ndcg_at_1": 0.3678603137022788,
      "recall_at_5": 0.6018545920883891,
      "ndcg_at_5": 0.4945033951261258,
      "recall_at_10": 0.6720923350103581,
      "ndcg_at_10": 0.5173603885782543,
      "precision_at_5": 0.12037091841767782,
      "mrr_at_10": 0.46809307722299726,
      "n_queries": 10137
    },
    "typo_name": {
      "recall_at_1": 0.9858932623064023,
      "ndcg_at_1": 0.9858932623064023,
      "recall_at_5": 0.9858932623064023,
      "ndcg_at_5": 0.9858932623064023,
      "recall_at_10": 0.9858932623064023,
      "ndcg_at_10": 0.9858932623064023,
      "precision_at_5": 0.19717865246128044,
      "mrr_at_10": 0.9858932623064023,
      "n_queries": 10137
    },
    "domain_mismatch": {
      "recall_at_1": 1.0,
      "ndcg_at_1": 1.0,
      "recall_at_5": 1.0,
      "ndcg_at_5": 1.0,
      "recall_at_10": 1.0,
      "ndcg_at_10": 1.0,
      "precision_at_5": 0.19999999999999996,
      "mrr_at_10": 1.0,
      "n_queries": 10137
    },
    "swapped_attributes": {
      "recall_at_1": 1.0,
      "ndcg_at_1": 1.0,
      "recall_at_5": 1.0,
      "ndcg_at_5": 1.0,
      "recall_at_10": 1.0,
      "ndcg_at_10": 1.0,
      "precision_at_5": 0.19999999999999996,
      "mrr_at_10": 1.0,
      "n_queries": 10137
    }
  },
  "latency_ms": {
    "p50": 17.215517252528418,
    "p95": 19.953748715488473,
    "p99": 22.192544946835067,
    "n_queries": 6000
  },
  "per_bucket_latency_ms": {
    "pristine": {
      "p50": 15.854125005716924,
      "p95": 21.846029803418784,
      "p99": 26.71471259891404,
      "n_queries": 1000
    },
    "missing_firstname": {
      "p50": 18.180936996941455,
      "p95": 21.277166360232513,
      "p99": 23.043795828561997,
      "n_queries": 1000
    },
    "missing_email_company": {
      "p50": 14.667375005956274,
      "p95": 18.28831904713297,
      "p99": 21.522409345780034,
      "n_queries": 1000
    },
    "typo_name": {
      "p50": 18.229729001177475,
      "p95": 19.543237487232545,
      "p99": 21.48298833431909,
      "n_queries": 1000
    },
    "domain_mismatch": {
      "p50": 18.270687505719252,
      "p95": 19.519016643607756,
      "p99": 20.34181782961241,
      "n_queries": 1000
    },
    "swapped_attributes": {
      "p50": 18.090249999659136,
      "p95": 19.248722951306263,
      "p99": 20.04954574382282,
      "n_queries": 1000
    }
  },
  "index_size_mb": 1680.41
}