{
  "experiment_id": "bge_small_ft_128_int8",
  "model": "bge_small",
  "serialization": "pipe",
  "mode": "fine_tuned",
  "quantization": "int8",
  "dims": 384,
  "index_size": 1000050,
  "timestamp": "2026-03-09T03:40:34.979609+00:00",
  "overall": {
    "recall_at_1": 0.8890861859195686,
    "ndcg_at_1": 0.8890861859195686,
    "recall_at_5": 0.9306665351353128,
    "ndcg_at_5": 0.9114163138719021,
    "recall_at_10": 0.9433593107757061,
    "ndcg_at_10": 0.9155400898644201,
    "precision_at_5": 0.18613330702706257,
    "mrr_at_10": 0.9067048433811283
  },
  "per_bucket": {
    "pristine": {
      "recall_at_1": 1.0,
      "ndcg_at_1": 1.0,
      "recall_at_5": 1.0,
      "ndcg_at_5": 1.0,
      "recall_at_10": 1.0,
      "ndcg_at_10": 1.0,
      "precision_at_5": 0.19999999999999996,
      "mrr_at_10": 1.0,
      "n_queries": 10137
    },
    "missing_firstname": {
      "recall_at_1": 0.9783959751405741,
      "ndcg_at_1": 0.9783959751405741,
      "recall_at_5": 0.9783959751405741,
      "ndcg_at_5": 0.9783959751405741,
      "recall_at_10": 0.9783959751405741,
      "ndcg_at_10": 0.9783959751405741,
      "precision_at_5": 0.19567919502811482,
      "mrr_at_10": 0.9783959751405741,
      "n_queries": 10137
    },
    "missing_email_company": {
      "recall_at_1": 0.37220084837723194,
      "ndcg_at_1": 0.37220084837723194,
      "recall_at_5": 0.6216829436716977,
      "ndcg_at_5": 0.5061816160912332,
      "recall_at_10": 0.6978395975140574,
      "ndcg_at_10": 0.5309242720463415,
      "precision_at_5": 0.12433658873433953,
      "mrr_at_10": 0.4779127931465902,
      "n_queries": 10137
    },
    "typo_name": {
      "recall_at_1": 0.9839202919996054,
      "ndcg_at_1": 0.9839202919996054,
      "recall_at_5": 0.9839202919996054,
      "ndcg_at_5": 0.9839202919996054,
      "recall_at_10": 0.9839202919996054,
      "ndcg_at_10": 0.9839202919996054,
      "precision_at_5": 0.19678405839992105,
      "mrr_at_10": 0.9839202919996054,
      "n_queries": 10137
    },
    "domain_mismatch": {
      "recall_at_1": 1.0,
      "ndcg_at_1": 1.0,
      "recall_at_5": 1.0,
      "ndcg_at_5": 1.0,
      "recall_at_10": 1.0,
      "ndcg_at_10": 1.0,
      "precision_at_5": 0.19999999999999996,
      "mrr_at_10": 1.0,
      "n_queries": 10137
    },
    "swapped_attributes": {
      "recall_at_1": 1.0,
      "ndcg_at_1": 1.0,
      "recall_at_5": 1.0,
      "ndcg_at_5": 1.0,
      "recall_at_10": 1.0,
      "ndcg_at_10": 1.0,
      "precision_at_5": 0.19999999999999996,
      "mrr_at_10": 1.0,
      "n_queries": 10137
    }
  },
  "latency_ms": {
    "p50": 18.345430414531922,
    "p95": 20.73844945698511,
    "p99": 23.200564481618738,
    "n_queries": 6000
  },
  "per_bucket_latency_ms": {
    "pristine": {
      "p50": 17.818978500145022,
      "p95": 20.51885829278035,
      "p99": 25.738629907573337,
      "n_queries": 1000
    },
    "missing_firstname": {
      "p50": 18.55937499931315,
      "p95": 21.208293092786334,
      "p99": 23.229018423153317,
      "n_queries": 1000
    },
    "missing_email_company": {
      "p50": 15.630583497113548,
      "p95": 18.298250353109324,
      "p99": 19.66970699169906,
      "n_queries": 1000
    },
    "typo_name": {
      "p50": 18.476457997167017,
      "p95": 20.82406075351173,
      "p99": 22.669352330267426,
      "n_queries": 1000
    },
    "domain_mismatch": {
      "p50": 19.88593799615046,
      "p95": 21.895452405442484,
      "p99": 24.06901133916108,
      "n_queries": 1000
    },
    "swapped_attributes": {
      "p50": 19.701249497302342,
      "p95": 21.685781844280427,
      "p99": 23.82766789785819,
      "n_queries": 1000
    }
  },
  "index_size_mb": 688.05
}