{
  "experiment_id": "bge_small_base_256_fp32",
  "model": "bge_small",
  "serialization": "pipe",
  "mode": "zero_shot",
  "quantization": "fp32",
  "dims": 384,
  "index_size": 1000050,
  "timestamp": "2026-03-09T02:19:44.736785+00:00",
  "overall": {
    "recall_at_1": 0.8084739074676927,
    "ndcg_at_1": 0.8084739074676927,
    "recall_at_5": 0.8616947814935385,
    "ndcg_at_5": 0.8368269789098653,
    "recall_at_10": 0.88183552004209,
    "ndcg_at_10": 0.8433756470519571,
    "precision_at_5": 0.17233895629870774,
    "mrr_at_10": 0.8312743261236405
  },
  "per_bucket": {
    "pristine": {
      "recall_at_1": 1.0,
      "ndcg_at_1": 1.0,
      "recall_at_5": 1.0,
      "ndcg_at_5": 1.0,
      "recall_at_10": 1.0,
      "ndcg_at_10": 1.0,
      "precision_at_5": 0.19999999999999996,
      "mrr_at_10": 1.0,
      "n_queries": 10137
    },
    "missing_firstname": {
      "recall_at_1": 0.8931636578869488,
      "ndcg_at_1": 0.8931636578869488,
      "recall_at_5": 0.901844727236855,
      "ndcg_at_5": 0.8981222878447396,
      "recall_at_10": 0.902535266844234,
      "ndcg_at_10": 0.8983488446079827,
      "precision_at_5": 0.180368945447371,
      "mrr_at_10": 0.8969500775878402,
      "n_queries": 10137
    },
    "missing_email_company": {
      "recall_at_1": 0.23498076353950872,
      "ndcg_at_1": 0.23498076353950872,
      "recall_at_5": 0.45871559633027525,
      "ndcg_at_5": 0.3526325280668358,
      "recall_at_10": 0.5519384433264279,
      "ndcg_at_10": 0.38295027636523343,
      "precision_at_5": 0.09174311926605505,
      "mrr_at_10": 0.3300713949056654,
      "n_queries": 10137
    },
    "typo_name": {
      "recall_at_1": 0.9475189898392029,
      "ndcg_at_1": 0.9475189898392029,
      "recall_at_5": 0.9580743809805662,
      "ndcg_at_5": 0.9536015755890184,
      "recall_at_10": 0.9596527572260037,
      "ndcg_at_10": 0.9541186764505326,
      "precision_at_5": 0.19161487619611323,
      "mrr_at_10": 0.952293852005305,
      "n_queries": 10137
    },
    "domain_mismatch": {
      "recall_at_1": 0.7753773305711749,
      "ndcg_at_1": 0.7753773305711749,
      "recall_at_5": 0.8516326329288744,
      "ndcg_at_5": 0.816740538705805,
      "recall_at_10": 0.8769853013712143,
      "ndcg_at_10": 0.8249711416351999,
      "precision_at_5": 0.17032652658577488,
      "mrr_at_10": 0.8084786050160421,
      "n_queries": 10137
    },
    "swapped_attributes": {
      "recall_at_1": 0.9998027029693203,
      "ndcg_at_1": 0.9998027029693203,
      "recall_at_5": 0.9999013514846602,
      "ndcg_at_5": 0.9998649432527938,
      "recall_at_10": 0.9999013514846602,
      "ndcg_at_10": 0.9998649432527938,
      "precision_at_5": 0.19998027029693202,
      "mrr_at_10": 0.9998520272269902,
      "n_queries": 10137
    }
  },
  "latency_ms": {
    "p50": 10.2696700002222,
    "p95": 12.872167525953651,
    "p99": 14.15953063578248,
    "n_queries": 6000
  },
  "per_bucket_latency_ms": {
    "pristine": {
      "p50": 10.156603995710611,
      "p95": 12.572927099245135,
      "p99": 13.796787737810519,
      "n_queries": 1000
    },
    "missing_firstname": {
      "p50": 10.004625000874512,
      "p95": 13.137098558217986,
      "p99": 14.204787917551585,
      "n_queries": 1000
    },
    "missing_email_company": {
      "p50": 10.007166500145104,
      "p95": 12.662537802680163,
      "p99": 14.162403006339446,
      "n_queries": 1000
    },
    "typo_name": {
      "p50": 10.518666502321139,
      "p95": 13.113656894711308,
      "p99": 14.761932082328713,
      "n_queries": 1000
    },
    "domain_mismatch": {
      "p50": 10.534437504247762,
      "p95": 12.749026451638201,
      "p99": 13.774259239435194,
      "n_queries": 1000
    },
    "swapped_attributes": {
      "p50": 10.396520498034079,
      "p95": 12.997758349229116,
      "p99": 14.257013831229415,
      "n_queries": 1000
    }
  },
  "index_size_mb": 1161.34
}