{
  "experiment_id": "bge_small_ft",
  "model": "bge_small",
  "serialization": "pipe",
  "mode": "fine_tuned",
  "quantization": "fp32",
  "dims": 384,
  "index_size": 1000050,
  "timestamp": "2026-03-08T06:53:43.581574+00:00",
  "overall": {
    "recall_at_1": 0.8816546644306337,
    "ndcg_at_1": 0.8816546644306337,
    "recall_at_5": 0.9194863700634639,
    "ndcg_at_5": 0.9019317318869094,
    "recall_at_10": 0.9320311729308474,
    "ndcg_at_10": 0.906011021173764,
    "precision_at_5": 0.18389727401269276,
    "mrr_at_10": 0.8977742102507812
  },
  "per_bucket": {
    "pristine": {
      "recall_at_1": 1.0,
      "ndcg_at_1": 1.0,
      "recall_at_5": 1.0,
      "ndcg_at_5": 1.0,
      "recall_at_10": 1.0,
      "ndcg_at_10": 1.0,
      "precision_at_5": 0.19999999999999996,
      "mrr_at_10": 1.0,
      "n_queries": 10137
    },
    "missing_firstname": {
      "recall_at_1": 0.9844135345763046,
      "ndcg_at_1": 0.9844135345763046,
      "recall_at_5": 0.9853013712143632,
      "ndcg_at_5": 0.9849607811017629,
      "recall_at_10": 0.985400019729703,
      "ndcg_at_10": 0.9849959204119246,
      "precision_at_5": 0.19706027424287262,
      "mrr_at_10": 0.9848574528953339,
      "n_queries": 10137
    },
    "missing_email_company": {
      "recall_at_1": 0.3225806451612903,
      "ndcg_at_1": 0.3225806451612903,
      "recall_at_5": 0.5474992601361349,
      "ndcg_at_5": 0.4429988298517971,
      "recall_at_10": 0.6225707803097563,
      "ndcg_at_10": 0.4674042869526003,
      "precision_at_5": 0.109499852027227,
      "mrr_at_10": 0.41830814664493265,
      "n_queries": 10137
    },
    "typo_name": {
      "recall_at_1": 0.9833284009075663,
      "ndcg_at_1": 0.9833284009075663,
      "recall_at_5": 0.9842162375456249,
      "ndcg_at_5": 0.983838653578836,
      "recall_at_10": 0.9843148860609647,
      "ndcg_at_10": 0.9838737928889978,
      "precision_at_5": 0.19684324750912496,
      "mrr_at_10": 0.9837262832527703,
      "n_queries": 10137
    },
    "domain_mismatch": {
      "recall_at_1": 0.9998027029693203,
      "ndcg_at_1": 0.9998027029693203,
      "recall_at_5": 1.0,
      "ndcg_at_5": 0.9999271835362675,
      "recall_at_10": 1.0,
      "ndcg_at_10": 0.9999271835362675,
      "precision_at_5": 0.19999999999999996,
      "mrr_at_10": 0.9999013514846602,
      "n_queries": 10137
    },
    "swapped_attributes": {
      "recall_at_1": 0.9998027029693203,
      "ndcg_at_1": 0.9998027029693203,
      "recall_at_5": 0.9999013514846602,
      "ndcg_at_5": 0.9998649432527938,
      "recall_at_10": 0.9999013514846602,
      "ndcg_at_10": 0.9998649432527938,
      "precision_at_5": 0.19998027029693202,
      "mrr_at_10": 0.9998520272269902,
      "n_queries": 10137
    }
  },
  "latency_ms": {
    "p50": 10.628242748983515,
    "p95": 13.932069396590427,
    "p99": 15.938861681061098,
    "n_queries": 6000
  },
  "per_bucket_latency_ms": {
    "pristine": {
      "p50": 10.80229150102241,
      "p95": 14.244812852848554,
      "p99": 16.637236243259387,
      "n_queries": 1000
    },
    "missing_firstname": {
      "p50": 10.842916490219068,
      "p95": 14.103770843939856,
      "p99": 16.497819341748254,
      "n_queries": 1000
    },
    "missing_email_company": {
      "p50": 9.904229002131615,
      "p95": 13.32079934727517,
      "p99": 15.070753094478276,
      "n_queries": 1000
    },
    "typo_name": {
      "p50": 10.579145498923026,
      "p95": 13.866048543422947,
      "p99": 16.06031233270187,
      "n_queries": 1000
    },
    "domain_mismatch": {
      "p50": 10.975937002513092,
      "p95": 14.309799698094139,
      "p99": 16.006500739313196,
      "n_queries": 1000
    },
    "swapped_attributes": {
      "p50": 10.664936999091879,
      "p95": 13.747185093961889,
      "p99": 15.360548334865598,
      "n_queries": 1000
    }
  },
  "index_size_mb": 1616.75
}