{
  "experiment_id": "bge_small_ft_256_int8",
  "model": "bge_small",
  "serialization": "pipe",
  "mode": "fine_tuned",
  "quantization": "int8",
  "dims": 384,
  "index_size": 1000050,
  "timestamp": "2026-03-09T03:24:16.075420+00:00",
  "overall": {
    "recall_at_1": 0.8904343822958798,
    "ndcg_at_1": 0.8904343822958798,
    "recall_at_5": 0.9306500937160895,
    "ndcg_at_5": 0.9120174477918406,
    "recall_at_10": 0.9419946729801717,
    "ndcg_at_10": 0.9157224668566792,
    "precision_at_5": 0.1861300187432179,
    "mrr_at_10": 0.9073467568387169
  },
  "per_bucket": {
    "pristine": {
      "recall_at_1": 1.0,
      "ndcg_at_1": 1.0,
      "recall_at_5": 1.0,
      "ndcg_at_5": 1.0,
      "recall_at_10": 1.0,
      "ndcg_at_10": 1.0,
      "precision_at_5": 0.19999999999999996,
      "mrr_at_10": 1.0,
      "n_queries": 10137
    },
    "missing_firstname": {
      "recall_at_1": 0.9823419157541678,
      "ndcg_at_1": 0.9823419157541678,
      "recall_at_5": 0.9823419157541678,
      "ndcg_at_5": 0.9823419157541678,
      "recall_at_10": 0.9823419157541678,
      "ndcg_at_10": 0.9823419157541678,
      "precision_at_5": 0.19646838315083356,
      "mrr_at_10": 0.9823419157541678,
      "n_queries": 10137
    },
    "missing_email_company": {
      "recall_at_1": 0.3766400315675249,
      "ndcg_at_1": 0.3766400315675249,
      "recall_at_5": 0.6179343000887837,
      "ndcg_at_5": 0.50613842454329,
      "recall_at_10": 0.6860017756732761,
      "ndcg_at_10": 0.5283685389323217,
      "precision_at_5": 0.12358686001775673,
      "mrr_at_10": 0.4781142788245481,
      "n_queries": 10137
    },
    "typo_name": {
      "recall_at_1": 0.9836243464535859,
      "ndcg_at_1": 0.9836243464535859,
      "recall_at_5": 0.9836243464535859,
      "ndcg_at_5": 0.9836243464535859,
      "recall_at_10": 0.9836243464535859,
      "ndcg_at_10": 0.9836243464535859,
      "precision_at_5": 0.19672486929071717,
      "mrr_at_10": 0.9836243464535859,
      "n_queries": 10137
    },
    "domain_mismatch": {
      "recall_at_1": 1.0,
      "ndcg_at_1": 1.0,
      "recall_at_5": 1.0,
      "ndcg_at_5": 1.0,
      "recall_at_10": 1.0,
      "ndcg_at_10": 1.0,
      "precision_at_5": 0.19999999999999996,
      "mrr_at_10": 1.0,
      "n_queries": 10137
    },
    "swapped_attributes": {
      "recall_at_1": 1.0,
      "ndcg_at_1": 1.0,
      "recall_at_5": 1.0,
      "ndcg_at_5": 1.0,
      "recall_at_10": 1.0,
      "ndcg_at_10": 1.0,
      "precision_at_5": 0.19999999999999996,
      "mrr_at_10": 1.0,
      "n_queries": 10137
    }
  },
  "latency_ms": {
    "p50": 17.460149252049934,
    "p95": 19.4083699376885,
    "p99": 21.49321275814145,
    "n_queries": 6000
  },
  "per_bucket_latency_ms": {
    "pristine": {
      "p50": 17.641500002355315,
      "p95": 18.79886314854957,
      "p99": 20.301203994167736,
      "n_queries": 1000
    },
    "missing_firstname": {
      "p50": 18.174437507695984,
      "p95": 19.31577259238111,
      "p99": 19.959370914002648,
      "n_queries": 1000
    },
    "missing_email_company": {
      "p50": 14.237604504160117,
      "p95": 16.7964694010152,
      "p99": 17.564603162463754,
      "n_queries": 1000
    },
    "typo_name": {
      "p50": 18.126707996998448,
      "p95": 20.117649648454965,
      "p99": 22.905439907772223,
      "n_queries": 1000
    },
    "domain_mismatch": {
      "p50": 17.969270498724654,
      "p95": 20.728495791263413,
      "p99": 22.279381982953055,
      "n_queries": 1000
    },
    "swapped_attributes": {
      "p50": 18.611375002365094,
      "p95": 20.692969044466732,
      "p99": 25.94927658748929,
      "n_queries": 1000
    }
  },
  "index_size_mb": 1207.12
}