{
  "experiment_id": "bge_small_ft_384_int8",
  "model": "bge_small",
  "serialization": "pipe",
  "mode": "fine_tuned",
  "quantization": "int8",
  "dims": 384,
  "index_size": 1000050,
  "timestamp": "2026-03-09T03:06:51.838226+00:00",
  "overall": {
    "recall_at_1": 0.8893821314655881,
    "ndcg_at_1": 0.8893821314655881,
    "recall_at_5": 0.9291046003090987,
    "ndcg_at_5": 0.9108191715253068,
    "recall_at_10": 0.9412219262766762,
    "ndcg_at_10": 0.9147812044155086,
    "precision_at_5": 0.18582092006181974,
    "mrr_at_10": 0.9063624638745482
  },
  "per_bucket": {
    "pristine": {
      "recall_at_1": 1.0,
      "ndcg_at_1": 1.0,
      "recall_at_5": 1.0,
      "ndcg_at_5": 1.0,
      "recall_at_10": 1.0,
      "ndcg_at_10": 1.0,
      "precision_at_5": 0.19999999999999996,
      "mrr_at_10": 1.0,
      "n_queries": 10137
    },
    "missing_firstname": {
      "recall_at_1": 0.9845121830916445,
      "ndcg_at_1": 0.9845121830916445,
      "recall_at_5": 0.9845121830916445,
      "ndcg_at_5": 0.9845121830916445,
      "recall_at_10": 0.9845121830916445,
      "ndcg_at_10": 0.9845121830916445,
      "precision_at_5": 0.19690243661832887,
      "mrr_at_10": 0.9845121830916445,
      "n_queries": 10137
    },
    "missing_email_company": {
      "recall_at_1": 0.3677616651869389,
      "ndcg_at_1": 0.3677616651869389,
      "recall_at_5": 0.6060964782480024,
      "ndcg_at_5": 0.49638390554525086,
      "recall_at_10": 0.6788004340534675,
      "ndcg_at_10": 0.5201561028864615,
      "precision_at_5": 0.12121929564960048,
      "mrr_at_10": 0.46964365964070026,
      "n_queries": 10137
    },
    "typo_name": {
      "recall_at_1": 0.9840189405149452,
      "ndcg_at_1": 0.9840189405149452,
      "recall_at_5": 0.9840189405149452,
      "ndcg_at_5": 0.9840189405149452,
      "recall_at_10": 0.9840189405149452,
      "ndcg_at_10": 0.9840189405149452,
      "precision_at_5": 0.19680378810298904,
      "mrr_at_10": 0.9840189405149452,
      "n_queries": 10137
    },
    "domain_mismatch": {
      "recall_at_1": 1.0,
      "ndcg_at_1": 1.0,
      "recall_at_5": 1.0,
      "ndcg_at_5": 1.0,
      "recall_at_10": 1.0,
      "ndcg_at_10": 1.0,
      "precision_at_5": 0.19999999999999996,
      "mrr_at_10": 1.0,
      "n_queries": 10137
    },
    "swapped_attributes": {
      "recall_at_1": 1.0,
      "ndcg_at_1": 1.0,
      "recall_at_5": 1.0,
      "ndcg_at_5": 1.0,
      "recall_at_10": 1.0,
      "ndcg_at_10": 1.0,
      "precision_at_5": 0.19999999999999996,
      "mrr_at_10": 1.0,
      "n_queries": 10137
    }
  },
  "latency_ms": {
    "p50": 17.53109716567754,
    "p95": 19.09420449058719,
    "p99": 20.11924467071367,
    "n_queries": 6000
  },
  "per_bucket_latency_ms": {
    "pristine": {
      "p50": 17.86006250040373,
      "p95": 18.97908159517101,
      "p99": 19.971727925294545,
      "n_queries": 1000
    },
    "missing_firstname": {
      "p50": 18.23179199709557,
      "p95": 19.393554505950306,
      "p99": 20.06188083658344,
      "n_queries": 1000
    },
    "missing_email_company": {
      "p50": 14.347895499668084,
      "p95": 16.998046151275048,
      "p99": 17.784228019736474,
      "n_queries": 1000
    },
    "typo_name": {
      "p50": 18.133687000954524,
      "p95": 19.68216044770088,
      "p99": 21.067213751230156,
      "n_queries": 1000
    },
    "domain_mismatch": {
      "p50": 18.239499993796926,
      "p95": 19.21041904715821,
      "p99": 19.937661578442203,
      "n_queries": 1000
    },
    "swapped_attributes": {
      "p50": 18.373646002146415,
      "p95": 20.3019651962677,
      "p99": 21.8927559129952,
      "n_queries": 1000
    }
  },
  "index_size_mb": 1726.19
}