{
  "experiment_id": "bge_small_ft_256_binary",
  "model": "bge_small",
  "serialization": "pipe",
  "mode": "fine_tuned",
  "quantization": "binary",
  "dims": 384,
  "index_size": 1000050,
  "timestamp": "2026-03-09T03:30:01.030300+00:00",
  "overall": {
    "recall_at_1": 0.8890697445003453,
    "ndcg_at_1": 0.8890697445003453,
    "recall_at_5": 0.9292854559205551,
    "ndcg_at_5": 0.9106391267813904,
    "recall_at_10": 0.9421919700108513,
    "ndcg_at_10": 0.9148299475940742,
    "precision_at_5": 0.18585709118411103,
    "mrr_at_10": 0.9061566068668762
  },
  "per_bucket": {
    "pristine": {
      "recall_at_1": 1.0,
      "ndcg_at_1": 1.0,
      "recall_at_5": 1.0,
      "ndcg_at_5": 1.0,
      "recall_at_10": 1.0,
      "ndcg_at_10": 1.0,
      "precision_at_5": 0.19999999999999996,
      "mrr_at_10": 1.0,
      "n_queries": 10137
    },
    "missing_firstname": {
      "recall_at_1": 0.9819473216928085,
      "ndcg_at_1": 0.9819473216928085,
      "recall_at_5": 0.9820459702081483,
      "ndcg_at_5": 0.9820095619762821,
      "recall_at_10": 0.9820459702081483,
      "ndcg_at_10": 0.9820095619762821,
      "precision_at_5": 0.19640919404162965,
      "mrr_at_10": 0.9819966459504784,
      "n_queries": 10137
    },
    "missing_email_company": {
      "recall_at_1": 0.3682549077636382,
      "ndcg_at_1": 0.3682549077636382,
      "recall_at_5": 0.6092532307388774,
      "ndcg_at_5": 0.4974844805994885,
      "recall_at_10": 0.686692315280655,
      "ndcg_at_10": 0.522629405475591,
      "precision_at_5": 0.12185064614777548,
      "mrr_at_10": 0.47062810918981385,
      "n_queries": 10137
    },
    "typo_name": {
      "recall_at_1": 0.9844135345763046,
      "ndcg_at_1": 0.9844135345763046,
      "recall_at_5": 0.9844135345763046,
      "ndcg_at_5": 0.9844135345763046,
      "recall_at_10": 0.9844135345763046,
      "ndcg_at_10": 0.9844135345763046,
      "precision_at_5": 0.19688270691526089,
      "mrr_at_10": 0.9844135345763046,
      "n_queries": 10137
    },
    "domain_mismatch": {
      "recall_at_1": 0.9999013514846602,
      "ndcg_at_1": 0.9999013514846602,
      "recall_at_5": 1.0,
      "ndcg_at_5": 0.9999635917681338,
      "recall_at_10": 1.0,
      "ndcg_at_10": 0.9999635917681338,
      "precision_at_5": 0.19999999999999996,
      "mrr_at_10": 0.9999506757423301,
      "n_queries": 10137
    },
    "swapped_attributes": {
      "recall_at_1": 0.9999013514846602,
      "ndcg_at_1": 0.9999013514846602,
      "recall_at_5": 1.0,
      "ndcg_at_5": 0.9999635917681338,
      "recall_at_10": 1.0,
      "ndcg_at_10": 0.9999635917681338,
      "precision_at_5": 0.19999999999999996,
      "mrr_at_10": 0.9999506757423301,
      "n_queries": 10137
    }
  },
  "latency_ms": {
    "p50": 18.395166749542113,
    "p95": 21.578867312079336,
    "p99": 25.479759264198947,
    "n_queries": 6000
  },
  "per_bucket_latency_ms": {
    "pristine": {
      "p50": 17.363458493491635,
      "p95": 19.675491999805672,
      "p99": 22.33060551356175,
      "n_queries": 1000
    },
    "missing_firstname": {
      "p50": 18.39410449611023,
      "p95": 21.37268064834643,
      "p99": 23.736412833677605,
      "n_queries": 1000
    },
    "missing_email_company": {
      "p50": 16.60045800235821,
      "p95": 20.126800338039175,
      "p99": 21.673136160243303,
      "n_queries": 1000
    },
    "typo_name": {
      "p50": 19.521854002960026,
      "p95": 22.91081489092903,
      "p99": 31.11185541478335,
      "n_queries": 1000
    },
    "domain_mismatch": {
      "p50": 18.807020998792723,
      "p95": 22.282028847257607,
      "p99": 24.78237657880527,
      "n_queries": 1000
    },
    "swapped_attributes": {
      "p50": 19.684104503539857,
      "p95": 23.10538714809808,
      "p99": 29.244169084122394,
      "n_queries": 1000
    }
  },
  "index_size_mb": 1176.6
}