{
  "experiment_id": "bge_small_base_64_fp32",
  "model": "bge_small",
  "serialization": "pipe",
  "mode": "zero_shot",
  "quantization": "fp32",
  "dims": 384,
  "index_size": 1000050,
  "timestamp": "2026-03-09T02:45:44.089102+00:00",
  "overall": {
    "recall_at_1": 0.6808720528756043,
    "ndcg_at_1": 0.6808720528756043,
    "recall_at_5": 0.7482489888527177,
    "ndcg_at_5": 0.7173190415379326,
    "recall_at_10": 0.7713327414422413,
    "ndcg_at_10": 0.7248153412011075,
    "precision_at_5": 0.14964979777054355,
    "mrr_at_10": 0.710090849280205
  },
  "per_bucket": {
    "pristine": {
      "recall_at_1": 0.9984216237545624,
      "ndcg_at_1": 0.9984216237545624,
      "recall_at_5": 1.0,
      "ndcg_at_5": 0.9994174682901393,
      "recall_at_10": 1.0,
      "ndcg_at_10": 0.9994174682901393,
      "precision_at_5": 0.19999999999999996,
      "mrr_at_10": 0.9992108118772812,
      "n_queries": 10137
    },
    "missing_firstname": {
      "recall_at_1": 0.8383150833579954,
      "ndcg_at_1": 0.8383150833579954,
      "recall_at_5": 0.8853704251751011,
      "ndcg_at_5": 0.8640547194451246,
      "recall_at_10": 0.8969123014698629,
      "ndcg_at_10": 0.8678310932332022,
      "precision_at_5": 0.17707408503502023,
      "mrr_at_10": 0.8584862385321099,
      "n_queries": 10137
    },
    "missing_email_company": {
      "recall_at_1": 0.05031074282332051,
      "ndcg_at_1": 0.05031074282332051,
      "recall_at_5": 0.13840386702180132,
      "ndcg_at_5": 0.09505471855587996,
      "recall_at_10": 0.19147676827463747,
      "ndcg_at_10": 0.11220082898034985,
      "precision_at_5": 0.027680773404360266,
      "mrr_at_10": 0.08790643579782378,
      "n_queries": 10137
    },
    "typo_name": {
      "recall_at_1": 0.6431883200157837,
      "ndcg_at_1": 0.6431883200157837,
      "recall_at_5": 0.7952056821544836,
      "ndcg_at_5": 0.7266452748142475,
      "recall_at_10": 0.8334813061063431,
      "ndcg_at_10": 0.7391328635634339,
      "precision_at_5": 0.1590411364308967,
      "mrr_at_10": 0.7088169067896798,
      "n_queries": 10137
    },
    "domain_mismatch": {
      "recall_at_1": 0.5609154582223538,
      "ndcg_at_1": 0.5609154582223538,
      "recall_at_5": 0.671500443918319,
      "ndcg_at_5": 0.62169004821298,
      "recall_at_10": 0.7069152609253231,
      "ndcg_at_10": 0.6331874946099715,
      "precision_at_5": 0.13430008878366378,
      "mrr_at_10": 0.6097220852103954,
      "n_queries": 10137
    },
    "swapped_attributes": {
      "recall_at_1": 0.9940810890796093,
      "ndcg_at_1": 0.9940810890796093,
      "recall_at_5": 0.9990135148466016,
      "ndcg_at_5": 0.9970520199092247,
      "recall_at_10": 0.9992108118772812,
      "ndcg_at_10": 0.9971222985295479,
      "precision_at_5": 0.1998027029693203,
      "mrr_at_10": 0.9964026174739403,
      "n_queries": 10137
    }
  },
  "latency_ms": {
    "p50": 10.125423501449404,
    "p95": 12.63790902630717,
    "p99": 14.123003467660359,
    "n_queries": 6000
  },
  "per_bucket_latency_ms": {
    "pristine": {
      "p50": 9.840354003245011,
      "p95": 12.042481255048187,
      "p99": 13.697017919330392,
      "n_queries": 1000
    },
    "missing_firstname": {
      "p50": 10.03964600386098,
      "p95": 13.199197957874276,
      "p99": 14.535410321695963,
      "n_queries": 1000
    },
    "missing_email_company": {
      "p50": 9.81962450168794,
      "p95": 12.363016648305347,
      "p99": 14.073399417538894,
      "n_queries": 1000
    },
    "typo_name": {
      "p50": 10.451812493556645,
      "p95": 12.852343750273576,
      "p99": 14.225122572388498,
      "n_queries": 1000
    },
    "domain_mismatch": {
      "p50": 10.24052099819528,
      "p95": 12.729552396194775,
      "p99": 14.270396492356667,
      "n_queries": 1000
    },
    "swapped_attributes": {
      "p50": 10.36058300815057,
      "p95": 12.640862150146857,
      "p99": 13.936674082651734,
      "n_queries": 1000
    }
  },
  "index_size_mb": 417.07
}