{
  "experiment_id": "bge_small_base_64_int8",
  "model": "bge_small",
  "serialization": "pipe",
  "mode": "zero_shot",
  "quantization": "int8",
  "dims": 384,
  "index_size": 1000050,
  "timestamp": "2026-03-09T02:49:49.920346+00:00",
  "overall": {
    "recall_at_1": 0.8089013843674986,
    "ndcg_at_1": 0.8089013843674986,
    "recall_at_5": 0.8536220446548947,
    "ndcg_at_5": 0.8327296307202156,
    "recall_at_10": 0.8700305810397554,
    "ndcg_at_10": 0.8380622844007877,
    "precision_at_5": 0.1707244089309789,
    "mrr_at_10": 0.8279911704359272
  },
  "per_bucket": {
    "pristine": {
      "recall_at_1": 1.0,
      "ndcg_at_1": 1.0,
      "recall_at_5": 1.0,
      "ndcg_at_5": 1.0,
      "recall_at_10": 1.0,
      "ndcg_at_10": 1.0,
      "precision_at_5": 0.19999999999999996,
      "mrr_at_10": 1.0,
      "n_queries": 10137
    },
    "missing_firstname": {
      "recall_at_1": 0.91772713820657,
      "ndcg_at_1": 0.91772713820657,
      "recall_at_5": 0.9232514550656012,
      "ndcg_at_5": 0.9209261042450073,
      "recall_at_10": 0.9242379402189997,
      "ndcg_at_10": 0.9212492081097624,
      "precision_at_5": 0.18465029101312025,
      "mrr_at_10": 0.9202646755325062,
      "n_queries": 10137
    },
    "missing_email_company": {
      "recall_at_1": 0.1908848771825984,
      "ndcg_at_1": 0.1908848771825984,
      "recall_at_5": 0.38561704646345074,
      "ndcg_at_5": 0.2931218850388176,
      "recall_at_10": 0.46650882904212293,
      "ndcg_at_10": 0.3193941348777417,
      "precision_at_5": 0.07712340929269014,
      "mrr_at_10": 0.27338005045166924,
      "n_queries": 10137
    },
    "typo_name": {
      "recall_at_1": 0.9288744204399724,
      "ndcg_at_1": 0.9288744204399724,
      "recall_at_5": 0.9448554799250272,
      "ndcg_at_5": 0.937896999841984,
      "recall_at_10": 0.9476176383545427,
      "ndcg_at_10": 0.93877760973926,
      "precision_at_5": 0.18897109598500542,
      "mrr_at_10": 0.9358927534053311,
      "n_queries": 10137
    },
    "domain_mismatch": {
      "recall_at_1": 0.8166124099832297,
      "ndcg_at_1": 0.8166124099832297,
      "recall_at_5": 0.8686988260826675,
      "ndcg_at_5": 0.8451233348028632,
      "recall_at_10": 0.8825096182302457,
      "ndcg_at_10": 0.8496432932853409,
      "precision_at_5": 0.17373976521653348,
      "mrr_at_10": 0.839100082833436,
      "n_queries": 10137
    },
    "swapped_attributes": {
      "recall_at_1": 0.9993094603926211,
      "ndcg_at_1": 0.9993094603926211,
      "recall_at_5": 0.9993094603926211,
      "ndcg_at_5": 0.9993094603926211,
      "recall_at_10": 0.9993094603926211,
      "ndcg_at_10": 0.9993094603926211,
      "precision_at_5": 0.1998618920785242,
      "mrr_at_10": 0.9993094603926211,
      "n_queries": 10137
    }
  },
  "latency_ms": {
    "p50": 10.044301914604148,
    "p95": 12.745957352550855,
    "p99": 14.198953498756358,
    "n_queries": 6000
  },
  "per_bucket_latency_ms": {
    "pristine": {
      "p50": 9.883707993139978,
      "p95": 12.42620900447946,
      "p99": 14.462861251085993,
      "n_queries": 1000
    },
    "missing_firstname": {
      "p50": 9.996083499572705,
      "p95": 12.923016347485826,
      "p99": 14.096757595834788,
      "n_queries": 1000
    },
    "missing_email_company": {
      "p50": 9.751541496370919,
      "p95": 12.35944200234371,
      "p99": 14.307684478262672,
      "n_queries": 1000
    },
    "typo_name": {
      "p50": 10.2240205014823,
      "p95": 12.680810391611885,
      "p99": 14.090136250160866,
      "n_queries": 1000
    },
    "domain_mismatch": {
      "p50": 9.993645500799175,
      "p95": 13.127604158216851,
      "p99": 14.33793000440346,
      "n_queries": 1000
    },
    "swapped_attributes": {
      "p50": 10.416812496259809,
      "p95": 12.958662211167393,
      "p99": 13.898351412790362,
      "n_queries": 1000
    }
  },
  "index_size_mb": 428.51
}