{
  "experiment_id": "bge_small_ft_128_fp32",
  "model": "bge_small",
  "serialization": "pipe",
  "mode": "fine_tuned",
  "quantization": "fp32",
  "dims": 384,
  "index_size": 1000050,
  "timestamp": "2026-03-09T03:35:11.408161+00:00",
  "overall": {
    "recall_at_1": 0.8694222485284929,
    "ndcg_at_1": 0.8694222485284929,
    "recall_at_5": 0.9072703955805466,
    "ndcg_at_5": 0.8894938489743995,
    "recall_at_10": 0.9212620433395811,
    "ndcg_at_10": 0.8940283940036952,
    "precision_at_5": 0.18145407911610933,
    "mrr_at_10": 0.8854636845585844
  },
  "per_bucket": {
    "pristine": {
      "recall_at_1": 0.9999013514846602,
      "ndcg_at_1": 0.9999013514846602,
      "recall_at_5": 1.0,
      "ndcg_at_5": 0.9999635917681338,
      "recall_at_10": 1.0,
      "ndcg_at_10": 0.9999635917681338,
      "precision_at_5": 0.19999999999999996,
      "mrr_at_10": 0.9999506757423301,
      "n_queries": 10137
    },
    "missing_firstname": {
      "recall_at_1": 0.9762257078030976,
      "ndcg_at_1": 0.9762257078030976,
      "recall_at_5": 0.9801716484166914,
      "ndcg_at_5": 0.9784402227648716,
      "recall_at_10": 0.9802702969320312,
      "ndcg_at_10": 0.9784753620750332,
      "precision_at_5": 0.19603432968333825,
      "mrr_at_10": 0.9778714938673505,
      "n_queries": 10137
    },
    "missing_email_company": {
      "recall_at_1": 0.25766992206767286,
      "ndcg_at_1": 0.25766992206767286,
      "recall_at_5": 0.4766696261221269,
      "ndcg_at_5": 0.3733294206332881,
      "recall_at_10": 0.5604222156456545,
      "ndcg_at_10": 0.4004686686604533,
      "precision_at_5": 0.09533392522442538,
      "mrr_at_10": 0.3502610271032881,
      "n_queries": 10137
    },
    "typo_name": {
      "recall_at_1": 0.9832297523922265,
      "ndcg_at_1": 0.9832297523922265,
      "recall_at_5": 0.9867810989444609,
      "ndcg_at_5": 0.9854118998394356,
      "recall_at_10": 0.9868797474598008,
      "ndcg_at_10": 0.9854447826778823,
      "precision_at_5": 0.19735621978889217,
      "mrr_at_10": 0.9849455319268874,
      "n_queries": 10137
    },
    "domain_mismatch": {
      "recall_at_1": 0.9996054059386407,
      "ndcg_at_1": 0.9996054059386407,
      "recall_at_5": 1.0,
      "ndcg_at_5": 0.9998543670725348,
      "recall_at_10": 1.0,
      "ndcg_at_10": 0.9998543670725348,
      "precision_at_5": 0.19999999999999996,
      "mrr_at_10": 0.9998027029693203,
      "n_queries": 10137
    },
    "swapped_attributes": {
      "recall_at_1": 0.9999013514846602,
      "ndcg_at_1": 0.9999013514846602,
      "recall_at_5": 1.0,
      "ndcg_at_5": 0.9999635917681338,
      "recall_at_10": 1.0,
      "ndcg_at_10": 0.9999635917681338,
      "precision_at_5": 0.19999999999999996,
      "mrr_at_10": 0.9999506757423301,
      "n_queries": 10137
    }
  },
  "latency_ms": {
    "p50": 17.856336665621104,
    "p95": 20.3335633182481,
    "p99": 22.587419274932472,
    "n_queries": 6000
  },
  "per_bucket_latency_ms": {
    "pristine": {
      "p50": 17.475791501055937,
      "p95": 19.458238152583363,
      "p99": 21.558159499982136,
      "n_queries": 1000
    },
    "missing_firstname": {
      "p50": 18.332813000597525,
      "p95": 20.53465418939595,
      "p99": 22.476788086059965,
      "n_queries": 1000
    },
    "missing_email_company": {
      "p50": 14.96543749817647,
      "p95": 18.236958660418168,
      "p99": 20.666096490167547,
      "n_queries": 1000
    },
    "typo_name": {
      "p50": 18.15418699698057,
      "p95": 20.622449992515612,
      "p99": 22.57125716918381,
      "n_queries": 1000
    },
    "domain_mismatch": {
      "p50": 19.456020498182625,
      "p95": 21.53548691276228,
      "p99": 23.371533248864576,
      "n_queries": 1000
    },
    "swapped_attributes": {
      "p50": 18.753770498733502,
      "p95": 21.61359200181323,
      "p99": 24.880681155336784,
      "n_queries": 1000
    }
  },
  "index_size_mb": 665.16
}