{
  "experiment_id": "bge_small_base_128_fp32",
  "model": "bge_small",
  "serialization": "pipe",
  "mode": "zero_shot",
  "quantization": "fp32",
  "dims": 384,
  "index_size": 1000050,
  "timestamp": "2026-03-09T02:33:04.520270+00:00",
  "overall": {
    "recall_at_1": 0.7761665186938936,
    "ndcg_at_1": 0.7761665186938936,
    "recall_at_5": 0.8274801880898359,
    "ndcg_at_5": 0.8035347319086705,
    "recall_at_10": 0.8475222781230476,
    "ndcg_at_10": 0.8100302517819241,
    "precision_at_5": 0.16549603761796716,
    "mrr_at_10": 0.7982510897007297
  },
  "per_bucket": {
    "pristine": {
      "recall_at_1": 1.0,
      "ndcg_at_1": 1.0,
      "recall_at_5": 1.0,
      "ndcg_at_5": 1.0,
      "recall_at_10": 1.0,
      "ndcg_at_10": 1.0,
      "precision_at_5": 0.19999999999999996,
      "mrr_at_10": 1.0,
      "n_queries": 10137
    },
    "missing_firstname": {
      "recall_at_1": 0.8915852816415113,
      "ndcg_at_1": 0.8915852816415113,
      "recall_at_5": 0.9066785044885074,
      "ndcg_at_5": 0.8999445485240974,
      "recall_at_10": 0.9097366084640426,
      "ndcg_at_10": 0.9009551590822997,
      "precision_at_5": 0.18133570089770149,
      "mrr_at_10": 0.8981068097226724,
      "n_queries": 10137
    },
    "missing_email_company": {
      "recall_at_1": 0.13376738680082864,
      "ndcg_at_1": 0.13376738680082864,
      "recall_at_5": 0.30294959060866133,
      "ndcg_at_5": 0.22177737429005298,
      "recall_at_10": 0.39064812074578276,
      "ndcg_at_10": 0.25017526610956986,
      "precision_at_5": 0.06058991812173227,
      "mrr_at_10": 0.20669134445399612,
      "n_queries": 10137
    },
    "typo_name": {
      "recall_at_1": 0.901252836144816,
      "ndcg_at_1": 0.901252836144816,
      "recall_at_5": 0.9416000789188123,
      "ndcg_at_5": 0.9238433861267896,
      "recall_at_10": 0.9470257472625037,
      "ndcg_at_10": 0.9255977389298787,
      "precision_at_5": 0.18832001578376245,
      "mrr_at_10": 0.9185595829203405,
      "n_queries": 10137
    },
    "domain_mismatch": {
      "recall_at_1": 0.7312814442142646,
      "ndcg_at_1": 0.7312814442142646,
      "recall_at_5": 0.8142448456150735,
      "ndcg_at_5": 0.7763441982987217,
      "recall_at_10": 0.8383150833579954,
      "ndcg_at_10": 0.7841544623574346,
      "precision_at_5": 0.16284896912301466,
      "mrr_at_10": 0.7668886649724176,
      "n_queries": 10137
    },
    "swapped_attributes": {
      "recall_at_1": 0.9991121633619414,
      "ndcg_at_1": 0.9991121633619414,
      "recall_at_5": 0.999408108907961,
      "ndcg_at_5": 0.999298884212362,
      "recall_at_10": 0.999408108907961,
      "ndcg_at_10": 0.999298884212362,
      "precision_at_5": 0.19988162178159216,
      "mrr_at_10": 0.9992601361349511,
      "n_queries": 10137
    }
  },
  "latency_ms": {
    "p50": 10.098187496623723,
    "p95": 12.72407652407613,
    "p99": 14.247661683451346,
    "n_queries": 6000
  },
  "per_bucket_latency_ms": {
    "pristine": {
      "p50": 9.999312496802304,
      "p95": 12.482295199879445,
      "p99": 14.100015826552408,
      "n_queries": 1000
    },
    "missing_firstname": {
      "p50": 10.115457997017074,
      "p95": 13.02442019150476,
      "p99": 14.186163331323769,
      "n_queries": 1000
    },
    "missing_email_company": {
      "p50": 9.736978994624224,
      "p95": 12.337699993804563,
      "p99": 14.345767412014538,
      "n_queries": 1000
    },
    "typo_name": {
      "p50": 10.15337549324613,
      "p95": 12.87108749820618,
      "p99": 14.634710523241665,
      "n_queries": 1000
    },
    "domain_mismatch": {
      "p50": 10.523603996261954,
      "p95": 12.86926845277776,
      "p99": 13.907991832675176,
      "n_queries": 1000
    },
    "swapped_attributes": {
      "p50": 10.06039600179065,
      "p95": 12.759687808284069,
      "p99": 14.311321174900513,
      "n_queries": 1000
    }
  },
  "index_size_mb": 665.16
}