{
  "experiment_id": "bge_small_base_128_binary",
  "model": "bge_small",
  "serialization": "pipe",
  "mode": "zero_shot",
  "quantization": "binary",
  "dims": 384,
  "index_size": 1000050,
  "timestamp": "2026-03-09T02:41:40.856062+00:00",
  "overall": {
    "recall_at_1": 0.823369833284009,
    "ndcg_at_1": 0.823369833284009,
    "recall_at_5": 0.8714609845121831,
    "ndcg_at_5": 0.8491062027408174,
    "recall_at_10": 0.8891519515964618,
    "ndcg_at_10": 0.8548442724311428,
    "precision_at_5": 0.17429219690243666,
    "mrr_at_10": 0.844032958782145
  },
  "per_bucket": {
    "pristine": {
      "recall_at_1": 1.0,
      "ndcg_at_1": 1.0,
      "recall_at_5": 1.0,
      "ndcg_at_5": 1.0,
      "recall_at_10": 1.0,
      "ndcg_at_10": 1.0,
      "precision_at_5": 0.19999999999999996,
      "mrr_at_10": 1.0,
      "n_queries": 10137
    },
    "missing_firstname": {
      "recall_at_1": 0.9074676926112262,
      "ndcg_at_1": 0.9074676926112262,
      "recall_at_5": 0.9115122817401599,
      "ndcg_at_5": 0.9098827840375363,
      "recall_at_10": 0.9115122817401599,
      "ndcg_at_10": 0.9098827840375363,
      "precision_at_5": 0.18230245634803194,
      "mrr_at_10": 0.9093173522738482,
      "n_queries": 10137
    },
    "missing_email_company": {
      "recall_at_1": 0.22481996645950478,
      "ndcg_at_1": 0.22481996645950478,
      "recall_at_5": 0.44776561112755253,
      "ndcg_at_5": 0.3423151275246343,
      "recall_at_10": 0.5425668343691428,
      "ndcg_at_10": 0.3730349073377106,
      "precision_at_5": 0.08955312222551051,
      "mrr_at_10": 0.3200353568805773,
      "n_queries": 10137
    },
    "typo_name": {
      "recall_at_1": 0.9490973660846405,
      "ndcg_at_1": 0.9490973660846405,
      "recall_at_5": 0.956989247311828,
      "ndcg_at_5": 0.9535631582060445,
      "recall_at_10": 0.9577784354345467,
      "ndcg_at_10": 0.9538236739332574,
      "precision_at_5": 0.19139784946236557,
      "mrr_at_10": 0.952509469474548,
      "n_queries": 10137
    },
    "domain_mismatch": {
      "recall_at_1": 0.8593272171253823,
      "ndcg_at_1": 0.8593272171253823,
      "recall_at_5": 0.9128933609549176,
      "ndcg_at_5": 0.889307148969915,
      "recall_at_10": 0.923448752096281,
      "ndcg_at_10": 0.8927552715715785,
      "precision_at_5": 0.18257867219098353,
      "mrr_at_10": 0.8827794923829254,
      "n_queries": 10137
    },
    "swapped_attributes": {
      "recall_at_1": 0.9995067574233008,
      "ndcg_at_1": 0.9995067574233008,
      "recall_at_5": 0.9996054059386407,
      "ndcg_at_5": 0.9995689977067743,
      "recall_at_10": 0.9996054059386407,
      "ndcg_at_10": 0.9995689977067743,
      "precision_at_5": 0.19992108118772808,
      "mrr_at_10": 0.9995560816809707,
      "n_queries": 10137
    }
  },
  "latency_ms": {
    "p50": 10.144791830195269,
    "p95": 12.988707823024015,
    "p99": 14.52434240563889,
    "n_queries": 6000
  },
  "per_bucket_latency_ms": {
    "pristine": {
      "p50": 10.026916497736238,
      "p95": 12.777876751351869,
      "p99": 14.335975833819246,
      "n_queries": 1000
    },
    "missing_firstname": {
      "p50": 10.010020996560343,
      "p95": 13.297137148765614,
      "p99": 14.516496340656886,
      "n_queries": 1000
    },
    "missing_email_company": {
      "p50": 10.131875496881548,
      "p95": 12.702293445181567,
      "p99": 15.035371010162635,
      "n_queries": 1000
    },
    "typo_name": {
      "p50": 9.98141700256383,
      "p95": 13.014146151544992,
      "p99": 14.616695584118133,
      "n_queries": 1000
    },
    "domain_mismatch": {
      "p50": 10.402229490864556,
      "p95": 13.130149992502993,
      "p99": 14.325586738123093,
      "n_queries": 1000
    },
    "swapped_attributes": {
      "p50": 10.3162914965651,
      "p95": 13.010643448797055,
      "p99": 14.315928926953347,
      "n_queries": 1000
    }
  },
  "index_size_mb": 672.79
}