{
  "experiment_id": "bge_small_ft_64_binary",
  "model": "bge_small",
  "serialization": "pipe",
  "mode": "fine_tuned",
  "quantization": "binary",
  "dims": 384,
  "index_size": 1000050,
  "timestamp": "2026-03-09T04:01:16.041875+00:00",
  "overall": {
    "recall_at_1": 0.8747163855183979,
    "ndcg_at_1": 0.8747163855183979,
    "recall_at_5": 0.9131564236624905,
    "ndcg_at_5": 0.8952896475535246,
    "recall_at_10": 0.9256190194337576,
    "ndcg_at_10": 0.8993254884312534,
    "precision_at_5": 0.18263128473249815,
    "mrr_at_10": 0.8910020092458191
  },
  "per_bucket": {
    "pristine": {
      "recall_at_1": 1.0,
      "ndcg_at_1": 1.0,
      "recall_at_5": 1.0,
      "ndcg_at_5": 1.0,
      "recall_at_10": 1.0,
      "ndcg_at_10": 1.0,
      "precision_at_5": 0.19999999999999996,
      "mrr_at_10": 1.0,
      "n_queries": 10137
    },
    "missing_firstname": {
      "recall_at_1": 0.9813554306007695,
      "ndcg_at_1": 0.9813554306007695,
      "recall_at_5": 0.9819473216928085,
      "ndcg_at_5": 0.9817288723016107,
      "recall_at_10": 0.9819473216928085,
      "ndcg_at_10": 0.9817288723016107,
      "precision_at_5": 0.19638946433856166,
      "mrr_at_10": 0.981651376146789,
      "n_queries": 10137
    },
    "missing_email_company": {
      "recall_at_1": 0.28154286277991514,
      "ndcg_at_1": 0.28154286277991514,
      "recall_at_5": 0.5107033639143731,
      "ndcg_at_5": 0.4040617467643747,
      "recall_at_10": 0.585478938541975,
      "ndcg_at_10": 0.42827679203074775,
      "precision_at_5": 0.10214067278287463,
      "mrr_at_10": 0.37853318269861624,
      "n_queries": 10137
    },
    "typo_name": {
      "recall_at_1": 0.9855973167603828,
      "ndcg_at_1": 0.9855973167603828,
      "recall_at_5": 0.9862878563677616,
      "ndcg_at_5": 0.9860200827188939,
      "recall_at_10": 0.9862878563677616,
      "ndcg_at_10": 0.9860200827188939,
      "precision_at_5": 0.1972575712735523,
      "mrr_at_10": 0.9859261451448488,
      "n_queries": 10137
    },
    "domain_mismatch": {
      "recall_at_1": 0.9999013514846602,
      "ndcg_at_1": 0.9999013514846602,
      "recall_at_5": 1.0,
      "ndcg_at_5": 0.9999635917681338,
      "recall_at_10": 1.0,
      "ndcg_at_10": 0.9999635917681338,
      "precision_at_5": 0.19999999999999996,
      "mrr_at_10": 0.9999506757423301,
      "n_queries": 10137
    },
    "swapped_attributes": {
      "recall_at_1": 0.9999013514846602,
      "ndcg_at_1": 0.9999013514846602,
      "recall_at_5": 1.0,
      "ndcg_at_5": 0.9999635917681338,
      "recall_at_10": 1.0,
      "ndcg_at_10": 0.9999635917681338,
      "precision_at_5": 0.19999999999999996,
      "mrr_at_10": 0.9999506757423301,
      "n_queries": 10137
    }
  },
  "latency_ms": {
    "p50": 17.87961091758916,
    "p95": 20.609672518548905,
    "p99": 24.20871260437706,
    "n_queries": 6000
  },
  "per_bucket_latency_ms": {
    "pristine": {
      "p50": 17.583917004230898,
      "p95": 20.510937208746327,
      "p99": 24.756035327154674,
      "n_queries": 1000
    },
    "missing_firstname": {
      "p50": 17.957541000214405,
      "p95": 20.690998248028333,
      "p99": 23.981599575054133,
      "n_queries": 1000
    },
    "missing_email_company": {
      "p50": 15.350999492511619,
      "p95": 18.343937506870134,
      "p99": 22.349249240942257,
      "n_queries": 1000
    },
    "typo_name": {
      "p50": 18.36339549481636,
      "p95": 21.14956010336755,
      "p99": 23.52142582181841,
      "n_queries": 1000
    },
    "domain_mismatch": {
      "p50": 19.058021003729664,
      "p95": 21.720504148834152,
      "p99": 28.60571958735818,
      "n_queries": 1000
    },
    "swapped_attributes": {
      "p50": 18.963791510032024,
      "p95": 21.242097895446932,
      "p99": 22.03824607393471,
      "n_queries": 1000
    }
  },
  "index_size_mb": 420.88
}