{
  "experiment_id": "bge_small_ft_128_binary",
  "model": "bge_small",
  "serialization": "pipe",
  "mode": "fine_tuned",
  "quantization": "binary",
  "dims": 384,
  "index_size": 1000050,
  "timestamp": "2026-03-09T03:45:54.082609+00:00",
  "overall": {
    "recall_at_1": 0.8852388938213147,
    "ndcg_at_1": 0.8852388938213147,
    "recall_at_5": 0.9245338857650193,
    "ndcg_at_5": 0.9063066884810946,
    "recall_at_10": 0.9380158495281312,
    "ndcg_at_10": 0.9106755722963628,
    "precision_at_5": 0.18490677715300388,
    "mrr_at_10": 0.9020386772643357
  },
  "per_bucket": {
    "pristine": {
      "recall_at_1": 1.0,
      "ndcg_at_1": 1.0,
      "recall_at_5": 1.0,
      "ndcg_at_5": 1.0,
      "recall_at_10": 1.0,
      "ndcg_at_10": 1.0,
      "precision_at_5": 0.19999999999999996,
      "mrr_at_10": 1.0,
      "n_queries": 10137
    },
    "missing_firstname": {
      "recall_at_1": 0.9812567820854297,
      "ndcg_at_1": 0.9812567820854297,
      "recall_at_5": 0.9812567820854297,
      "ndcg_at_5": 0.9812567820854297,
      "recall_at_10": 0.9812567820854297,
      "ndcg_at_10": 0.9812567820854297,
      "precision_at_5": 0.1962513564170859,
      "mrr_at_10": 0.9812567820854297,
      "n_queries": 10137
    },
    "missing_email_company": {
      "recall_at_1": 0.34497385814343495,
      "ndcg_at_1": 0.34497385814343495,
      "recall_at_5": 0.5807438098056624,
      "ndcg_at_5": 0.4713806261021149,
      "recall_at_10": 0.6616355923843347,
      "ndcg_at_10": 0.4975939289937227,
      "precision_at_5": 0.11614876196113247,
      "mrr_at_10": 0.44577255880156147,
      "n_queries": 10137
    },
    "typo_name": {
      "recall_at_1": 0.9852027226990234,
      "ndcg_at_1": 0.9852027226990234,
      "recall_at_5": 0.9852027226990234,
      "ndcg_at_5": 0.9852027226990234,
      "recall_at_10": 0.9852027226990234,
      "ndcg_at_10": 0.9852027226990234,
      "precision_at_5": 0.19704054453980466,
      "mrr_at_10": 0.9852027226990234,
      "n_queries": 10137
    },
    "domain_mismatch": {
      "recall_at_1": 1.0,
      "ndcg_at_1": 1.0,
      "recall_at_5": 1.0,
      "ndcg_at_5": 1.0,
      "recall_at_10": 1.0,
      "ndcg_at_10": 1.0,
      "precision_at_5": 0.19999999999999996,
      "mrr_at_10": 1.0,
      "n_queries": 10137
    },
    "swapped_attributes": {
      "recall_at_1": 1.0,
      "ndcg_at_1": 1.0,
      "recall_at_5": 1.0,
      "ndcg_at_5": 1.0,
      "recall_at_10": 1.0,
      "ndcg_at_10": 1.0,
      "precision_at_5": 0.19999999999999996,
      "mrr_at_10": 1.0,
      "n_queries": 10137
    }
  },
  "latency_ms": {
    "p50": 18.234270749720356,
    "p95": 20.503617948876734,
    "p99": 23.150811795688544,
    "n_queries": 6000
  },
  "per_bucket_latency_ms": {
    "pristine": {
      "p50": 18.232562506454997,
      "p95": 20.48280864546541,
      "p99": 22.689297086035364,
      "n_queries": 1000
    },
    "missing_firstname": {
      "p50": 19.42166650405852,
      "p95": 21.19553721058764,
      "p99": 24.93032925049192,
      "n_queries": 1000
    },
    "missing_email_company": {
      "p50": 15.968874991813209,
      "p95": 18.66340145643335,
      "p99": 22.275429340952535,
      "n_queries": 1000
    },
    "typo_name": {
      "p50": 18.65535399701912,
      "p95": 20.802139546867693,
      "p99": 23.379765837453306,
      "n_queries": 1000
    },
    "domain_mismatch": {
      "p50": 18.589999992400408,
      "p95": 20.90047083911486,
      "p99": 22.746912002039608,
      "n_queries": 1000
    },
    "swapped_attributes": {
      "p50": 18.537166506575886,
      "p95": 20.97734999479144,
      "p99": 22.883137257158523,
      "n_queries": 1000
    }
  },
  "index_size_mb": 672.79
}