{
  "experiment_id": "bge_small_base_64_binary",
  "model": "bge_small",
  "serialization": "pipe",
  "mode": "zero_shot",
  "quantization": "binary",
  "dims": 384,
  "index_size": 1000050,
  "timestamp": "2026-03-09T02:54:41.012085+00:00",
  "overall": {
    "recall_at_1": 0.7771694452665154,
    "ndcg_at_1": 0.7771694452665154,
    "recall_at_5": 0.8233862747032323,
    "ndcg_at_5": 0.8019227166137172,
    "recall_at_10": 0.8408799447568314,
    "ndcg_at_10": 0.8076125156347681,
    "precision_at_5": 0.16467725494064647,
    "mrr_at_10": 0.797132466426883
  },
  "per_bucket": {
    "pristine": {
      "recall_at_1": 0.9999013514846602,
      "ndcg_at_1": 0.9999013514846602,
      "recall_at_5": 1.0,
      "ndcg_at_5": 0.9999635917681338,
      "recall_at_10": 1.0,
      "ndcg_at_10": 0.9999635917681338,
      "precision_at_5": 0.19999999999999996,
      "mrr_at_10": 0.9999506757423301,
      "n_queries": 10137
    },
    "missing_firstname": {
      "recall_at_1": 0.9107230936174411,
      "ndcg_at_1": 0.9107230936174411,
      "recall_at_5": 0.922758212488902,
      "ndcg_at_5": 0.9176015839015437,
      "recall_at_10": 0.9243365887343395,
      "ndcg_at_10": 0.9181287867754411,
      "precision_at_5": 0.1845516424977804,
      "mrr_at_10": 0.9160709000972391,
      "n_queries": 10137
    },
    "missing_email_company": {
      "recall_at_1": 0.12281740159810595,
      "ndcg_at_1": 0.12281740159810595,
      "recall_at_5": 0.27098747163855186,
      "ndcg_at_5": 0.20013434670240354,
      "recall_at_10": 0.34566439775081387,
      "ndcg_at_10": 0.22442900934322524,
      "precision_at_5": 0.05419749432771038,
      "mrr_at_10": 0.18679460439596574,
      "n_queries": 10137
    },
    "typo_name": {
      "recall_at_1": 0.8775771924632534,
      "ndcg_at_1": 0.8775771924632534,
      "recall_at_5": 0.9230541580349215,
      "ndcg_at_5": 0.9030647923359981,
      "recall_at_10": 0.9309460392621091,
      "ndcg_at_10": 0.9055984982332663,
      "precision_at_5": 0.1846108316069843,
      "mrr_at_10": 0.8973368815481866,
      "n_queries": 10137
    },
    "domain_mismatch": {
      "recall_at_1": 0.7528854690736905,
      "ndcg_at_1": 0.7528854690736905,
      "recall_at_5": 0.8242083456643977,
      "ndcg_at_5": 0.7915353410453354,
      "recall_at_10": 0.8450231824011049,
      "ndcg_at_10": 0.7983185637596534,
      "precision_at_5": 0.16484166913287954,
      "mrr_at_10": 0.7834309249002945,
      "n_queries": 10137
    },
    "swapped_attributes": {
      "recall_at_1": 0.9991121633619414,
      "ndcg_at_1": 0.9991121633619414,
      "recall_at_5": 0.9993094603926211,
      "ndcg_at_5": 0.9992366439288886,
      "recall_at_10": 0.9993094603926211,
      "ndcg_at_10": 0.9992366439288886,
      "precision_at_5": 0.1998618920785242,
      "mrr_at_10": 0.9992108118772812,
      "n_queries": 10137
    }
  },
  "latency_ms": {
    "p50": 16.436419996656088,
    "p95": 18.37037745208363,
    "p99": 19.42846446271384,
    "n_queries": 6000
  },
  "per_bucket_latency_ms": {
    "pristine": {
      "p50": 9.986603996367194,
      "p95": 12.844991652673343,
      "p99": 14.431661852140667,
      "n_queries": 1000
    },
    "missing_firstname": {
      "p50": 18.625874996359926,
      "p95": 20.240552395989653,
      "p99": 21.272084915690357,
      "n_queries": 1000
    },
    "missing_email_company": {
      "p50": 14.759916499315295,
      "p95": 17.307356910896488,
      "p99": 18.25901792210061,
      "n_queries": 1000
    },
    "typo_name": {
      "p50": 18.33999999507796,
      "p95": 19.953079154220177,
      "p99": 20.87315157841658,
      "n_queries": 1000
    },
    "domain_mismatch": {
      "p50": 18.440937499690335,
      "p95": 19.925656903797062,
      "p99": 20.565969174494967,
      "n_queries": 1000
    },
    "swapped_attributes": {
      "p50": 18.465186993125826,
      "p95": 19.95062769492506,
      "p99": 21.168901333439862,
      "n_queries": 1000
    }
  },
  "index_size_mb": 420.88
}