{
  "experiment_id": "bge_small_base",
  "model": "bge_small",
  "serialization": "pipe",
  "mode": "zero_shot",
  "quantization": "fp32",
  "dims": 384,
  "index_size": 1000050,
  "timestamp": "2026-03-08T05:59:43.391260+00:00",
  "overall": {
    "recall_at_1": 0.8216270428463385,
    "ndcg_at_1": 0.8216270428463385,
    "recall_at_5": 0.8753247180296603,
    "ndcg_at_5": 0.85025772080516,
    "recall_at_10": 0.894298115813357,
    "ndcg_at_10": 0.8564321161273739,
    "precision_at_5": 0.17506494360593208,
    "mrr_at_10": 0.8444848368358775
  },
  "per_bucket": {
    "pristine": {
      "recall_at_1": 1.0,
      "ndcg_at_1": 1.0,
      "recall_at_5": 1.0,
      "ndcg_at_5": 1.0,
      "recall_at_10": 1.0,
      "ndcg_at_10": 1.0,
      "precision_at_5": 0.19999999999999996,
      "mrr_at_10": 1.0,
      "n_queries": 10137
    },
    "missing_firstname": {
      "recall_at_1": 0.8989839202919996,
      "ndcg_at_1": 0.8989839202919996,
      "recall_at_5": 0.9043109401203512,
      "ndcg_at_5": 0.9020231661325239,
      "recall_at_10": 0.9049028312123902,
      "ndcg_at_10": 0.9022138970144188,
      "precision_at_5": 0.18086218802407023,
      "mrr_at_10": 0.9013229862001688,
      "n_queries": 10137
    },
    "missing_email_company": {
      "recall_at_1": 0.26990233796981355,
      "ndcg_at_1": 0.26990233796981355,
      "recall_at_5": 0.5055736411167012,
      "ndcg_at_5": 0.3942109481880999,
      "recall_at_10": 0.5971194633520766,
      "ndcg_at_10": 0.4240102267457568,
      "precision_at_5": 0.10111472822334024,
      "mrr_at_10": 0.3696763467479656,
      "n_queries": 10137
    },
    "typo_name": {
      "recall_at_1": 0.9570878958271678,
      "ndcg_at_1": 0.9570878958271678,
      "recall_at_5": 0.9630068067475585,
      "ndcg_at_5": 0.9605264154201405,
      "recall_at_10": 0.963302752293578,
      "ndcg_at_10": 0.9606295768789105,
      "precision_at_5": 0.19260136134951164,
      "mrr_at_10": 0.9597243948383339,
      "n_queries": 10137
    },
    "domain_mismatch": {
      "recall_at_1": 0.80378810298905,
      "ndcg_at_1": 0.80378810298905,
      "recall_at_5": 0.8790569201933511,
      "ndcg_at_5": 0.8447857950901967,
      "recall_at_10": 0.9004636480220972,
      "ndcg_at_10": 0.8517389961251575,
      "precision_at_5": 0.1758113840386702,
      "mrr_at_10": 0.8361852932287973,
      "n_queries": 10137
    },
    "swapped_attributes": {
      "recall_at_1": 1.0,
      "ndcg_at_1": 1.0,
      "recall_at_5": 1.0,
      "ndcg_at_5": 1.0,
      "recall_at_10": 1.0,
      "ndcg_at_10": 1.0,
      "precision_at_5": 0.19999999999999996,
      "mrr_at_10": 1.0,
      "n_queries": 10137
    }
  },
  "latency_ms": {
    "p50": 11.692326500148434,
    "p95": 14.807239794511892,
    "p99": 17.026421388800372,
    "n_queries": 6000
  },
  "per_bucket_latency_ms": {
    "pristine": {
      "p50": 11.56245849415427,
      "p95": 15.028306256135693,
      "p99": 19.43349049863172,
      "n_queries": 1000
    },
    "missing_firstname": {
      "p50": 11.913645997992717,
      "p95": 15.089321156119695,
      "p99": 16.782971081556752,
      "n_queries": 1000
    },
    "missing_email_company": {
      "p50": 11.259416503889952,
      "p95": 14.227901758567894,
      "p99": 15.548952256795019,
      "n_queries": 1000
    },
    "typo_name": {
      "p50": 11.547417008841876,
      "p95": 14.76969200084568,
      "p99": 16.618383579479996,
      "n_queries": 1000
    },
    "domain_mismatch": {
      "p50": 12.049208497046493,
      "p95": 14.678077699500136,
      "p99": 15.824742913828231,
      "n_queries": 1000
    },
    "swapped_attributes": {
      "p50": 11.8218124989653,
      "p95": 15.050139895902248,
      "p99": 17.94998800251051,
      "n_queries": 1000
    }
  },
  "index_size_mb": 1616.75
}