{
  "experiment_id": "gte_modernbert_base_ft_512_int8",
  "model": "gte_modernbert_base",
  "serialization": "pipe",
  "mode": "fine_tuned",
  "quantization": "int8",
  "dims": 768,
  "index_size": 1000050,
  "timestamp": "2026-03-09T06:47:13.091596+00:00",
  "overall": {
    "recall_at_1": 0.9034559863207392,
    "ndcg_at_1": 0.9034559863207392,
    "recall_at_5": 0.9571372200848377,
    "ndcg_at_5": 0.932107693252974,
    "recall_at_10": 0.9732662523429022,
    "ndcg_at_10": 0.9373616911091753,
    "precision_at_5": 0.19142744401696757,
    "mrr_at_10": 0.9259589262030813
  },
  "per_bucket": {
    "pristine": {
      "recall_at_1": 1.0,
      "ndcg_at_1": 1.0,
      "recall_at_5": 1.0,
      "ndcg_at_5": 1.0,
      "recall_at_10": 1.0,
      "ndcg_at_10": 1.0,
      "precision_at_5": 0.19999999999999996,
      "mrr_at_10": 1.0,
      "n_queries": 10137
    },
    "missing_firstname": {
      "recall_at_1": 0.9983229752392226,
      "ndcg_at_1": 0.9983229752392226,
      "recall_at_5": 0.9983229752392226,
      "ndcg_at_5": 0.9983229752392226,
      "recall_at_10": 0.9983229752392226,
      "ndcg_at_10": 0.9983229752392226,
      "precision_at_5": 0.1996645950478445,
      "mrr_at_10": 0.9983229752392226,
      "n_queries": 10137
    },
    "missing_email_company": {
      "recall_at_1": 0.42359672486929073,
      "ndcg_at_1": 0.42359672486929073,
      "recall_at_5": 0.745585478938542,
      "ndcg_at_5": 0.5954447261792258,
      "recall_at_10": 0.8423596724869291,
      "ndcg_at_10": 0.626968713316434,
      "precision_at_5": 0.14911709578770838,
      "mrr_at_10": 0.5585650399056733,
      "n_queries": 10137
    },
    "typo_name": {
      "recall_at_1": 0.9998027029693203,
      "ndcg_at_1": 0.9998027029693203,
      "recall_at_5": 0.9998027029693203,
      "ndcg_at_5": 0.9998027029693203,
      "recall_at_10": 0.9998027029693203,
      "ndcg_at_10": 0.9998027029693203,
      "precision_at_5": 0.19996054059386403,
      "mrr_at_10": 0.9998027029693203,
      "n_queries": 10137
    },
    "domain_mismatch": {
      "recall_at_1": 0.9999013514846602,
      "ndcg_at_1": 0.9999013514846602,
      "recall_at_5": 1.0,
      "ndcg_at_5": 0.9999635917681338,
      "recall_at_10": 1.0,
      "ndcg_at_10": 0.9999635917681338,
      "precision_at_5": 0.19999999999999996,
      "mrr_at_10": 0.9999506757423301,
      "n_queries": 10137
    },
    "swapped_attributes": {
      "recall_at_1": 0.9991121633619414,
      "ndcg_at_1": 0.9991121633619414,
      "recall_at_5": 0.9991121633619414,
      "ndcg_at_5": 0.9991121633619414,
      "recall_at_10": 0.9991121633619414,
      "ndcg_at_10": 0.9991121633619414,
      "precision_at_5": 0.19982243267238825,
      "mrr_at_10": 0.9991121633619414,
      "n_queries": 10137
    }
  },
  "latency_ms": {
    "p50": 15.64366658324919,
    "p95": 21.22518924297765,
    "p99": 25.94973850946796,
    "n_queries": 6000
  },
  "per_bucket_latency_ms": {
    "pristine": {
      "p50": 15.869834009208716,
      "p95": 23.319408640963957,
      "p99": 37.47826202044962,
      "n_queries": 1000
    },
    "missing_firstname": {
      "p50": 15.600374506902881,
      "p95": 21.62284970254404,
      "p99": 24.790324614732526,
      "n_queries": 1000
    },
    "missing_email_company": {
      "p50": 15.768957993714139,
      "p95": 18.723029510874767,
      "p99": 20.41855541203404,
      "n_queries": 1000
    },
    "typo_name": {
      "p50": 15.657958501833491,
      "p95": 23.025381530169394,
      "p99": 26.318005403154526,
      "n_queries": 1000
    },
    "domain_mismatch": {
      "p50": 15.116541486349888,
      "p95": 18.508393452793825,
      "p99": 22.37931434996426,
      "n_queries": 1000
    },
    "swapped_attributes": {
      "p50": 15.848333001486026,
      "p95": 22.152072620519903,
      "p99": 24.31396925647277,
      "n_queries": 1000
    }
  },
  "index_size_mb": 2245.7
}