{
  "experiment_id": "gte_modernbert_base_ft_256_fp32",
  "model": "gte_modernbert_base",
  "serialization": "pipe",
  "mode": "fine_tuned",
  "quantization": "fp32",
  "dims": 768,
  "index_size": 1000050,
  "timestamp": "2026-03-09T07:00:46.544188+00:00",
  "overall": {
    "recall_at_1": 0.8868994771628687,
    "ndcg_at_1": 0.8868994771628687,
    "recall_at_5": 0.9352372496793924,
    "ndcg_at_5": 0.9124193280160052,
    "recall_at_10": 0.9532570451481371,
    "ndcg_at_10": 0.9182916704628178,
    "precision_at_5": 0.1870474499358785,
    "mrr_at_10": 0.9072942095409295
  },
  "per_bucket": {
    "pristine": {
      "recall_at_1": 1.0,
      "ndcg_at_1": 1.0,
      "recall_at_5": 1.0,
      "ndcg_at_5": 1.0,
      "recall_at_10": 1.0,
      "ndcg_at_10": 1.0,
      "precision_at_5": 0.19999999999999996,
      "mrr_at_10": 1.0,
      "n_queries": 10137
    },
    "missing_firstname": {
      "recall_at_1": 0.9976324356318438,
      "ndcg_at_1": 0.9976324356318438,
      "recall_at_5": 0.9978297326625234,
      "ndcg_at_5": 0.9977440001729873,
      "recall_at_10": 0.9978297326625234,
      "ndcg_at_10": 0.9977440001729873,
      "precision_at_5": 0.19956594653250467,
      "mrr_at_10": 0.9977146427279603,
      "n_queries": 10137
    },
    "missing_email_company": {
      "recall_at_1": 0.3256387491368255,
      "ndcg_at_1": 0.3256387491368255,
      "recall_at_5": 0.614580250567229,
      "ndcg_at_5": 0.4781119592148456,
      "recall_at_10": 0.7226990233796982,
      "ndcg_at_10": 0.5133460138957212,
      "precision_at_5": 0.1229160501134458,
      "mrr_at_10": 0.4475139008284909,
      "n_queries": 10137
    },
    "typo_name": {
      "recall_at_1": 0.9999013514846602,
      "ndcg_at_1": 0.9999013514846602,
      "recall_at_5": 0.9999013514846602,
      "ndcg_at_5": 0.9999013514846602,
      "recall_at_10": 0.9999013514846602,
      "ndcg_at_10": 0.9999013514846602,
      "precision_at_5": 0.19998027029693202,
      "mrr_at_10": 0.9999013514846602,
      "n_queries": 10137
    },
    "domain_mismatch": {
      "recall_at_1": 0.9998027029693203,
      "ndcg_at_1": 0.9998027029693203,
      "recall_at_5": 1.0,
      "ndcg_at_5": 0.9999142675104639,
      "recall_at_10": 1.0,
      "ndcg_at_10": 0.9999142675104639,
      "precision_at_5": 0.19999999999999996,
      "mrr_at_10": 0.9998849100654369,
      "n_queries": 10137
    },
    "swapped_attributes": {
      "recall_at_1": 0.9984216237545624,
      "ndcg_at_1": 0.9984216237545624,
      "recall_at_5": 0.9991121633619414,
      "ndcg_at_5": 0.9988443897130735,
      "recall_at_10": 0.9991121633619414,
      "ndcg_at_10": 0.9988443897130735,
      "precision_at_5": 0.19982243267238828,
      "mrr_at_10": 0.9987504521390287,
      "n_queries": 10137
    }
  },
  "latency_ms": {
    "p50": 14.570187585680591,
    "p95": 19.273285614569126,
    "p99": 22.137707710207906,
    "n_queries": 6000
  },
  "per_bucket_latency_ms": {
    "pristine": {
      "p50": 14.208291511749849,
      "p95": 19.531839311821383,
      "p99": 23.707120661274526,
      "n_queries": 1000
    },
    "missing_firstname": {
      "p50": 14.652437501354143,
      "p95": 19.931139581603926,
      "p99": 22.40789081522962,
      "n_queries": 1000
    },
    "missing_email_company": {
      "p50": 14.634521008701995,
      "p95": 17.125011858297512,
      "p99": 19.508885762770657,
      "n_queries": 1000
    },
    "typo_name": {
      "p50": 14.806625506025739,
      "p95": 21.500808013661295,
      "p99": 24.18622240278637,
      "n_queries": 1000
    },
    "domain_mismatch": {
      "p50": 14.378270483575761,
      "p95": 16.86905000678962,
      "p99": 19.584477012685962,
      "n_queries": 1000
    },
    "swapped_attributes": {
      "p50": 14.740979502676055,
      "p95": 20.68186491524102,
      "p99": 23.43164960650028,
      "n_queries": 1000
    }
  },
  "index_size_mb": 1161.34
}