{
  "experiment_id": "gte_modernbert_base_base",
  "model": "gte_modernbert_base",
  "serialization": "pipe",
  "mode": "zero_shot",
  "quantization": "fp32",
  "dims": 768,
  "index_size": 1000050,
  "timestamp": "2026-03-08T14:33:00.257923+00:00",
  "overall": {
    "recall_at_1": 0.8662326131991713,
    "ndcg_at_1": 0.8662326131991713,
    "recall_at_5": 0.924254381638223,
    "ndcg_at_5": 0.8975594360518465,
    "recall_at_10": 0.9414521061458025,
    "ndcg_at_10": 0.90314642752824,
    "precision_at_5": 0.1848508763276446,
    "mrr_at_10": 0.8909558166870488
  },
  "per_bucket": {
    "pristine": {
      "recall_at_1": 1.0,
      "ndcg_at_1": 1.0,
      "recall_at_5": 1.0,
      "ndcg_at_5": 1.0,
      "recall_at_10": 1.0,
      "ndcg_at_10": 1.0,
      "precision_at_5": 0.19999999999999996,
      "mrr_at_10": 1.0,
      "n_queries": 10137
    },
    "missing_firstname": {
      "recall_at_1": 0.9057906678504488,
      "ndcg_at_1": 0.9057906678504488,
      "recall_at_5": 0.9170365985991911,
      "ndcg_at_5": 0.9121747977312749,
      "recall_at_10": 0.9189109203906481,
      "ndcg_at_10": 0.9128053639970741,
      "precision_at_5": 0.1834073197198382,
      "mrr_at_10": 0.9107954358620236,
      "n_queries": 10137
    },
    "missing_email_company": {
      "recall_at_1": 0.36312518496596624,
      "ndcg_at_1": 0.36312518496596624,
      "recall_at_5": 0.6488112853901549,
      "ndcg_at_5": 0.5150775262595162,
      "recall_at_10": 0.7465719640919404,
      "ndcg_at_10": 0.5467948116774843,
      "precision_at_5": 0.129762257078031,
      "mrr_at_10": 0.4837183365668124,
      "n_queries": 10137
    },
    "typo_name": {
      "recall_at_1": 0.9915162276807734,
      "ndcg_at_1": 0.9915162276807734,
      "recall_at_5": 0.9934891979875703,
      "ndcg_at_5": 0.9926982074444488,
      "recall_at_10": 0.9935878465029101,
      "ndcg_at_10": 0.9927310902828954,
      "precision_at_5": 0.19869783959751405,
      "mrr_at_10": 0.9924378866669484,
      "n_queries": 10137
    },
    "domain_mismatch": {
      "recall_at_1": 0.9377527868205584,
      "ndcg_at_1": 0.9377527868205584,
      "recall_at_5": 0.9868797474598008,
      "ndcg_at_5": 0.966133032715084,
      "recall_at_10": 0.9903324454966953,
      "ndcg_at_10": 0.9672742470512314,
      "precision_at_5": 0.1973759494919601,
      "mrr_at_10": 0.9595231048915572,
      "n_queries": 10137
    },
    "swapped_attributes": {
      "recall_at_1": 0.9992108118772812,
      "ndcg_at_1": 0.9992108118772812,
      "recall_at_5": 0.9993094603926211,
      "ndcg_at_5": 0.9992730521607548,
      "recall_at_10": 0.9993094603926211,
      "ndcg_at_10": 0.9992730521607548,
      "precision_at_5": 0.1998618920785242,
      "mrr_at_10": 0.9992601361349511,
      "n_queries": 10137
    }
  },
  "latency_ms": {
    "p50": 24.18654533539666,
    "p95": 33.8765774823211,
    "p99": 38.66876711110914,
    "n_queries": 6000
  },
  "per_bucket_latency_ms": {
    "pristine": {
      "p50": 25.31766700121807,
      "p95": 36.506100001133746,
      "p99": 43.10547115543159,
      "n_queries": 1000
    },
    "missing_firstname": {
      "p50": 24.193333498260472,
      "p95": 33.124190197122516,
      "p99": 37.654131497838534,
      "n_queries": 1000
    },
    "missing_email_company": {
      "p50": 21.123270504176617,
      "p95": 28.91288784594508,
      "p99": 31.29640867933631,
      "n_queries": 1000
    },
    "typo_name": {
      "p50": 25.307083502411842,
      "p95": 35.412193745287354,
      "p99": 40.89525925257475,
      "n_queries": 1000
    },
    "domain_mismatch": {
      "p50": 23.946625500684604,
      "p95": 33.70807260507718,
      "p99": 39.02276758977677,
      "n_queries": 1000
    },
    "swapped_attributes": {
      "p50": 25.231292005628347,
      "p95": 35.59602049936075,
      "p99": 40.03856449169689,
      "n_queries": 1000
    }
  },
  "index_size_mb": 3105.3
}