{
  "experiment_id": "gte_modernbert_base_base_512_binary",
  "model": "gte_modernbert_base",
  "serialization": "pipe",
  "mode": "zero_shot",
  "quantization": "binary",
  "dims": 768,
  "index_size": 1000050,
  "timestamp": "2026-03-09T04:59:29.028673+00:00",
  "overall": {
    "recall_at_1": 0.877067508467331,
    "ndcg_at_1": 0.877067508467331,
    "recall_at_5": 0.9307487422314294,
    "ndcg_at_5": 0.9061423206561356,
    "recall_at_10": 0.9462036763013383,
    "ndcg_at_10": 0.9111685718565032,
    "precision_at_5": 0.18614974844628587,
    "mrr_at_10": 0.8999984080530593
  },
  "per_bucket": {
    "pristine": {
      "recall_at_1": 1.0,
      "ndcg_at_1": 1.0,
      "recall_at_5": 1.0,
      "ndcg_at_5": 1.0,
      "recall_at_10": 1.0,
      "ndcg_at_10": 1.0,
      "precision_at_5": 0.19999999999999996,
      "mrr_at_10": 1.0,
      "n_queries": 10137
    },
    "missing_firstname": {
      "recall_at_1": 0.9186149748446286,
      "ndcg_at_1": 0.9186149748446286,
      "recall_at_5": 0.922758212488902,
      "ndcg_at_5": 0.9209968099423851,
      "recall_at_10": 0.9232514550656012,
      "ndcg_at_10": 0.9211581833792529,
      "precision_at_5": 0.18455164249778042,
      "mrr_at_10": 0.9204617376857686,
      "n_queries": 10137
    },
    "missing_email_company": {
      "recall_at_1": 0.38906974450034526,
      "ndcg_at_1": 0.38906974450034526,
      "recall_at_5": 0.6775180033540495,
      "ndcg_at_5": 0.5434089091284972,
      "recall_at_10": 0.7688665285587452,
      "ndcg_at_10": 0.5731206128696118,
      "precision_at_5": 0.13550360067080988,
      "mrr_at_10": 0.5110561106491855,
      "n_queries": 10137
    },
    "typo_name": {
      "recall_at_1": 0.9916148761961132,
      "ndcg_at_1": 0.9916148761961132,
      "recall_at_5": 0.9921081187728125,
      "ndcg_at_5": 0.9919260776134811,
      "recall_at_10": 0.9921081187728125,
      "ndcg_at_10": 0.9919260776134811,
      "precision_at_5": 0.19842162375456246,
      "mrr_at_10": 0.9918614974844628,
      "n_queries": 10137
    },
    "domain_mismatch": {
      "recall_at_1": 0.9635986978395975,
      "ndcg_at_1": 0.9635986978395975,
      "recall_at_5": 0.9925027128341718,
      "ndcg_at_5": 0.9809531295456766,
      "recall_at_10": 0.9933905494722305,
      "ndcg_at_10": 0.9812375595698997,
      "precision_at_5": 0.19850054256683436,
      "mrr_at_10": 0.9770550208179684,
      "n_queries": 10137
    },
    "swapped_attributes": {
      "recall_at_1": 0.9995067574233008,
      "ndcg_at_1": 0.9995067574233008,
      "recall_at_5": 0.9996054059386407,
      "ndcg_at_5": 0.9995689977067743,
      "recall_at_10": 0.9996054059386407,
      "ndcg_at_10": 0.9995689977067743,
      "precision_at_5": 0.19992108118772808,
      "mrr_at_10": 0.9995560816809707,
      "n_queries": 10137
    }
  },
  "latency_ms": {
    "p50": 25.961937334310885,
    "p95": 36.224651796631704,
    "p99": 40.65964312258681,
    "n_queries": 6000
  },
  "per_bucket_latency_ms": {
    "pristine": {
      "p50": 25.919812498614192,
      "p95": 37.03181874443543,
      "p99": 43.2851603324525,
      "n_queries": 1000
    },
    "missing_firstname": {
      "p50": 27.320582994434517,
      "p95": 37.91302949612144,
      "p99": 42.995406253030524,
      "n_queries": 1000
    },
    "missing_email_company": {
      "p50": 23.68364550784463,
      "p95": 32.81307084398577,
      "p99": 35.42608450210537,
      "n_queries": 1000
    },
    "typo_name": {
      "p50": 26.724271003331523,
      "p95": 37.65753929474158,
      "p99": 42.54332323325797,
      "n_queries": 1000
    },
    "domain_mismatch": {
      "p50": 25.001749498187564,
      "p95": 34.778208348870976,
      "p99": 37.45851565370685,
      "n_queries": 1000
    },
    "swapped_attributes": {
      "p50": 27.12156250345288,
      "p95": 37.15424405163503,
      "p99": 42.24936876096762,
      "n_queries": 1000
    }
  },
  "index_size_mb": 2184.66
}