{
  "experiment_id": "gte_modernbert_base_ft_768_int8",
  "model": "gte_modernbert_base",
  "serialization": "pipe",
  "mode": "fine_tuned",
  "quantization": "int8",
  "dims": 768,
  "index_size": 1000050,
  "timestamp": "2026-03-09T06:24:33.715409+00:00",
  "overall": {
    "recall_at_1": 0.9044917957318076,
    "ndcg_at_1": 0.9044917957318076,
    "recall_at_5": 0.958863569103285,
    "ndcg_at_5": 0.9334302068462917,
    "recall_at_10": 0.974910394265233,
    "ndcg_at_10": 0.9386454027541105,
    "precision_at_5": 0.191772713820657,
    "mrr_at_10": 0.9271313429299026
  },
  "per_bucket": {
    "pristine": {
      "recall_at_1": 1.0,
      "ndcg_at_1": 1.0,
      "recall_at_5": 1.0,
      "ndcg_at_5": 1.0,
      "recall_at_10": 1.0,
      "ndcg_at_10": 1.0,
      "precision_at_5": 0.19999999999999996,
      "mrr_at_10": 1.0,
      "n_queries": 10137
    },
    "missing_firstname": {
      "recall_at_1": 0.9984216237545624,
      "ndcg_at_1": 0.9984216237545624,
      "recall_at_5": 0.9984216237545624,
      "ndcg_at_5": 0.9984216237545624,
      "recall_at_10": 0.9984216237545624,
      "ndcg_at_10": 0.9984216237545624,
      "precision_at_5": 0.19968432475091247,
      "mrr_at_10": 0.9984216237545624,
      "n_queries": 10137
    },
    "missing_email_company": {
      "recall_at_1": 0.4296142843050212,
      "ndcg_at_1": 0.4296142843050212,
      "recall_at_5": 0.7557462760185459,
      "ndcg_at_5": 0.603182510708452,
      "recall_at_10": 0.8520272269902338,
      "ndcg_at_10": 0.6344736861553653,
      "precision_at_5": 0.15114925520370917,
      "mrr_at_10": 0.5654022432359218,
      "n_queries": 10137
    },
    "typo_name": {
      "recall_at_1": 0.9999013514846602,
      "ndcg_at_1": 0.9999013514846602,
      "recall_at_5": 0.9999013514846602,
      "ndcg_at_5": 0.9999013514846602,
      "recall_at_10": 0.9999013514846602,
      "ndcg_at_10": 0.9999013514846602,
      "precision_at_5": 0.19998027029693202,
      "mrr_at_10": 0.9999013514846602,
      "n_queries": 10137
    },
    "domain_mismatch": {
      "recall_at_1": 0.9999013514846602,
      "ndcg_at_1": 0.9999013514846602,
      "recall_at_5": 1.0,
      "ndcg_at_5": 0.9999635917681338,
      "recall_at_10": 1.0,
      "ndcg_at_10": 0.9999635917681338,
      "precision_at_5": 0.19999999999999996,
      "mrr_at_10": 0.9999506757423301,
      "n_queries": 10137
    },
    "swapped_attributes": {
      "recall_at_1": 0.9991121633619414,
      "ndcg_at_1": 0.9991121633619414,
      "recall_at_5": 0.9991121633619414,
      "ndcg_at_5": 0.9991121633619414,
      "recall_at_10": 0.9991121633619414,
      "ndcg_at_10": 0.9991121633619414,
      "precision_at_5": 0.19982243267238828,
      "mrr_at_10": 0.9991121633619414,
      "n_queries": 10137
    }
  },
  "latency_ms": {
    "p50": 16.18231950609091,
    "p95": 20.81616031913048,
    "p99": 23.676451894037502,
    "n_queries": 6000
  },
  "per_bucket_latency_ms": {
    "pristine": {
      "p50": 15.822562505491078,
      "p95": 20.86111636308487,
      "p99": 24.911877099366393,
      "n_queries": 1000
    },
    "missing_firstname": {
      "p50": 16.215271010878496,
      "p95": 21.419839601730928,
      "p99": 24.570595755649265,
      "n_queries": 1000
    },
    "missing_email_company": {
      "p50": 16.19541650870815,
      "p95": 18.47701250662794,
      "p99": 20.341407257365063,
      "n_queries": 1000
    },
    "typo_name": {
      "p50": 16.441812505945563,
      "p95": 23.02377289161086,
      "p99": 26.217459573235825,
      "n_queries": 1000
    },
    "domain_mismatch": {
      "p50": 15.985375008312985,
      "p95": 18.827420845627785,
      "p99": 21.182477493130136,
      "n_queries": 1000
    },
    "swapped_attributes": {
      "p50": 16.43347949720919,
      "p95": 22.287799706100486,
      "p99": 24.834894185478333,
      "n_queries": 1000
    }
  },
  "index_size_mb": 3283.89
}