{
  "experiment_id": "gte_modernbert_base_base_768_fp32",
  "model": "gte_modernbert_base",
  "serialization": "pipe",
  "mode": "zero_shot",
  "quantization": "fp32",
  "dims": 768,
  "index_size": 1000050,
  "timestamp": "2026-03-09T04:10:23.448222+00:00",
  "overall": {
    "recall_at_1": 0.8652625694649962,
    "ndcg_at_1": 0.8652625694649962,
    "recall_at_5": 0.9215086646279307,
    "ndcg_at_5": 0.895726856950736,
    "recall_at_10": 0.9396928742889086,
    "ndcg_at_10": 0.9016195573470426,
    "precision_at_5": 0.18430173292558616,
    "mrr_at_10": 0.8895406476248934
  },
  "per_bucket": {
    "pristine": {
      "recall_at_1": 1.0,
      "ndcg_at_1": 1.0,
      "recall_at_5": 1.0,
      "ndcg_at_5": 1.0,
      "recall_at_10": 1.0,
      "ndcg_at_10": 1.0,
      "precision_at_5": 0.19999999999999996,
      "mrr_at_10": 1.0,
      "n_queries": 10137
    },
    "missing_firstname": {
      "recall_at_1": 0.9054947223044293,
      "ndcg_at_1": 0.9054947223044293,
      "recall_at_5": 0.9157541678997732,
      "ndcg_at_5": 0.9111783701505185,
      "recall_at_10": 0.9181217322679294,
      "ndcg_at_10": 0.9119576608604428,
      "precision_at_5": 0.18315083357995462,
      "mrr_at_10": 0.90996761040413,
      "n_queries": 10137
    },
    "missing_email_company": {
      "recall_at_1": 0.3614481602051889,
      "ndcg_at_1": 0.3614481602051889,
      "recall_at_5": 0.6349018447272369,
      "ndcg_at_5": 0.5072156606161675,
      "recall_at_10": 0.7368057610732959,
      "ndcg_at_10": 0.540205645691102,
      "precision_at_5": 0.12698036894544734,
      "mrr_at_10": 0.4783434408915321,
      "n_queries": 10137
    },
    "typo_name": {
      "recall_at_1": 0.9897405544046562,
      "ndcg_at_1": 0.9897405544046562,
      "recall_at_5": 0.9919108217421327,
      "ndcg_at_5": 0.9909989124965761,
      "recall_at_10": 0.9922067672881523,
      "ndcg_at_10": 0.9910988872790443,
      "precision_at_5": 0.19838216434842654,
      "mrr_at_10": 0.9907297797945919,
      "n_queries": 10137
    },
    "domain_mismatch": {
      "recall_at_1": 0.9355825194830818,
      "ndcg_at_1": 0.9355825194830818,
      "recall_at_5": 0.9868797474598008,
      "ndcg_at_5": 0.9654849332239159,
      "recall_at_10": 0.9914175791654336,
      "ndcg_at_10": 0.9669718850344284,
      "precision_at_5": 0.1973759494919601,
      "mrr_at_10": 0.9587620629126993,
      "n_queries": 10137
    },
    "swapped_attributes": {
      "recall_at_1": 0.9993094603926211,
      "ndcg_at_1": 0.9993094603926211,
      "recall_at_5": 0.9996054059386407,
      "ndcg_at_5": 0.9994832652172382,
      "recall_at_10": 0.9996054059386407,
      "ndcg_at_10": 0.9994832652172382,
      "precision_at_5": 0.1999210811877281,
      "mrr_at_10": 0.9994409917464077,
      "n_queries": 10137
    }
  },
  "latency_ms": {
    "p50": 25.544291584083112,
    "p95": 35.03787171248405,
    "p99": 39.336182166540915,
    "n_queries": 6000
  },
  "per_bucket_latency_ms": {
    "pristine": {
      "p50": 26.159187000303064,
      "p95": 37.53353605279699,
      "p99": 42.8480006706377,
      "n_queries": 1000
    },
    "missing_firstname": {
      "p50": 27.3267919983482,
      "p95": 38.04486214648932,
      "p99": 45.917156246869126,
      "n_queries": 1000
    },
    "missing_email_company": {
      "p50": 22.530061993165873,
      "p95": 29.1103014460532,
      "p99": 31.144646153989015,
      "n_queries": 1000
    },
    "typo_name": {
      "p50": 25.87733350810595,
      "p95": 35.909366345003946,
      "p99": 40.353854173008585,
      "n_queries": 1000
    },
    "domain_mismatch": {
      "p50": 25.27858350367751,
      "p95": 33.9097100928484,
      "p99": 36.1550398216059,
      "n_queries": 1000
    },
    "swapped_attributes": {
      "p50": 26.093791500898078,
      "p95": 35.71945419171243,
      "p99": 39.59839593313518,
      "n_queries": 1000
    }
  },
  "index_size_mb": 3146.55
}