{
  "experiment_id": "gte_modernbert_base_ft_64_int8",
  "model": "gte_modernbert_base",
  "serialization": "pipe",
  "mode": "fine_tuned",
  "quantization": "int8",
  "dims": 768,
  "index_size": 1000050,
  "timestamp": "2026-03-09T07:45:18.169478+00:00",
  "overall": {
    "recall_at_1": 0.8875242510933544,
    "ndcg_at_1": 0.8875242510933544,
    "recall_at_5": 0.9334451349840518,
    "ndcg_at_5": 0.9119371251451313,
    "recall_at_10": 0.9511689849067771,
    "ndcg_at_10": 0.917699322407633,
    "precision_at_5": 0.18668902699681036,
    "mrr_at_10": 0.9071783562547595
  },
  "per_bucket": {
    "pristine": {
      "recall_at_1": 1.0,
      "ndcg_at_1": 1.0,
      "recall_at_5": 1.0,
      "ndcg_at_5": 1.0,
      "recall_at_10": 1.0,
      "ndcg_at_10": 1.0,
      "precision_at_5": 0.19999999999999996,
      "mrr_at_10": 1.0,
      "n_queries": 10137
    },
    "missing_firstname": {
      "recall_at_1": 0.9972378415704843,
      "ndcg_at_1": 0.9972378415704843,
      "recall_at_5": 0.9972378415704843,
      "ndcg_at_5": 0.9972378415704843,
      "recall_at_10": 0.9972378415704843,
      "ndcg_at_10": 0.9972378415704843,
      "precision_at_5": 0.19944756831409685,
      "mrr_at_10": 0.9972378415704843,
      "n_queries": 10137
    },
    "missing_email_company": {
      "recall_at_1": 0.3318536056032357,
      "ndcg_at_1": 0.3318536056032357,
      "recall_at_5": 0.6071816119167407,
      "ndcg_at_5": 0.47820636934695016,
      "recall_at_10": 0.7135247114530926,
      "ndcg_at_10": 0.51277955292196,
      "precision_at_5": 0.12143632238334813,
      "mrr_at_10": 0.4496795880563267,
      "n_queries": 10137
    },
    "typo_name": {
      "recall_at_1": 0.9997040544539805,
      "ndcg_at_1": 0.9997040544539805,
      "recall_at_5": 0.9997040544539805,
      "ndcg_at_5": 0.9997040544539805,
      "recall_at_10": 0.9997040544539805,
      "ndcg_at_10": 0.9997040544539805,
      "precision_at_5": 0.19994081089079607,
      "mrr_at_10": 0.9997040544539805,
      "n_queries": 10137
    },
    "domain_mismatch": {
      "recall_at_1": 0.9997040544539805,
      "ndcg_at_1": 0.9997040544539805,
      "recall_at_5": 0.9998027029693203,
      "ndcg_at_5": 0.999766294737454,
      "recall_at_10": 0.9998027029693203,
      "ndcg_at_10": 0.999766294737454,
      "precision_at_5": 0.19996054059386403,
      "mrr_at_10": 0.9997533787116504,
      "n_queries": 10137
    },
    "swapped_attributes": {
      "recall_at_1": 0.9966459504784453,
      "ndcg_at_1": 0.9966459504784453,
      "recall_at_5": 0.9967445989937851,
      "ndcg_at_5": 0.9967081907619189,
      "recall_at_10": 0.9967445989937851,
      "ndcg_at_10": 0.9967081907619189,
      "precision_at_5": 0.199348919798757,
      "mrr_at_10": 0.9966952747361152,
      "n_queries": 10137
    }
  },
  "latency_ms": {
    "p50": 14.6187535841212,
    "p95": 19.420470717644395,
    "p99": 22.179409777891124,
    "n_queries": 6000
  },
  "per_bucket_latency_ms": {
    "pristine": {
      "p50": 14.313103994936682,
      "p95": 20.120785105973482,
      "p99": 24.219048665254366,
      "n_queries": 1000
    },
    "missing_firstname": {
      "p50": 14.63702050386928,
      "p95": 19.828964542830363,
      "p99": 22.176099568314385,
      "n_queries": 1000
    },
    "missing_email_company": {
      "p50": 14.5776669960469,
      "p95": 17.713148567418102,
      "p99": 19.17961573752109,
      "n_queries": 1000
    },
    "typo_name": {
      "p50": 14.874125496135093,
      "p95": 20.97772291890578,
      "p99": 23.88882458792068,
      "n_queries": 1000
    },
    "domain_mismatch": {
      "p50": 14.462937513599172,
      "p95": 17.141980936867185,
      "p99": 19.902176675677765,
      "n_queries": 1000
    },
    "swapped_attributes": {
      "p50": 14.847667000140063,
      "p95": 20.74022223387146,
      "p99": 23.710693432658445,
      "n_queries": 1000
    }
  },
  "index_size_mb": 428.51
}