{
  "experiment_id": "gte_modernbert_base_base_512_int8",
  "model": "gte_modernbert_base",
  "serialization": "pipe",
  "mode": "zero_shot",
  "quantization": "int8",
  "dims": 768,
  "index_size": 1000050,
  "timestamp": "2026-03-09T04:50:09.327030+00:00",
  "overall": {
    "recall_at_1": 0.8806352964387886,
    "ndcg_at_1": 0.8806352964387886,
    "recall_at_5": 0.9323271184768669,
    "ndcg_at_5": 0.9086765618117693,
    "recall_at_10": 0.9466969188780375,
    "ndcg_at_10": 0.9133737315326979,
    "precision_at_5": 0.1864654236953734,
    "mrr_at_10": 0.9027288971774521
  },
  "per_bucket": {
    "pristine": {
      "recall_at_1": 1.0,
      "ndcg_at_1": 1.0,
      "recall_at_5": 1.0,
      "ndcg_at_5": 1.0,
      "recall_at_10": 1.0,
      "ndcg_at_10": 1.0,
      "precision_at_5": 0.19999999999999996,
      "mrr_at_10": 1.0,
      "n_queries": 10137
    },
    "missing_firstname": {
      "recall_at_1": 0.9211798362434646,
      "ndcg_at_1": 0.9211798362434646,
      "recall_at_5": 0.9252244253723981,
      "ndcg_at_5": 0.9235184244547304,
      "recall_at_10": 0.9254217224030779,
      "ndcg_at_10": 0.9235832599270369,
      "precision_at_5": 0.1850448850744796,
      "mrr_at_10": 0.9229615380399635,
      "n_queries": 10137
    },
    "missing_email_company": {
      "recall_at_1": 0.4038670218013219,
      "ndcg_at_1": 0.4038670218013219,
      "recall_at_5": 0.6874815034033738,
      "ndcg_at_5": 0.5561057420634062,
      "recall_at_10": 0.7729111176876788,
      "ndcg_at_10": 0.5840248078438581,
      "precision_at_5": 0.13749630068067475,
      "mrr_at_10": 0.523970297401786,
      "n_queries": 10137
    },
    "typo_name": {
      "recall_at_1": 0.9914175791654336,
      "ndcg_at_1": 0.9914175791654336,
      "recall_at_5": 0.9914175791654336,
      "ndcg_at_5": 0.9914175791654336,
      "recall_at_10": 0.9914175791654336,
      "ndcg_at_10": 0.9914175791654336,
      "precision_at_5": 0.19828351583308668,
      "mrr_at_10": 0.9914175791654336,
      "n_queries": 10137
    },
    "domain_mismatch": {
      "recall_at_1": 0.9679392325145506,
      "ndcg_at_1": 0.9679392325145506,
      "recall_at_5": 0.9904310940120351,
      "ndcg_at_5": 0.9816095162790847,
      "recall_at_10": 0.9910229851040742,
      "ndcg_at_10": 0.9818086333518976,
      "precision_at_5": 0.198086218802407,
      "mrr_at_10": 0.9786158595495676,
      "n_queries": 10137
    },
    "swapped_attributes": {
      "recall_at_1": 0.999408108907961,
      "ndcg_at_1": 0.999408108907961,
      "recall_at_5": 0.999408108907961,
      "ndcg_at_5": 0.999408108907961,
      "recall_at_10": 0.999408108907961,
      "ndcg_at_10": 0.999408108907961,
      "precision_at_5": 0.19988162178159216,
      "mrr_at_10": 0.999408108907961,
      "n_queries": 10137
    }
  },
  "latency_ms": {
    "p50": 26.53071191768201,
    "p95": 36.56857052531753,
    "p99": 41.5136458464743,
    "n_queries": 6000
  },
  "per_bucket_latency_ms": {
    "pristine": {
      "p50": 26.556083495961502,
      "p95": 37.04841009603115,
      "p99": 45.68701791431522,
      "n_queries": 1000
    },
    "missing_firstname": {
      "p50": 27.118375001009554,
      "p95": 38.025343459594296,
      "p99": 43.03583574059302,
      "n_queries": 1000
    },
    "missing_email_company": {
      "p50": 23.321062501054257,
      "p95": 31.58397084698663,
      "p99": 34.29249633991276,
      "n_queries": 1000
    },
    "typo_name": {
      "p50": 27.906875497137662,
      "p95": 38.67932470602682,
      "p99": 43.944764989137184,
      "n_queries": 1000
    },
    "domain_mismatch": {
      "p50": 26.243188003718387,
      "p95": 35.583263944863575,
      "p99": 36.9744554204226,
      "n_queries": 1000
    },
    "swapped_attributes": {
      "p50": 28.038687007210683,
      "p95": 38.491110098402714,
      "p99": 45.147304674464976,
      "n_queries": 1000
    }
  },
  "index_size_mb": 2245.7
}