{
  "experiment_id": "gte_modernbert_base_base_256_binary",
  "model": "gte_modernbert_base",
  "serialization": "pipe",
  "mode": "zero_shot",
  "quantization": "binary",
  "dims": 768,
  "index_size": 1000050,
  "timestamp": "2026-03-09T05:24:32.644373+00:00",
  "overall": {
    "recall_at_1": 0.863059419289073,
    "ndcg_at_1": 0.863059419289073,
    "recall_at_5": 0.9149649797770544,
    "ndcg_at_5": 0.8912016293465073,
    "recall_at_10": 0.9312255433889053,
    "ndcg_at_10": 0.8964872630164072,
    "precision_at_5": 0.18299299595541088,
    "mrr_at_10": 0.8854466102752085
  },
  "per_bucket": {
    "pristine": {
      "recall_at_1": 1.0,
      "ndcg_at_1": 1.0,
      "recall_at_5": 1.0,
      "ndcg_at_5": 1.0,
      "recall_at_10": 1.0,
      "ndcg_at_10": 1.0,
      "precision_at_5": 0.19999999999999996,
      "mrr_at_10": 1.0,
      "n_queries": 10137
    },
    "missing_firstname": {
      "recall_at_1": 0.908256880733945,
      "ndcg_at_1": 0.908256880733945,
      "recall_at_5": 0.9144717372003551,
      "ndcg_at_5": 0.911826133926167,
      "recall_at_10": 0.9156555193844332,
      "ndcg_at_10": 0.9122272068940264,
      "precision_at_5": 0.18289434744007102,
      "mrr_at_10": 0.9111001110187261,
      "n_queries": 10137
    },
    "missing_email_company": {
      "recall_at_1": 0.34004143237644274,
      "ndcg_at_1": 0.34004143237644274,
      "recall_at_5": 0.6019532406037289,
      "ndcg_at_5": 0.4797486715099016,
      "recall_at_10": 0.6957679786919206,
      "ndcg_at_10": 0.5102062330252907,
      "precision_at_5": 0.12039064812074579,
      "mrr_at_10": 0.4516930747176382,
      "n_queries": 10137
    },
    "typo_name": {
      "recall_at_1": 0.9880635296438789,
      "ndcg_at_1": 0.9880635296438789,
      "recall_at_5": 0.988556772220578,
      "ndcg_at_5": 0.9883747310612466,
      "recall_at_10": 0.988655420735918,
      "ndcg_at_10": 0.9884058512029833,
      "precision_at_5": 0.1977113544441156,
      "mrr_at_10": 0.988322481996646,
      "n_queries": 10137
    },
    "domain_mismatch": {
      "recall_at_1": 0.9429811581335701,
      "ndcg_at_1": 0.9429811581335701,
      "recall_at_5": 0.9857946137910625,
      "ndcg_at_5": 0.968246724735127,
      "recall_at_10": 0.9882608266745585,
      "ndcg_at_10": 0.9690707721295411,
      "precision_at_5": 0.19715892275821248,
      "mrr_at_10": 0.9625504790716392,
      "n_queries": 10137
    },
    "swapped_attributes": {
      "recall_at_1": 0.9990135148466016,
      "ndcg_at_1": 0.9990135148466016,
      "recall_at_5": 0.9990135148466016,
      "ndcg_at_5": 0.9990135148466016,
      "recall_at_10": 0.9990135148466016,
      "ndcg_at_10": 0.9990135148466016,
      "precision_at_5": 0.1998027029693203,
      "mrr_at_10": 0.9990135148466016,
      "n_queries": 10137
    }
  },
  "latency_ms": {
    "p50": 25.799256914372865,
    "p95": 36.02114485014075,
    "p99": 42.17777507222005,
    "n_queries": 6000
  },
  "per_bucket_latency_ms": {
    "pristine": {
      "p50": 26.913834000879433,
      "p95": 40.15580835257423,
      "p99": 52.499053421925055,
      "n_queries": 1000
    },
    "missing_firstname": {
      "p50": 26.282686994818505,
      "p95": 35.96069790510228,
      "p99": 40.665818748384474,
      "n_queries": 1000
    },
    "missing_email_company": {
      "p50": 21.60241700039478,
      "p95": 29.977258350118063,
      "p99": 31.85088565747719,
      "n_queries": 1000
    },
    "typo_name": {
      "p50": 26.67012449091999,
      "p95": 37.07878749482916,
      "p99": 43.301250423828606,
      "n_queries": 1000
    },
    "domain_mismatch": {
      "p50": 26.406208002299536,
      "p95": 35.94908814993687,
      "p99": 42.28340667061272,
      "n_queries": 1000
    },
    "swapped_attributes": {
      "p50": 26.920270996924955,
      "p95": 37.00522884828388,
      "p99": 42.466235511092236,
      "n_queries": 1000
    }
  },
  "index_size_mb": 1176.6
}