{
  "experiment_id": "gte_modernbert_base_base_64_binary",
  "model": "gte_modernbert_base",
  "serialization": "pipe",
  "mode": "zero_shot",
  "quantization": "binary",
  "dims": 768,
  "index_size": 1000050,
  "timestamp": "2026-03-09T06:08:26.727177+00:00",
  "overall": {
    "recall_at_1": 0.787576863634869,
    "ndcg_at_1": 0.787576863634869,
    "recall_at_5": 0.8377067508467331,
    "ndcg_at_5": 0.8146723667088415,
    "recall_at_10": 0.8548222682581961,
    "ndcg_at_10": 0.8202234402118715,
    "precision_at_5": 0.16754135016934663,
    "mrr_at_10": 0.8092700179498543
  },
  "per_bucket": {
    "pristine": {
      "recall_at_1": 1.0,
      "ndcg_at_1": 1.0,
      "recall_at_5": 1.0,
      "ndcg_at_5": 1.0,
      "recall_at_10": 1.0,
      "ndcg_at_10": 1.0,
      "precision_at_5": 0.19999999999999996,
      "mrr_at_10": 1.0,
      "n_queries": 10137
    },
    "missing_firstname": {
      "recall_at_1": 0.87343395481898,
      "ndcg_at_1": 0.87343395481898,
      "recall_at_5": 0.901844727236855,
      "ndcg_at_5": 0.8891687454394683,
      "recall_at_10": 0.9083555292492848,
      "ndcg_at_10": 0.8912759594341192,
      "precision_at_5": 0.180368945447371,
      "mrr_at_10": 0.8857681509353601,
      "n_queries": 10137
    },
    "missing_email_company": {
      "recall_at_1": 0.12656604518102002,
      "ndcg_at_1": 0.12656604518102002,
      "recall_at_5": 0.2698036894544737,
      "ndcg_at_5": 0.2014033041235994,
      "recall_at_10": 0.33925224425372397,
      "ndcg_at_10": 0.22388011728820328,
      "precision_at_5": 0.05396073789089474,
      "mrr_at_10": 0.18804834090421543,
      "n_queries": 10137
    },
    "typo_name": {
      "recall_at_1": 0.9413041333727927,
      "ndcg_at_1": 0.9413041333727927,
      "recall_at_5": 0.9679392325145506,
      "ndcg_at_5": 0.9563168315728495,
      "recall_at_10": 0.9725757127355233,
      "ndcg_at_10": 0.9578548560750316,
      "precision_at_5": 0.1935878465029101,
      "mrr_at_10": 0.9530347336724962,
      "n_queries": 10137
    },
    "domain_mismatch": {
      "recall_at_1": 0.7888921771727335,
      "ndcg_at_1": 0.7888921771727335,
      "recall_at_5": 0.8894150143040347,
      "ndcg_at_5": 0.8447337077207349,
      "recall_at_10": 0.9114136332248199,
      "ndcg_at_10": 0.8518829577673168,
      "precision_at_5": 0.17788300286080694,
      "mrr_at_10": 0.8326227508529964,
      "n_queries": 10137
    },
    "swapped_attributes": {
      "recall_at_1": 0.9952648712636875,
      "ndcg_at_1": 0.9952648712636875,
      "recall_at_5": 0.9972378415704843,
      "ndcg_at_5": 0.9964116113963968,
      "recall_at_10": 0.9973364900858243,
      "ndcg_at_10": 0.9964467507065585,
      "precision_at_5": 0.19944756831409685,
      "mrr_at_10": 0.9961461313340568,
      "n_queries": 10137
    }
  },
  "latency_ms": {
    "p50": 14.651906332195116,
    "p95": 19.22591989726546,
    "p99": 21.6264239353283,
    "n_queries": 6000
  },
  "per_bucket_latency_ms": {
    "pristine": {
      "p50": 13.947041501523927,
      "p95": 19.832950007548785,
      "p99": 22.614414826966822,
      "n_queries": 1000
    },
    "missing_firstname": {
      "p50": 14.676812497782521,
      "p95": 18.717577731877096,
      "p99": 20.679823335376568,
      "n_queries": 1000
    },
    "missing_email_company": {
      "p50": 14.815146001637913,
      "p95": 17.73182435281342,
      "p99": 19.5391683280468,
      "n_queries": 1000
    },
    "typo_name": {
      "p50": 14.909333491232246,
      "p95": 20.93369582435116,
      "p99": 23.500397688767407,
      "n_queries": 1000
    },
    "domain_mismatch": {
      "p50": 14.535770998918451,
      "p95": 17.16145866230363,
      "p99": 19.617781262495555,
      "n_queries": 1000
    },
    "swapped_attributes": {
      "p50": 15.027333502075635,
      "p95": 20.978012804698665,
      "p99": 23.806958170316648,
      "n_queries": 1000
    }
  },
  "index_size_mb": 420.88
}