{
  "experiment_id": "gte_modernbert_base_ft",
  "model": "gte_modernbert_base",
  "serialization": "pipe",
  "mode": "fine_tuned",
  "quantization": "fp32",
  "dims": 768,
  "index_size": 1000050,
  "timestamp": "2026-03-08T15:50:00.889991+00:00",
  "overall": {
    "recall_at_1": 0.8956134293512216,
    "ndcg_at_1": 0.8956134293512216,
    "recall_at_5": 0.9474038999046398,
    "ndcg_at_5": 0.9231016597487653,
    "recall_at_10": 0.9656538752425109,
    "ndcg_at_10": 0.9290365653035013,
    "precision_at_5": 0.189480779980928,
    "mrr_at_10": 0.9174879351299889
  },
  "per_bucket": {
    "pristine": {
      "recall_at_1": 0.9999013514846602,
      "ndcg_at_1": 0.9999013514846602,
      "recall_at_5": 1.0,
      "ndcg_at_5": 0.9999635917681338,
      "recall_at_10": 1.0,
      "ndcg_at_10": 0.9999635917681338,
      "precision_at_5": 0.19999999999999996,
      "mrr_at_10": 0.9999506757423301,
      "n_queries": 10137
    },
    "missing_firstname": {
      "recall_at_1": 0.9970405445398047,
      "ndcg_at_1": 0.9970405445398047,
      "recall_at_5": 0.9972378415704843,
      "ndcg_at_5": 0.9971650251067519,
      "recall_at_10": 0.9972378415704843,
      "ndcg_at_10": 0.9971650251067519,
      "precision_at_5": 0.19944756831409685,
      "mrr_at_10": 0.9971391930551445,
      "n_queries": 10137
    },
    "missing_email_company": {
      "recall_at_1": 0.3782184078129624,
      "ndcg_at_1": 0.3782184078129624,
      "recall_at_5": 0.6880733944954128,
      "ndcg_at_5": 0.5425876276469629,
      "recall_at_10": 0.7975732465226398,
      "ndcg_at_10": 0.5781970609753789,
      "precision_at_5": 0.13761467889908258,
      "mrr_at_10": 0.5090215241665376,
      "n_queries": 10137
    },
    "typo_name": {
      "recall_at_1": 0.9998027029693203,
      "ndcg_at_1": 0.9998027029693203,
      "recall_at_5": 0.9999013514846602,
      "ndcg_at_5": 0.9998649432527938,
      "recall_at_10": 0.9999013514846602,
      "ndcg_at_10": 0.9998649432527938,
      "precision_at_5": 0.19998027029693202,
      "mrr_at_10": 0.9998520272269902,
      "n_queries": 10137
    },
    "domain_mismatch": {
      "recall_at_1": 0.9999013514846602,
      "ndcg_at_1": 0.9999013514846602,
      "recall_at_5": 1.0,
      "ndcg_at_5": 0.9999635917681338,
      "recall_at_10": 1.0,
      "ndcg_at_10": 0.9999635917681338,
      "precision_at_5": 0.19999999999999996,
      "mrr_at_10": 0.9999506757423301,
      "n_queries": 10137
    },
    "swapped_attributes": {
      "recall_at_1": 0.9988162178159219,
      "ndcg_at_1": 0.9988162178159219,
      "recall_at_5": 0.9992108118772812,
      "ndcg_at_5": 0.9990651789498161,
      "recall_at_10": 0.9992108118772812,
      "ndcg_at_10": 0.9990651789498161,
      "precision_at_5": 0.1998421623754562,
      "mrr_at_10": 0.9990135148466016,
      "n_queries": 10137
    }
  },
  "latency_ms": {
    "p50": 24.117545000384172,
    "p95": 33.26298223728372,
    "p99": 37.03720708632318,
    "n_queries": 6000
  },
  "per_bucket_latency_ms": {
    "pristine": {
      "p50": 25.026915995113086,
      "p95": 34.86183124550735,
      "p99": 39.70124466242851,
      "n_queries": 1000
    },
    "missing_firstname": {
      "p50": 24.117646004015114,
      "p95": 34.06687114547822,
      "p99": 38.53253199515166,
      "n_queries": 1000
    },
    "missing_email_company": {
      "p50": 20.842062498559244,
      "p95": 28.199274686630815,
      "p99": 29.737919678300386,
      "n_queries": 1000
    },
    "typo_name": {
      "p50": 25.11852049792651,
      "p95": 35.38108719731098,
      "p99": 40.16606644188868,
      "n_queries": 1000
    },
    "domain_mismatch": {
      "p50": 23.642937499971595,
      "p95": 31.926345500687603,
      "p99": 33.69808274801471,
      "n_queries": 1000
    },
    "swapped_attributes": {
      "p50": 25.957187506719492,
      "p95": 35.142483648087364,
      "p99": 40.38739699215512,
      "n_queries": 1000
    }
  },
  "index_size_mb": 3105.3
}