{
  "experiment_id": "gte_modernbert_base_base_64_fp32",
  "model": "gte_modernbert_base",
  "serialization": "pipe",
  "mode": "zero_shot",
  "quantization": "fp32",
  "dims": 768,
  "index_size": 1000050,
  "timestamp": "2026-03-09T05:55:55.907554+00:00",
  "overall": {
    "recall_at_1": 0.6642991022985104,
    "ndcg_at_1": 0.6642991022985104,
    "recall_at_5": 0.7588372628325277,
    "ndcg_at_5": 0.715929711631131,
    "recall_at_10": 0.7861135773239946,
    "ndcg_at_10": 0.7247803023699042,
    "precision_at_5": 0.15176745256650556,
    "mrr_at_10": 0.7052071279554756
  },
  "per_bucket": {
    "pristine": {
      "recall_at_1": 0.9978297326625234,
      "ndcg_at_1": 0.9978297326625234,
      "recall_at_5": 1.0,
      "ndcg_at_5": 0.99916634819271,
      "recall_at_10": 1.0,
      "ndcg_at_10": 0.99916634819271,
      "precision_at_5": 0.19999999999999996,
      "mrr_at_10": 0.9988737627832033,
      "n_queries": 10137
    },
    "missing_firstname": {
      "recall_at_1": 0.70257472625037,
      "ndcg_at_1": 0.70257472625037,
      "recall_at_5": 0.8264772615172141,
      "ndcg_at_5": 0.7712796358679074,
      "recall_at_10": 0.8505474992601362,
      "ndcg_at_10": 0.7790820309370741,
      "precision_at_5": 0.16529545230344284,
      "mrr_at_10": 0.7558877113701026,
      "n_queries": 10137
    },
    "missing_email_company": {
      "recall_at_1": 0.05248101016079708,
      "ndcg_at_1": 0.05248101016079708,
      "recall_at_5": 0.13159711946335206,
      "ndcg_at_5": 0.0933038822140581,
      "recall_at_10": 0.1850646147775476,
      "ndcg_at_10": 0.11055187731845816,
      "precision_at_5": 0.026319423892670415,
      "mrr_at_10": 0.08777294713222501,
      "n_queries": 10137
    },
    "typo_name": {
      "recall_at_1": 0.7526881720430108,
      "ndcg_at_1": 0.7526881720430108,
      "recall_at_5": 0.8905987964881129,
      "ndcg_at_5": 0.8289957441177896,
      "recall_at_10": 0.9188122718753082,
      "ndcg_at_10": 0.838170059790775,
      "precision_at_5": 0.17811975929762255,
      "mrr_at_10": 0.8120564535702152,
      "n_queries": 10137
    },
    "domain_mismatch": {
      "recall_at_1": 0.5416789977310842,
      "ndcg_at_1": 0.5416789977310842,
      "recall_at_5": 0.7172733550360068,
      "ndcg_at_5": 0.636130927245337,
      "recall_at_10": 0.7701489592581632,
      "ndcg_at_10": 0.6533769349072254,
      "precision_at_5": 0.14345467100720133,
      "mrr_at_10": 0.6162512076613882,
      "n_queries": 10137
    },
    "swapped_attributes": {
      "recall_at_1": 0.9385419749432771,
      "ndcg_at_1": 0.9385419749432771,
      "recall_at_5": 0.9870770444904804,
      "ndcg_at_5": 0.9667017321489829,
      "recall_at_10": 0.9921081187728125,
      "ndcg_at_10": 0.9683345630731826,
      "precision_at_5": 0.19741540889809606,
      "mrr_at_10": 0.9604006852157191,
      "n_queries": 10137
    }
  },
  "latency_ms": {
    "p50": 23.38666316669939,
    "p95": 34.31335877054759,
    "p99": 39.778382139338646,
    "n_queries": 6000
  },
  "per_bucket_latency_ms": {
    "pristine": {
      "p50": 24.250478993053548,
      "p95": 34.34311604942195,
      "p99": 39.22825083354837,
      "n_queries": 1000
    },
    "missing_firstname": {
      "p50": 26.35437500430271,
      "p95": 36.949978859775,
      "p99": 42.6004984199244,
      "n_queries": 1000
    },
    "missing_email_company": {
      "p50": 22.589874992263503,
      "p95": 30.94030385473161,
      "p99": 36.729337835567996,
      "n_queries": 1000
    },
    "typo_name": {
      "p50": 26.577833006740548,
      "p95": 37.70091875339858,
      "p99": 42.39559565670788,
      "n_queries": 1000
    },
    "domain_mismatch": {
      "p50": 24.72887500334764,
      "p95": 33.65206664893776,
      "p99": 37.4850546696689,
      "n_queries": 1000
    },
    "swapped_attributes": {
      "p50": 15.818542000488378,
      "p95": 32.29376845702063,
      "p99": 40.23155542061431,
      "n_queries": 1000
    }
  },
  "index_size_mb": 417.07
}