{
  "experiment_id": "gte_modernbert_base_ft_256_binary",
  "model": "gte_modernbert_base",
  "serialization": "pipe",
  "mode": "fine_tuned",
  "quantization": "binary",
  "dims": 768,
  "index_size": 1000050,
  "timestamp": "2026-03-09T07:14:11.627194+00:00",
  "overall": {
    "recall_at_1": 0.8981782907500575,
    "ndcg_at_1": 0.8981782907500575,
    "recall_at_5": 0.9503633553648351,
    "ndcg_at_5": 0.9259586944371895,
    "recall_at_10": 0.9668705402650357,
    "ndcg_at_10": 0.9313661569517783,
    "precision_at_5": 0.19007267107296705,
    "mrr_at_10": 0.9201082602212127
  },
  "per_bucket": {
    "pristine": {
      "recall_at_1": 1.0,
      "ndcg_at_1": 1.0,
      "recall_at_5": 1.0,
      "ndcg_at_5": 1.0,
      "recall_at_10": 1.0,
      "ndcg_at_10": 1.0,
      "precision_at_5": 0.19999999999999996,
      "mrr_at_10": 1.0,
      "n_queries": 10137
    },
    "missing_firstname": {
      "recall_at_1": 0.9978297326625234,
      "ndcg_at_1": 0.9978297326625234,
      "recall_at_5": 0.9978297326625234,
      "ndcg_at_5": 0.9978297326625234,
      "recall_at_10": 0.9978297326625234,
      "ndcg_at_10": 0.9978297326625234,
      "precision_at_5": 0.19956594653250467,
      "mrr_at_10": 0.9978297326625234,
      "n_queries": 10137
    },
    "missing_email_company": {
      "recall_at_1": 0.3919305514452007,
      "ndcg_at_1": 0.3919305514452007,
      "recall_at_5": 0.705040939133866,
      "ndcg_at_5": 0.5586129735679924,
      "recall_at_10": 0.8040840485350695,
      "ndcg_at_10": 0.5910577486555255,
      "precision_at_5": 0.14100818782677318,
      "mrr_at_10": 0.5235103682721322,
      "n_queries": 10137
    },
    "typo_name": {
      "recall_at_1": 0.9999013514846602,
      "ndcg_at_1": 0.9999013514846602,
      "recall_at_5": 0.9999013514846602,
      "ndcg_at_5": 0.9999013514846602,
      "recall_at_10": 0.9999013514846602,
      "ndcg_at_10": 0.9999013514846602,
      "precision_at_5": 0.19998027029693202,
      "mrr_at_10": 0.9999013514846602,
      "n_queries": 10137
    },
    "domain_mismatch": {
      "recall_at_1": 1.0,
      "ndcg_at_1": 1.0,
      "recall_at_5": 1.0,
      "ndcg_at_5": 1.0,
      "recall_at_10": 1.0,
      "ndcg_at_10": 1.0,
      "precision_at_5": 0.19999999999999996,
      "mrr_at_10": 1.0,
      "n_queries": 10137
    },
    "swapped_attributes": {
      "recall_at_1": 0.999408108907961,
      "ndcg_at_1": 0.999408108907961,
      "recall_at_5": 0.999408108907961,
      "ndcg_at_5": 0.999408108907961,
      "recall_at_10": 0.999408108907961,
      "ndcg_at_10": 0.999408108907961,
      "precision_at_5": 0.19988162178159216,
      "mrr_at_10": 0.999408108907961,
      "n_queries": 10137
    }
  },
  "latency_ms": {
    "p50": 14.801166747929528,
    "p95": 19.583488261317445,
    "p99": 22.254464261544246,
    "n_queries": 6000
  },
  "per_bucket_latency_ms": {
    "pristine": {
      "p50": 14.404853995074518,
      "p95": 20.40149581298465,
      "p99": 23.855311331280973,
      "n_queries": 1000
    },
    "missing_firstname": {
      "p50": 14.904249997925945,
      "p95": 19.74125806300435,
      "p99": 21.9624149959418,
      "n_queries": 1000
    },
    "missing_email_company": {
      "p50": 14.810729495366104,
      "p95": 18.177358985121828,
      "p99": 20.203892106364947,
      "n_queries": 1000
    },
    "typo_name": {
      "p50": 15.060479490784928,
      "p95": 20.27829375438159,
      "p99": 22.472434325900394,
      "n_queries": 1000
    },
    "domain_mismatch": {
      "p50": 14.583645504899323,
      "p95": 17.354352105758153,
      "p99": 19.928402314253617,
      "n_queries": 1000
    },
    "swapped_attributes": {
      "p50": 15.043042003526352,
      "p95": 21.5481708466541,
      "p99": 25.10433049552375,
      "n_queries": 1000
    }
  },
  "index_size_mb": 1176.6
}