{
  "experiment_id": "gte_modernbert_base_ft_64_binary",
  "model": "gte_modernbert_base",
  "serialization": "pipe",
  "mode": "fine_tuned",
  "quantization": "binary",
  "dims": 768,
  "index_size": 1000050,
  "timestamp": "2026-03-09T07:51:31.692038+00:00",
  "overall": {
    "recall_at_1": 0.877231922659564,
    "ndcg_at_1": 0.877231922659564,
    "recall_at_5": 0.9199960540593864,
    "ndcg_at_5": 0.8997686245941459,
    "recall_at_10": 0.9382624708164808,
    "ndcg_at_10": 0.9056831252968203,
    "precision_at_5": 0.1839992108118773,
    "mrr_at_10": 0.8955032196474438
  },
  "per_bucket": {
    "pristine": {
      "recall_at_1": 1.0,
      "ndcg_at_1": 1.0,
      "recall_at_5": 1.0,
      "ndcg_at_5": 1.0,
      "recall_at_10": 1.0,
      "ndcg_at_10": 1.0,
      "precision_at_5": 0.19999999999999996,
      "mrr_at_10": 1.0,
      "n_queries": 10137
    },
    "missing_firstname": {
      "recall_at_1": 0.9974351386011641,
      "ndcg_at_1": 0.9974351386011641,
      "recall_at_5": 0.9976324356318438,
      "ndcg_at_5": 0.9975596191681112,
      "recall_at_10": 0.9976324356318438,
      "ndcg_at_10": 0.9975596191681112,
      "precision_at_5": 0.19952648712636875,
      "mrr_at_10": 0.9975337871165039,
      "n_queries": 10137
    },
    "missing_email_company": {
      "recall_at_1": 0.2700996350004932,
      "ndcg_at_1": 0.2700996350004932,
      "recall_at_5": 0.5251060471539903,
      "ndcg_at_5": 0.4043678345812205,
      "recall_at_10": 0.6344086021505376,
      "ndcg_at_10": 0.4397643263312404,
      "precision_at_5": 0.10502120943079805,
      "mrr_at_10": 0.378958232531775,
      "n_queries": 10137
    },
    "typo_name": {
      "recall_at_1": 0.9999013514846602,
      "ndcg_at_1": 0.9999013514846602,
      "recall_at_5": 1.0,
      "ndcg_at_5": 0.9999635917681338,
      "recall_at_10": 1.0,
      "ndcg_at_10": 0.9999635917681338,
      "precision_at_5": 0.19999999999999996,
      "mrr_at_10": 0.9999506757423301,
      "n_queries": 10137
    },
    "domain_mismatch": {
      "recall_at_1": 0.9998027029693203,
      "ndcg_at_1": 0.9998027029693203,
      "recall_at_5": 0.9999013514846602,
      "ndcg_at_5": 0.9998649432527938,
      "recall_at_10": 0.9999013514846602,
      "ndcg_at_10": 0.9998649432527938,
      "precision_at_5": 0.19998027029693202,
      "mrr_at_10": 0.9998520272269902,
      "n_queries": 10137
    },
    "swapped_attributes": {
      "recall_at_1": 0.996152707901746,
      "ndcg_at_1": 0.996152707901746,
      "recall_at_5": 0.9973364900858243,
      "ndcg_at_5": 0.996855758794616,
      "recall_at_10": 0.9976324356318438,
      "ndcg_at_10": 0.9969462712606428,
      "precision_at_5": 0.1994672980171648,
      "mrr_at_10": 0.9967245952670636,
      "n_queries": 10137
    }
  },
  "latency_ms": {
    "p50": 14.50010441719011,
    "p95": 18.956238085229415,
    "p99": 22.014691202057293,
    "n_queries": 6000
  },
  "per_bucket_latency_ms": {
    "pristine": {
      "p50": 14.107541996054351,
      "p95": 19.668416641070507,
      "p99": 23.46403282281244,
      "n_queries": 1000
    },
    "missing_firstname": {
      "p50": 14.578708505723625,
      "p95": 19.628913937776815,
      "p99": 22.513023838982917,
      "n_queries": 1000
    },
    "missing_email_company": {
      "p50": 14.803938000113703,
      "p95": 17.892064560146533,
      "p99": 19.699554168910254,
      "n_queries": 1000
    },
    "typo_name": {
      "p50": 14.54741699853912,
      "p95": 20.804531914473046,
      "p99": 23.949506152712274,
      "n_queries": 1000
    },
    "domain_mismatch": {
      "p50": 14.30620851169806,
      "p95": 16.153377096634355,
      "p99": 19.64903241605498,
      "n_queries": 1000
    },
    "swapped_attributes": {
      "p50": 14.656812491011806,
      "p95": 19.59012436127523,
      "p99": 22.81299781287089,
      "n_queries": 1000
    }
  },
  "index_size_mb": 420.88
}