{
  "experiment_id": "gte_modernbert_base_base_128_int8",
  "model": "gte_modernbert_base",
  "serialization": "pipe",
  "mode": "zero_shot",
  "quantization": "int8",
  "dims": 768,
  "index_size": 1000050,
  "timestamp": "2026-03-09T05:40:23.598380+00:00",
  "overall": {
    "recall_at_1": 0.8566308243727598,
    "ndcg_at_1": 0.8566308243727598,
    "recall_at_5": 0.9033408963861761,
    "ndcg_at_5": 0.8820458846822927,
    "recall_at_10": 0.9184834434908421,
    "ndcg_at_10": 0.8869653469781057,
    "precision_at_5": 0.18066817927723525,
    "mrr_at_10": 0.876957455348498
  },
  "per_bucket": {
    "pristine": {
      "recall_at_1": 1.0,
      "ndcg_at_1": 1.0,
      "recall_at_5": 1.0,
      "ndcg_at_5": 1.0,
      "recall_at_10": 1.0,
      "ndcg_at_10": 1.0,
      "precision_at_5": 0.19999999999999996,
      "mrr_at_10": 1.0,
      "n_queries": 10137
    },
    "missing_firstname": {
      "recall_at_1": 0.9169379500838513,
      "ndcg_at_1": 0.9169379500838513,
      "recall_at_5": 0.9228568610042419,
      "ndcg_at_5": 0.9203499297598388,
      "recall_at_10": 0.9238433461576403,
      "ndcg_at_10": 0.920678128918542,
      "precision_at_5": 0.18457137220084838,
      "mrr_at_10": 0.91963375564293,
      "n_queries": 10137
    },
    "missing_email_company": {
      "recall_at_1": 0.30452796685409883,
      "ndcg_at_1": 0.30452796685409883,
      "recall_at_5": 0.5334911709578771,
      "ndcg_at_5": 0.4270507517962646,
      "recall_at_10": 0.6203018644569399,
      "ndcg_at_10": 0.45523048505915226,
      "precision_at_5": 0.10669823419157543,
      "mrr_at_10": 0.4032871486038103,
      "n_queries": 10137
    },
    "typo_name": {
      "recall_at_1": 0.9856959652757226,
      "ndcg_at_1": 0.9856959652757226,
      "recall_at_5": 0.9872743415211601,
      "ndcg_at_5": 0.9866067137184084,
      "recall_at_10": 0.9873729900364999,
      "ndcg_at_10": 0.9866418530285699,
      "precision_at_5": 0.197454868304232,
      "mrr_at_10": 0.986394725592713,
      "n_queries": 10137
    },
    "domain_mismatch": {
      "recall_at_1": 0.9333136036302654,
      "ndcg_at_1": 0.9333136036302654,
      "recall_at_5": 0.9771135444411562,
      "ndcg_at_5": 0.9589584524266238,
      "recall_at_10": 0.9800729999013514,
      "ndcg_at_10": 0.9599321544697494,
      "precision_at_5": 0.1954227088882312,
      "mrr_at_10": 0.9531196418589138,
      "n_queries": 10137
    },
    "swapped_attributes": {
      "recall_at_1": 0.9993094603926211,
      "ndcg_at_1": 0.9993094603926211,
      "recall_at_5": 0.9993094603926211,
      "ndcg_at_5": 0.9993094603926211,
      "recall_at_10": 0.9993094603926211,
      "ndcg_at_10": 0.9993094603926211,
      "precision_at_5": 0.19986189207852417,
      "mrr_at_10": 0.9993094603926211,
      "n_queries": 10137
    }
  },
  "latency_ms": {
    "p50": 25.83126375369223,
    "p95": 35.78857371576305,
    "p99": 41.4564850662767,
    "n_queries": 6000
  },
  "per_bucket_latency_ms": {
    "pristine": {
      "p50": 25.596000006771646,
      "p95": 36.20721664046868,
      "p99": 41.91012249328196,
      "n_queries": 1000
    },
    "missing_firstname": {
      "p50": 26.95008350565331,
      "p95": 37.24638394560315,
      "p99": 41.48405034065945,
      "n_queries": 1000
    },
    "missing_email_company": {
      "p50": 22.44100000098115,
      "p95": 30.70877115460462,
      "p99": 36.34435073996427,
      "n_queries": 1000
    },
    "typo_name": {
      "p50": 26.67964550346369,
      "p95": 37.894489605969284,
      "p99": 45.31004915988887,
      "n_queries": 1000
    },
    "domain_mismatch": {
      "p50": 25.930520503607113,
      "p95": 35.12533894609077,
      "p99": 39.49605233516195,
      "n_queries": 1000
    },
    "swapped_attributes": {
      "p50": 27.39033300167648,
      "p95": 37.549242001841776,
      "p99": 44.1942853287037,
      "n_queries": 1000
    }
  },
  "index_size_mb": 688.05
}