{
  "experiment_id": "gte_modernbert_base_ft_512_binary",
  "model": "gte_modernbert_base",
  "serialization": "pipe",
  "mode": "fine_tuned",
  "quantization": "binary",
  "dims": 768,
  "index_size": 1000050,
  "timestamp": "2026-03-09T06:54:27.976312+00:00",
  "overall": {
    "recall_at_1": 0.9024366183288941,
    "ndcg_at_1": 0.9024366183288941,
    "recall_at_5": 0.9559863207392062,
    "ndcg_at_5": 0.9310964166557681,
    "recall_at_10": 0.9725428298970767,
    "ndcg_at_10": 0.936508552312368,
    "precision_at_5": 0.19119726414784127,
    "mrr_at_10": 0.9250652437270765
  },
  "per_bucket": {
    "pristine": {
      "recall_at_1": 1.0,
      "ndcg_at_1": 1.0,
      "recall_at_5": 1.0,
      "ndcg_at_5": 1.0,
      "recall_at_10": 1.0,
      "ndcg_at_10": 1.0,
      "precision_at_5": 0.19999999999999996,
      "mrr_at_10": 1.0,
      "n_queries": 10137
    },
    "missing_firstname": {
      "recall_at_1": 0.9973364900858243,
      "ndcg_at_1": 0.9973364900858243,
      "recall_at_5": 0.9973364900858243,
      "ndcg_at_5": 0.9973364900858243,
      "recall_at_10": 0.9973364900858243,
      "ndcg_at_10": 0.9973364900858243,
      "precision_at_5": 0.19946729801716478,
      "mrr_at_10": 0.9973364900858243,
      "n_queries": 10137
    },
    "missing_email_company": {
      "recall_at_1": 0.4187629476176384,
      "ndcg_at_1": 0.4187629476176384,
      "recall_at_5": 0.7399625135641709,
      "ndcg_at_5": 0.5906594972954086,
      "recall_at_10": 0.8393015685113939,
      "ndcg_at_10": 0.6231323112350072,
      "precision_at_5": 0.14799250271283415,
      "mrr_at_10": 0.5544853757490632,
      "n_queries": 10137
    },
    "typo_name": {
      "recall_at_1": 1.0,
      "ndcg_at_1": 1.0,
      "recall_at_5": 1.0,
      "ndcg_at_5": 1.0,
      "recall_at_10": 1.0,
      "ndcg_at_10": 1.0,
      "precision_at_5": 0.19999999999999996,
      "mrr_at_10": 1.0,
      "n_queries": 10137
    },
    "domain_mismatch": {
      "recall_at_1": 1.0,
      "ndcg_at_1": 1.0,
      "recall_at_5": 1.0,
      "ndcg_at_5": 1.0,
      "recall_at_10": 1.0,
      "ndcg_at_10": 1.0,
      "precision_at_5": 0.19999999999999996,
      "mrr_at_10": 1.0,
      "n_queries": 10137
    },
    "swapped_attributes": {
      "recall_at_1": 0.9985202722699024,
      "ndcg_at_1": 0.9985202722699024,
      "recall_at_5": 0.9986189207852422,
      "ndcg_at_5": 0.9985825125533759,
      "recall_at_10": 0.9986189207852422,
      "ndcg_at_10": 0.9985825125533759,
      "precision_at_5": 0.19972378415704842,
      "mrr_at_10": 0.9985695965275723,
      "n_queries": 10137
    }
  },
  "latency_ms": {
    "p50": 15.103691082913429,
    "p95": 19.674916119644575,
    "p99": 22.447174900589744,
    "n_queries": 6000
  },
  "per_bucket_latency_ms": {
    "pristine": {
      "p50": 14.824083496932872,
      "p95": 20.27876664215,
      "p99": 24.39537042053416,
      "n_queries": 1000
    },
    "missing_firstname": {
      "p50": 15.1400414906675,
      "p95": 19.854052396840416,
      "p99": 22.81222875259118,
      "n_queries": 1000
    },
    "missing_email_company": {
      "p50": 15.14652100740932,
      "p95": 17.85166038607713,
      "p99": 19.76358341576997,
      "n_queries": 1000
    },
    "typo_name": {
      "p50": 15.309521011658944,
      "p95": 21.45126874092966,
      "p99": 24.649536896031346,
      "n_queries": 1000
    },
    "domain_mismatch": {
      "p50": 14.886292003211565,
      "p95": 18.174645851831883,
      "p99": 20.642180166905746,
      "n_queries": 1000
    },
    "swapped_attributes": {
      "p50": 15.315687487600371,
      "p95": 20.439102700038347,
      "p99": 22.420149751706045,
      "n_queries": 1000
    }
  },
  "index_size_mb": 2184.66
}