{
  "experiment_id": "gte_modernbert_base_ft_512_fp32",
  "model": "gte_modernbert_base",
  "serialization": "pipe",
  "mode": "fine_tuned",
  "quantization": "fp32",
  "dims": 768,
  "index_size": 1000050,
  "timestamp": "2026-03-09T06:39:17.289696+00:00",
  "overall": {
    "recall_at_1": 0.8935089276906383,
    "ndcg_at_1": 0.8935089276906383,
    "recall_at_5": 0.9452993982440564,
    "ndcg_at_5": 0.9209265659954279,
    "recall_at_10": 0.9637137877741606,
    "ndcg_at_10": 0.9269262484556345,
    "precision_at_5": 0.18905987964881132,
    "mrr_at_10": 0.9153313167802167
  },
  "per_bucket": {
    "pristine": {
      "recall_at_1": 1.0,
      "ndcg_at_1": 1.0,
      "recall_at_5": 1.0,
      "ndcg_at_5": 1.0,
      "recall_at_10": 1.0,
      "ndcg_at_10": 1.0,
      "precision_at_5": 0.19999999999999996,
      "mrr_at_10": 1.0,
      "n_queries": 10137
    },
    "missing_firstname": {
      "recall_at_1": 0.9976324356318438,
      "ndcg_at_1": 0.9976324356318438,
      "recall_at_5": 0.9977310841471836,
      "ndcg_at_5": 0.9976946759153174,
      "recall_at_10": 0.9977310841471836,
      "ndcg_at_10": 0.9976946759153174,
      "precision_at_5": 0.19954621682943668,
      "mrr_at_10": 0.9976817598895137,
      "n_queries": 10137
    },
    "missing_email_company": {
      "recall_at_1": 0.3650981552727631,
      "ndcg_at_1": 0.3650981552727631,
      "recall_at_5": 0.6749531419552136,
      "ndcg_at_5": 0.5290567385760423,
      "recall_at_10": 0.785439479135839,
      "ndcg_at_10": 0.5650548333372828,
      "precision_at_5": 0.1349906283910427,
      "mrr_at_10": 0.4956050129104288,
      "n_queries": 10137
    },
    "typo_name": {
      "recall_at_1": 0.9996054059386407,
      "ndcg_at_1": 0.9996054059386407,
      "recall_at_5": 0.9999013514846602,
      "ndcg_at_5": 0.9997792107632577,
      "recall_at_10": 0.9999013514846602,
      "ndcg_at_10": 0.9997792107632577,
      "precision_at_5": 0.19998027029693202,
      "mrr_at_10": 0.9997369372924272,
      "n_queries": 10137
    },
    "domain_mismatch": {
      "recall_at_1": 0.9999013514846602,
      "ndcg_at_1": 0.9999013514846602,
      "recall_at_5": 1.0,
      "ndcg_at_5": 0.9999635917681338,
      "recall_at_10": 1.0,
      "ndcg_at_10": 0.9999635917681338,
      "precision_at_5": 0.19999999999999996,
      "mrr_at_10": 0.9999506757423301,
      "n_queries": 10137
    },
    "swapped_attributes": {
      "recall_at_1": 0.9988162178159219,
      "ndcg_at_1": 0.9988162178159219,
      "recall_at_5": 0.9992108118772812,
      "ndcg_at_5": 0.9990651789498161,
      "recall_at_10": 0.9992108118772812,
      "ndcg_at_10": 0.9990651789498161,
      "precision_at_5": 0.1998421623754562,
      "mrr_at_10": 0.9990135148466016,
      "n_queries": 10137
    }
  },
  "latency_ms": {
    "p50": 14.771336832685241,
    "p95": 19.78041633919929,
    "p99": 22.360478819464333,
    "n_queries": 6000
  },
  "per_bucket_latency_ms": {
    "pristine": {
      "p50": 14.412624994292855,
      "p95": 20.484244026010856,
      "p99": 23.020244920044203,
      "n_queries": 1000
    },
    "missing_firstname": {
      "p50": 15.032833500299603,
      "p95": 20.110419353295583,
      "p99": 24.065226578095462,
      "n_queries": 1000
    },
    "missing_email_company": {
      "p50": 14.883895491948351,
      "p95": 17.654045175004285,
      "p99": 19.410714677360374,
      "n_queries": 1000
    },
    "typo_name": {
      "p50": 14.823563004028983,
      "p95": 21.54279164824402,
      "p99": 23.353087195719123,
      "n_queries": 1000
    },
    "domain_mismatch": {
      "p50": 14.521791512379423,
      "p95": 17.75641069252742,
      "p99": 20.512273683270905,
      "n_queries": 1000
    },
    "swapped_attributes": {
      "p50": 14.95331249316223,
      "p95": 21.13458714011358,
      "p99": 23.801325862295926,
      "n_queries": 1000
    }
  },
  "index_size_mb": 2154.14
}