{
  "experiment_id": "gte_modernbert_base_base_512_fp32",
  "model": "gte_modernbert_base",
  "serialization": "pipe",
  "mode": "zero_shot",
  "quantization": "fp32",
  "dims": 768,
  "index_size": 1000050,
  "timestamp": "2026-03-09T04:40:06.888882+00:00",
  "overall": {
    "recall_at_1": 0.858833974548683,
    "ndcg_at_1": 0.858833974548683,
    "recall_at_5": 0.9159185820920062,
    "ndcg_at_5": 0.8896550152436835,
    "recall_at_10": 0.93457959291046,
    "ndcg_at_10": 0.8957263116427153,
    "precision_at_5": 0.18318371641840128,
    "mrr_at_10": 0.8834053297861624
  },
  "per_bucket": {
    "pristine": {
      "recall_at_1": 1.0,
      "ndcg_at_1": 1.0,
      "recall_at_5": 1.0,
      "ndcg_at_5": 1.0,
      "recall_at_10": 1.0,
      "ndcg_at_10": 1.0,
      "precision_at_5": 0.19999999999999996,
      "mrr_at_10": 1.0,
      "n_queries": 10137
    },
    "missing_firstname": {
      "recall_at_1": 0.9036204005129723,
      "ndcg_at_1": 0.9036204005129723,
      "recall_at_5": 0.9151622768077341,
      "ndcg_at_5": 0.9101353174111146,
      "recall_at_10": 0.9175298411758903,
      "ndcg_at_10": 0.9109118201360241,
      "precision_at_5": 0.1830324553615468,
      "mrr_at_10": 0.9087532158633076,
      "n_queries": 10137
    },
    "missing_email_company": {
      "recall_at_1": 0.3374765709776068,
      "ndcg_at_1": 0.3374765709776068,
      "recall_at_5": 0.6085626911314985,
      "ndcg_at_5": 0.48119493854741213,
      "recall_at_10": 0.712636874815034,
      "ndcg_at_10": 0.5150212530769679,
      "precision_at_5": 0.1217125382262997,
      "mrr_at_10": 0.45293487162383284,
      "n_queries": 10137
    },
    "typo_name": {
      "recall_at_1": 0.9882608266745585,
      "ndcg_at_1": 0.9882608266745585,
      "recall_at_5": 0.9908256880733946,
      "ndcg_at_5": 0.9897509067266121,
      "recall_at_10": 0.9911216336194141,
      "ndcg_at_10": 0.9898454383610636,
      "precision_at_5": 0.19816513761467888,
      "mrr_at_10": 0.9894204947771091,
      "n_queries": 10137
    },
    "domain_mismatch": {
      "recall_at_1": 0.9245338857650193,
      "ndcg_at_1": 0.9245338857650193,
      "recall_at_5": 0.981651376146789,
      "ndcg_at_5": 0.9576122848480731,
      "recall_at_10": 0.9868797474598008,
      "ndcg_at_10": 0.9593427143533474,
      "precision_at_5": 0.19633027522935778,
      "mrr_at_10": 0.9501125845754433,
      "n_queries": 10137
    },
    "swapped_attributes": {
      "recall_at_1": 0.9991121633619414,
      "ndcg_at_1": 0.9991121633619414,
      "recall_at_5": 0.9993094603926211,
      "ndcg_at_5": 0.9992366439288886,
      "recall_at_10": 0.9993094603926211,
      "ndcg_at_10": 0.9992366439288886,
      "precision_at_5": 0.1998618920785242,
      "mrr_at_10": 0.9992108118772812,
      "n_queries": 10137
    }
  },
  "latency_ms": {
    "p50": 25.63984716956232,
    "p95": 35.42590237557306,
    "p99": 40.81314262647842,
    "n_queries": 6000
  },
  "per_bucket_latency_ms": {
    "pristine": {
      "p50": 25.78129150060704,
      "p95": 35.91177914859144,
      "p99": 43.54484159164713,
      "n_queries": 1000
    },
    "missing_firstname": {
      "p50": 26.58585400058655,
      "p95": 37.39132289556437,
      "p99": 42.934422004182125,
      "n_queries": 1000
    },
    "missing_email_company": {
      "p50": 22.273479007708374,
      "p95": 29.172870847105514,
      "p99": 30.976455746858846,
      "n_queries": 1000
    },
    "typo_name": {
      "p50": 26.481479508220218,
      "p95": 36.99393269926077,
      "p99": 43.17191175185144,
      "n_queries": 1000
    },
    "domain_mismatch": {
      "p50": 25.689541500469204,
      "p95": 35.0966500074719,
      "p99": 38.92101258490583,
      "n_queries": 1000
    },
    "swapped_attributes": {
      "p50": 27.027437499782536,
      "p95": 37.98885865544433,
      "p99": 45.3302120794251,
      "n_queries": 1000
    }
  },
  "index_size_mb": 2154.14
}