{
  "experiment_id": "gte_modernbert_base_ft_64_fp32",
  "model": "gte_modernbert_base",
  "serialization": "pipe",
  "mode": "fine_tuned",
  "quantization": "fp32",
  "dims": 768,
  "index_size": 1000050,
  "timestamp": "2026-03-09T07:39:06.060955+00:00",
  "overall": {
    "recall_at_1": 0.8484265561803295,
    "ndcg_at_1": 0.8484265561803295,
    "recall_at_5": 0.8884285291506363,
    "ndcg_at_5": 0.8698536315007936,
    "recall_at_10": 0.90510012824307,
    "ndcg_at_10": 0.8752431299938745,
    "precision_at_5": 0.17768570583012727,
    "mrr_at_10": 0.8658850272431707
  },
  "per_bucket": {
    "pristine": {
      "recall_at_1": 0.9988162178159219,
      "ndcg_at_1": 0.9988162178159219,
      "recall_at_5": 1.0,
      "ndcg_at_5": 0.9995501851918007,
      "recall_at_10": 1.0,
      "ndcg_at_10": 0.9995501851918007,
      "precision_at_5": 0.19999999999999996,
      "mrr_at_10": 0.9993916674887376,
      "n_queries": 10137
    },
    "missing_firstname": {
      "recall_at_1": 0.9906283910427148,
      "ndcg_at_1": 0.9906283910427148,
      "recall_at_5": 0.9969418960244648,
      "ndcg_at_5": 0.9944534466671996,
      "recall_at_10": 0.9971391930551445,
      "ndcg_at_10": 0.9945214688158078,
      "precision_at_5": 0.1993883792048929,
      "mrr_at_10": 0.9936167364252596,
      "n_queries": 10137
    },
    "missing_email_company": {
      "recall_at_1": 0.15566735720627403,
      "ndcg_at_1": 0.15566735720627403,
      "recall_at_5": 0.3462562888428529,
      "ndcg_at_5": 0.2549707515842018,
      "recall_at_10": 0.44224129426852127,
      "ndcg_at_10": 0.2859732021358118,
      "precision_at_5": 0.06925125776857058,
      "mrr_at_10": 0.2375556072285874,
      "n_queries": 10137
    },
    "typo_name": {
      "recall_at_1": 0.9963500049324258,
      "ndcg_at_1": 0.9963500049324258,
      "recall_at_5": 0.9998027029693203,
      "ndcg_at_5": 0.9984759894673408,
      "recall_at_10": 0.9999013514846602,
      "ndcg_at_10": 0.9985071096090775,
      "precision_at_5": 0.19996054059386403,
      "mrr_at_10": 0.9980229193383972,
      "n_queries": 10137
    },
    "domain_mismatch": {
      "recall_at_1": 0.9891486633126172,
      "ndcg_at_1": 0.9891486633126172,
      "recall_at_5": 0.9996054059386407,
      "ndcg_at_5": 0.9955214764907504,
      "recall_at_10": 0.9998027029693203,
      "ndcg_at_10": 0.9955917551110739,
      "precision_at_5": 0.19992108118772808,
      "mrr_at_10": 0.9941254809115122,
      "n_queries": 10137
    },
    "swapped_attributes": {
      "recall_at_1": 0.9599487027720233,
      "ndcg_at_1": 0.9599487027720233,
      "recall_at_5": 0.987964881128539,
      "ndcg_at_5": 0.9761499396034685,
      "recall_at_10": 0.9915162276807734,
      "ndcg_at_10": 0.9773150590996756,
      "precision_at_5": 0.19759297622570776,
      "mrr_at_10": 0.9725977520665297,
      "n_queries": 10137
    }
  },
  "latency_ms": {
    "p50": 14.613795414334163,
    "p95": 19.400406289544964,
    "p99": 21.893859292661848,
    "n_queries": 6000
  },
  "per_bucket_latency_ms": {
    "pristine": {
      "p50": 14.23575051012449,
      "p95": 18.861887815000955,
      "p99": 21.27290000265929,
      "n_queries": 1000
    },
    "missing_firstname": {
      "p50": 14.891125494614244,
      "p95": 20.4386978992261,
      "p99": 24.171187664323952,
      "n_queries": 1000
    },
    "missing_email_company": {
      "p50": 14.712875010445714,
      "p95": 17.725464902468953,
      "p99": 19.61614717700286,
      "n_queries": 1000
    },
    "typo_name": {
      "p50": 14.556770998751745,
      "p95": 21.07598955044523,
      "p99": 23.581027931941207,
      "n_queries": 1000
    },
    "domain_mismatch": {
      "p50": 14.492687492747791,
      "p95": 17.399530619150024,
      "p99": 19.646715987182688,
      "n_queries": 1000
    },
    "swapped_attributes": {
      "p50": 14.793562979320996,
      "p95": 20.900866950978525,
      "p99": 23.07517699286109,
      "n_queries": 1000
    }
  },
  "index_size_mb": 417.07
}