{
  "experiment_id": "gte_modernbert_base_ft_128_fp32",
  "model": "gte_modernbert_base",
  "serialization": "pipe",
  "mode": "fine_tuned",
  "quantization": "fp32",
  "dims": 768,
  "index_size": 1000050,
  "timestamp": "2026-03-09T07:20:20.766568+00:00",
  "overall": {
    "recall_at_1": 0.8730558021768439,
    "ndcg_at_1": 0.8730558021768439,
    "recall_at_5": 0.9169708329222979,
    "ndcg_at_5": 0.8962711432097412,
    "recall_at_10": 0.9351057183256059,
    "ndcg_at_10": 0.9021463710268909,
    "precision_at_5": 0.1833941665844596,
    "mrr_at_10": 0.8918262723962143
  },
  "per_bucket": {
    "pristine": {
      "recall_at_1": 1.0,
      "ndcg_at_1": 1.0,
      "recall_at_5": 1.0,
      "ndcg_at_5": 1.0,
      "recall_at_10": 1.0,
      "ndcg_at_10": 1.0,
      "precision_at_5": 0.19999999999999996,
      "mrr_at_10": 1.0,
      "n_queries": 10137
    },
    "missing_firstname": {
      "recall_at_1": 0.9972378415704843,
      "ndcg_at_1": 0.9972378415704843,
      "recall_at_5": 0.9977310841471836,
      "ndcg_at_5": 0.9975490429878521,
      "recall_at_10": 0.9977310841471836,
      "ndcg_at_10": 0.9975490429878521,
      "precision_at_5": 0.19954621682943668,
      "mrr_at_10": 0.997484462858834,
      "n_queries": 10137
    },
    "missing_email_company": {
      "recall_at_1": 0.24731182795698925,
      "ndcg_at_1": 0.24731182795698925,
      "recall_at_5": 0.5062641807240801,
      "ndcg_at_5": 0.38391106671843883,
      "recall_at_10": 0.6146788990825688,
      "ndcg_at_10": 0.41903845596634465,
      "precision_at_5": 0.10125283614481603,
      "mrr_at_10": 0.3578288166405953,
      "n_queries": 10137
    },
    "typo_name": {
      "recall_at_1": 0.999408108907961,
      "ndcg_at_1": 0.999408108907961,
      "recall_at_5": 0.9996054059386407,
      "ndcg_at_5": 0.9995325894749081,
      "recall_at_10": 0.9996054059386407,
      "ndcg_at_10": 0.9995325894749081,
      "precision_at_5": 0.19992108118772808,
      "mrr_at_10": 0.9995067574233008,
      "n_queries": 10137
    },
    "domain_mismatch": {
      "recall_at_1": 0.999408108907961,
      "ndcg_at_1": 0.999408108907961,
      "recall_at_5": 1.0,
      "ndcg_at_5": 0.9997815506088021,
      "recall_at_10": 1.0,
      "ndcg_at_10": 0.9997815506088021,
      "precision_at_5": 0.19999999999999996,
      "mrr_at_10": 0.9997040544539805,
      "n_queries": 10137
    },
    "swapped_attributes": {
      "recall_at_1": 0.9949689257176679,
      "ndcg_at_1": 0.9949689257176679,
      "recall_at_5": 0.9982243267238828,
      "ndcg_at_5": 0.9968526094684461,
      "recall_at_10": 0.9986189207852422,
      "ndcg_at_10": 0.9969765871234377,
      "precision_at_5": 0.19964486534477655,
      "mrr_at_10": 0.9964335430005747,
      "n_queries": 10137
    }
  },
  "latency_ms": {
    "p50": 14.446993171683667,
    "p95": 19.07458902011664,
    "p99": 22.18271852490337,
    "n_queries": 6000
  },
  "per_bucket_latency_ms": {
    "pristine": {
      "p50": 13.96191651292611,
      "p95": 19.299050653353326,
      "p99": 22.93497591570485,
      "n_queries": 1000
    },
    "missing_firstname": {
      "p50": 14.505187500617467,
      "p95": 19.759729456563946,
      "p99": 22.477818596817087,
      "n_queries": 1000
    },
    "missing_email_company": {
      "p50": 14.768749999348074,
      "p95": 17.635849345242605,
      "p99": 19.71344626508653,
      "n_queries": 1000
    },
    "typo_name": {
      "p50": 14.695270991069265,
      "p95": 20.729280602245122,
      "p99": 24.515644821804017,
      "n_queries": 1000
    },
    "domain_mismatch": {
      "p50": 14.169479516567662,
      "p95": 16.39226811676053,
      "p99": 19.146988246939145,
      "n_queries": 1000
    },
    "swapped_attributes": {
      "p50": 14.58135450957343,
      "p95": 20.631355946534313,
      "p99": 24.30743730306858,
      "n_queries": 1000
    }
  },
  "index_size_mb": 665.16
}