{
  "experiment_id": "gte_modernbert_base_base_128_binary",
  "model": "gte_modernbert_base",
  "serialization": "pipe",
  "mode": "zero_shot",
  "quantization": "binary",
  "dims": 768,
  "index_size": 1000050,
  "timestamp": "2026-03-09T05:48:28.141272+00:00",
  "overall": {
    "recall_at_1": 0.8405675577915885,
    "ndcg_at_1": 0.8405675577915885,
    "recall_at_5": 0.8906974450034527,
    "ndcg_at_5": 0.8675603347527264,
    "recall_at_10": 0.9070566571306435,
    "ndcg_at_10": 0.8728742636284671,
    "precision_at_5": 0.17813948900069057,
    "mrr_at_10": 0.8620431895205004
  },
  "per_bucket": {
    "pristine": {
      "recall_at_1": 1.0,
      "ndcg_at_1": 1.0,
      "recall_at_5": 1.0,
      "ndcg_at_5": 1.0,
      "recall_at_10": 1.0,
      "ndcg_at_10": 1.0,
      "precision_at_5": 0.19999999999999996,
      "mrr_at_10": 1.0,
      "n_queries": 10137
    },
    "missing_firstname": {
      "recall_at_1": 0.9051987767584098,
      "ndcg_at_1": 0.9051987767584098,
      "recall_at_5": 0.9167406530531715,
      "ndcg_at_5": 0.9115486573043033,
      "recall_at_10": 0.9184176778139489,
      "ndcg_at_10": 0.9120930050600661,
      "precision_at_5": 0.1833481306106343,
      "mrr_at_10": 0.9100300095047062,
      "n_queries": 10137
    },
    "missing_email_company": {
      "recall_at_1": 0.24800236756436816,
      "ndcg_at_1": 0.24800236756436816,
      "recall_at_5": 0.47153990332445495,
      "ndcg_at_5": 0.3661529818519471,
      "recall_at_10": 0.5616059978297326,
      "ndcg_at_10": 0.3954051047071118,
      "precision_at_5": 0.09430798066489099,
      "mrr_at_10": 0.3433187944211915,
      "n_queries": 10137
    },
    "typo_name": {
      "recall_at_1": 0.980368945447371,
      "ndcg_at_1": 0.980368945447371,
      "recall_at_5": 0.9853013712143632,
      "ndcg_at_5": 0.9831498759927093,
      "recall_at_10": 0.9858932623064023,
      "ndcg_at_10": 0.9833544362135389,
      "precision_at_5": 0.19706027424287262,
      "mrr_at_10": 0.982513023952799,
      "n_queries": 10137
    },
    "domain_mismatch": {
      "recall_at_1": 0.9110190391634606,
      "ndcg_at_1": 0.9110190391634606,
      "recall_at_5": 0.9716878760974648,
      "ndcg_at_5": 0.9456320352680035,
      "recall_at_10": 0.9775081385025155,
      "ndcg_at_10": 0.9475145776906907,
      "precision_at_5": 0.1943375752194929,
      "mrr_at_10": 0.9375317671707136,
      "n_queries": 10137
    },
    "swapped_attributes": {
      "recall_at_1": 0.9988162178159219,
      "ndcg_at_1": 0.9988162178159219,
      "recall_at_5": 0.9989148663312617,
      "ndcg_at_5": 0.9988784580993955,
      "recall_at_10": 0.9989148663312617,
      "ndcg_at_10": 0.9988784580993955,
      "precision_at_5": 0.19978297326625233,
      "mrr_at_10": 0.9988655420735918,
      "n_queries": 10137
    }
  },
  "latency_ms": {
    "p50": 26.442930415214505,
    "p95": 37.02044331015107,
    "p99": 45.659186984654895,
    "n_queries": 6000
  },
  "per_bucket_latency_ms": {
    "pristine": {
      "p50": 25.775479000003543,
      "p95": 36.73105175475939,
      "p99": 41.35698632948331,
      "n_queries": 1000
    },
    "missing_firstname": {
      "p50": 26.714332998380996,
      "p95": 37.41798065893818,
      "p99": 42.6839149974694,
      "n_queries": 1000
    },
    "missing_email_company": {
      "p50": 24.342083488591015,
      "p95": 33.16814825229812,
      "p99": 49.06918726308504,
      "n_queries": 1000
    },
    "typo_name": {
      "p50": 27.892749501916114,
      "p95": 39.76837884183624,
      "p99": 47.634509164636256,
      "n_queries": 1000
    },
    "domain_mismatch": {
      "p50": 26.485583497560583,
      "p95": 36.225463146547554,
      "p99": 43.572960729798055,
      "n_queries": 1000
    },
    "swapped_attributes": {
      "p50": 27.44735400483478,
      "p95": 38.81163720652694,
      "p99": 49.637563423457316,
      "n_queries": 1000
    }
  },
  "index_size_mb": 672.79
}