{
  "experiment_id": "gte_modernbert_base_base_64_int8",
  "model": "gte_modernbert_base",
  "serialization": "pipe",
  "mode": "zero_shot",
  "quantization": "int8",
  "dims": 768,
  "index_size": 1000050,
  "timestamp": "2026-03-09T06:02:14.484568+00:00",
  "overall": {
    "recall_at_1": 0.8216763671040084,
    "ndcg_at_1": 0.8216763671040084,
    "recall_at_5": 0.8656078392686857,
    "ndcg_at_5": 0.8454342953769083,
    "recall_at_10": 0.8806517378580119,
    "ndcg_at_10": 0.8503105291646658,
    "precision_at_5": 0.17312156785373714,
    "mrr_at_10": 0.8407081449746933
  },
  "per_bucket": {
    "pristine": {
      "recall_at_1": 1.0,
      "ndcg_at_1": 1.0,
      "recall_at_5": 1.0,
      "ndcg_at_5": 1.0,
      "recall_at_10": 1.0,
      "ndcg_at_10": 1.0,
      "precision_at_5": 0.19999999999999996,
      "mrr_at_10": 1.0,
      "n_queries": 10137
    },
    "missing_firstname": {
      "recall_at_1": 0.9010555391141364,
      "ndcg_at_1": 0.9010555391141364,
      "recall_at_5": 0.9147676827463747,
      "ndcg_at_5": 0.9088720635678318,
      "recall_at_10": 0.9171352471145309,
      "ndcg_at_10": 0.9096493570845967,
      "precision_at_5": 0.18295353654927493,
      "mrr_at_10": 0.907193277495142,
      "n_queries": 10137
    },
    "missing_email_company": {
      "recall_at_1": 0.19996054059386406,
      "ndcg_at_1": 0.19996054059386406,
      "recall_at_5": 0.3774292196902437,
      "ndcg_at_5": 0.2935163318862263,
      "recall_at_10": 0.4524020913485252,
      "ndcg_at_10": 0.3177626779632071,
      "precision_at_5": 0.07548584393804873,
      "mrr_at_10": 0.2756827886526022,
      "n_queries": 10137
    },
    "typo_name": {
      "recall_at_1": 0.9706027424287265,
      "ndcg_at_1": 0.9706027424287265,
      "recall_at_5": 0.9765216533491171,
      "ndcg_at_5": 0.9739227339391315,
      "recall_at_10": 0.9776067870178554,
      "ndcg_at_10": 0.9742746923369581,
      "precision_at_5": 0.1953043306698234,
      "mrr_at_10": 0.973189995474695,
      "n_queries": 10137
    },
    "domain_mismatch": {
      "recall_at_1": 0.8614974844628588,
      "ndcg_at_1": 0.8614974844628588,
      "recall_at_5": 0.9279865838019138,
      "ndcg_at_5": 0.8993527468437954,
      "recall_at_10": 0.9398244056426951,
      "ndcg_at_10": 0.9032345515787682,
      "precision_at_5": 0.1855973167603827,
      "mrr_at_10": 0.8912409122012555,
      "n_queries": 10137
    },
    "swapped_attributes": {
      "recall_at_1": 0.9969418960244648,
      "ndcg_at_1": 0.9969418960244648,
      "recall_at_5": 0.9969418960244648,
      "ndcg_at_5": 0.9969418960244648,
      "recall_at_10": 0.9969418960244648,
      "ndcg_at_10": 0.9969418960244648,
      "precision_at_5": 0.19938837920489294,
      "mrr_at_10": 0.9969418960244648,
      "n_queries": 10137
    }
  },
  "latency_ms": {
    "p50": 14.980364413834954,
    "p95": 19.663933033128462,
    "p99": 23.292543345354108,
    "n_queries": 6000
  },
  "per_bucket_latency_ms": {
    "pristine": {
      "p50": 15.146332989388611,
      "p95": 21.184789900871685,
      "p99": 27.56292766673141,
      "n_queries": 1000
    },
    "missing_firstname": {
      "p50": 15.369999498943798,
      "p95": 20.333072247740343,
      "p99": 25.23175084017566,
      "n_queries": 1000
    },
    "missing_email_company": {
      "p50": 14.803853999183048,
      "p95": 17.165179497533245,
      "p99": 19.450211160437902,
      "n_queries": 1000
    },
    "typo_name": {
      "p50": 14.73143700422952,
      "p95": 20.819208651664663,
      "p99": 22.731856492027873,
      "n_queries": 1000
    },
    "domain_mismatch": {
      "p50": 14.70085449545877,
      "p95": 17.337379160744604,
      "p99": 21.305130253604148,
      "n_queries": 1000
    },
    "swapped_attributes": {
      "p50": 15.129708495805971,
      "p95": 21.143968740216224,
      "p99": 23.473383659147654,
      "n_queries": 1000
    }
  },
  "index_size_mb": 428.51
}