{
  "experiment_id": "gte_modernbert_base_base_256_fp32",
  "model": "gte_modernbert_base",
  "serialization": "pipe",
  "mode": "zero_shot",
  "quantization": "fp32",
  "dims": 768,
  "index_size": 1000050,
  "timestamp": "2026-03-09T05:07:28.311154+00:00",
  "overall": {
    "recall_at_1": 0.8332675676564401,
    "ndcg_at_1": 0.8332675676564401,
    "recall_at_5": 0.8919305514452007,
    "ndcg_at_5": 0.8649594125255335,
    "recall_at_10": 0.9110190391634606,
    "ndcg_at_10": 0.8711564957155842,
    "precision_at_5": 0.17838611028904017,
    "mrr_at_10": 0.8585148740039241
  },
  "per_bucket": {
    "pristine": {
      "recall_at_1": 1.0,
      "ndcg_at_1": 1.0,
      "recall_at_5": 1.0,
      "ndcg_at_5": 1.0,
      "recall_at_10": 1.0,
      "ndcg_at_10": 1.0,
      "precision_at_5": 0.19999999999999996,
      "mrr_at_10": 1.0,
      "n_queries": 10137
    },
    "missing_firstname": {
      "recall_at_1": 0.8883298806352964,
      "ndcg_at_1": 0.8883298806352964,
      "recall_at_5": 0.9058893163657887,
      "ndcg_at_5": 0.8980850778636761,
      "recall_at_10": 0.9096379599487028,
      "ndcg_at_10": 0.8993282889575573,
      "precision_at_5": 0.18117786327315774,
      "mrr_at_10": 0.8959832046988009,
      "n_queries": 10137
    },
    "missing_email_company": {
      "recall_at_1": 0.2565847883989346,
      "ndcg_at_1": 0.2565847883989346,
      "recall_at_5": 0.4977804084048535,
      "ndcg_at_5": 0.3840076199516141,
      "recall_at_10": 0.5970208148367367,
      "ndcg_at_10": 0.41617082471860334,
      "precision_at_5": 0.0995560816809707,
      "mrr_at_10": 0.3595474147042658,
      "n_queries": 10137
    },
    "typo_name": {
      "recall_at_1": 0.9782973266252343,
      "ndcg_at_1": 0.9782973266252343,
      "recall_at_5": 0.9859919108217421,
      "ndcg_at_5": 0.982806368276873,
      "recall_at_10": 0.9865838019137811,
      "ndcg_at_10": 0.983008672025988,
      "precision_at_5": 0.19719838216434837,
      "mrr_at_10": 0.9817987617262549,
      "n_queries": 10137
    },
    "domain_mismatch": {
      "recall_at_1": 0.8775771924632534,
      "ndcg_at_1": 0.8775771924632534,
      "recall_at_5": 0.9629081582322186,
      "ndcg_at_5": 0.9259296267039733,
      "recall_at_10": 0.9738581434349413,
      "ndcg_at_10": 0.9295034062342913,
      "precision_at_5": 0.1925816316464437,
      "mrr_at_10": 0.9148614379821837,
      "n_queries": 10137
    },
    "swapped_attributes": {
      "recall_at_1": 0.9988162178159219,
      "ndcg_at_1": 0.9988162178159219,
      "recall_at_5": 0.9990135148466016,
      "ndcg_at_5": 0.9989277823570654,
      "recall_at_10": 0.9990135148466016,
      "ndcg_at_10": 0.9989277823570654,
      "precision_at_5": 0.1998027029693203,
      "mrr_at_10": 0.9988984249120385,
      "n_queries": 10137
    }
  },
  "latency_ms": {
    "p50": 25.235461833896505,
    "p95": 35.018773616320686,
    "p99": 39.681816831604614,
    "n_queries": 6000
  },
  "per_bucket_latency_ms": {
    "pristine": {
      "p50": 24.96327049448155,
      "p95": 35.57484404955175,
      "p99": 41.780413507949554,
      "n_queries": 1000
    },
    "missing_firstname": {
      "p50": 25.680687504063826,
      "p95": 35.35132645483827,
      "p99": 39.47655208190554,
      "n_queries": 1000
    },
    "missing_email_company": {
      "p50": 22.863104000862222,
      "p95": 30.30311044785776,
      "p99": 34.62891074363142,
      "n_queries": 1000
    },
    "typo_name": {
      "p50": 25.61066650378052,
      "p95": 36.22102086083032,
      "p99": 41.72900924284477,
      "n_queries": 1000
    },
    "domain_mismatch": {
      "p50": 25.599854496249463,
      "p95": 33.98990384157514,
      "p99": 36.78597624224494,
      "n_queries": 1000
    },
    "swapped_attributes": {
      "p50": 26.69518800394144,
      "p95": 38.672436043270864,
      "p99": 43.69003917105147,
      "n_queries": 1000
    }
  },
  "index_size_mb": 1161.34
}