{
  "experiment_id": "gte_modernbert_base_base_128_fp32",
  "model": "gte_modernbert_base",
  "serialization": "pipe",
  "mode": "zero_shot",
  "quantization": "fp32",
  "dims": 768,
  "index_size": 1000050,
  "timestamp": "2026-03-09T05:32:21.612165+00:00",
  "overall": {
    "recall_at_1": 0.7893360954917629,
    "ndcg_at_1": 0.7893360954917629,
    "recall_at_5": 0.8496925454605242,
    "ndcg_at_5": 0.8219374602937616,
    "recall_at_10": 0.8710335076123771,
    "ndcg_at_10": 0.8288653230755362,
    "precision_at_5": 0.16993850909210484,
    "mrr_at_10": 0.8155372586047342
  },
  "per_bucket": {
    "pristine": {
      "recall_at_1": 0.9999013514846602,
      "ndcg_at_1": 0.9999013514846602,
      "recall_at_5": 1.0,
      "ndcg_at_5": 0.9999635917681338,
      "recall_at_10": 1.0,
      "ndcg_at_10": 0.9999635917681338,
      "precision_at_5": 0.19999999999999996,
      "mrr_at_10": 0.9999506757423301,
      "n_queries": 10137
    },
    "missing_firstname": {
      "recall_at_1": 0.8593272171253823,
      "ndcg_at_1": 0.8593272171253823,
      "recall_at_5": 0.8968136529545231,
      "ndcg_at_5": 0.8801787233442653,
      "recall_at_10": 0.9041136430896715,
      "ndcg_at_10": 0.8825669697529009,
      "precision_at_5": 0.1793627305909046,
      "mrr_at_10": 0.8755596345933725,
      "n_queries": 10137
    },
    "missing_email_company": {
      "recall_at_1": 0.15053763440860216,
      "ndcg_at_1": 0.15053763440860216,
      "recall_at_5": 0.32327118476866923,
      "ndcg_at_5": 0.24048910298500548,
      "recall_at_10": 0.41166025451316957,
      "ndcg_at_10": 0.2690353933358704,
      "precision_at_5": 0.06465423695373385,
      "mrr_at_10": 0.22490025539004527,
      "n_queries": 10137
    },
    "typo_name": {
      "recall_at_1": 0.9446581828943474,
      "ndcg_at_1": 0.9446581828943474,
      "recall_at_5": 0.9730689553122226,
      "ndcg_at_5": 0.9607173253246852,
      "recall_at_10": 0.9780013810792147,
      "ndcg_at_10": 0.9623179534734195,
      "precision_at_5": 0.1946137910624445,
      "mrr_at_10": 0.9571875621446501,
      "n_queries": 10137
    },
    "domain_mismatch": {
      "recall_at_1": 0.786721909835257,
      "ndcg_at_1": 0.786721909835257,
      "recall_at_5": 0.9066785044885074,
      "ndcg_at_5": 0.853374491931819,
      "recall_at_10": 0.9338068462069646,
      "ndcg_at_10": 0.8623033422554619,
      "precision_at_5": 0.18133570089770149,
      "mrr_at_10": 0.8391676100909602,
      "n_queries": 10137
    },
    "swapped_attributes": {
      "recall_at_1": 0.9948702772023281,
      "ndcg_at_1": 0.9948702772023281,
      "recall_at_5": 0.9983229752392226,
      "ndcg_at_5": 0.9969015264086606,
      "recall_at_10": 0.9986189207852422,
      "ndcg_at_10": 0.9970046878674306,
      "precision_at_5": 0.1996645950478445,
      "mrr_at_10": 0.996457813667047,
      "n_queries": 10137
    }
  },
  "latency_ms": {
    "p50": 25.467576501493266,
    "p95": 35.616334571750485,
    "p99": 40.761939501123074,
    "n_queries": 6000
  },
  "per_bucket_latency_ms": {
    "pristine": {
      "p50": 25.474542002484668,
      "p95": 37.39864024173585,
      "p99": 47.88679290970322,
      "n_queries": 1000
    },
    "missing_firstname": {
      "p50": 25.92668750003213,
      "p95": 36.412762500549434,
      "p99": 41.48481950265704,
      "n_queries": 1000
    },
    "missing_email_company": {
      "p50": 22.054062006645836,
      "p95": 28.6405267957889,
      "p99": 31.31598133855732,
      "n_queries": 1000
    },
    "typo_name": {
      "p50": 26.58291650004685,
      "p95": 37.77153299743077,
      "p99": 44.344244917301694,
      "n_queries": 1000
    },
    "domain_mismatch": {
      "p50": 26.34218800085364,
      "p95": 35.480847595317755,
      "p99": 37.283760923164664,
      "n_queries": 1000
    },
    "swapped_attributes": {
      "p50": 26.425062998896465,
      "p95": 37.9936972996802,
      "p99": 42.25603741535451,
      "n_queries": 1000
    }
  },
  "index_size_mb": 665.16
}