{
  "experiment_id": "gte_modernbert_base_ft_256_int8",
  "model": "gte_modernbert_base",
  "serialization": "pipe",
  "mode": "fine_tuned",
  "quantization": "int8",
  "dims": 768,
  "index_size": 1000050,
  "timestamp": "2026-03-09T07:07:37.918526+00:00",
  "overall": {
    "recall_at_1": 0.9005787379566604,
    "ndcg_at_1": 0.9005787379566604,
    "recall_at_5": 0.9535036664364868,
    "ndcg_at_5": 0.928787428650215,
    "recall_at_10": 0.9697806714675611,
    "ndcg_at_10": 0.9340930307072501,
    "precision_at_5": 0.19070073328729736,
    "mrr_at_10": 0.9227697997748308
  },
  "per_bucket": {
    "pristine": {
      "recall_at_1": 1.0,
      "ndcg_at_1": 1.0,
      "recall_at_5": 1.0,
      "ndcg_at_5": 1.0,
      "recall_at_10": 1.0,
      "ndcg_at_10": 1.0,
      "precision_at_5": 0.19999999999999996,
      "mrr_at_10": 1.0,
      "n_queries": 10137
    },
    "missing_firstname": {
      "recall_at_1": 0.9984216237545624,
      "ndcg_at_1": 0.9984216237545624,
      "recall_at_5": 0.9984216237545624,
      "ndcg_at_5": 0.9984216237545624,
      "recall_at_10": 0.9984216237545624,
      "ndcg_at_10": 0.9984216237545624,
      "precision_at_5": 0.19968432475091247,
      "mrr_at_10": 0.9984216237545624,
      "n_queries": 10137
    },
    "missing_email_company": {
      "recall_at_1": 0.4065305317154977,
      "ndcg_at_1": 0.4065305317154977,
      "recall_at_5": 0.724080102594456,
      "ndcg_at_5": 0.5757826758768255,
      "recall_at_10": 0.8217421327809017,
      "ndcg_at_10": 0.6076162882190357,
      "precision_at_5": 0.1448160205188912,
      "mrr_at_10": 0.5396769026245203,
      "n_queries": 10137
    },
    "typo_name": {
      "recall_at_1": 0.9997040544539805,
      "ndcg_at_1": 0.9997040544539805,
      "recall_at_5": 0.9997040544539805,
      "ndcg_at_5": 0.9997040544539805,
      "recall_at_10": 0.9997040544539805,
      "ndcg_at_10": 0.9997040544539805,
      "precision_at_5": 0.19994081089079607,
      "mrr_at_10": 0.9997040544539805,
      "n_queries": 10137
    },
    "domain_mismatch": {
      "recall_at_1": 1.0,
      "ndcg_at_1": 1.0,
      "recall_at_5": 1.0,
      "ndcg_at_5": 1.0,
      "recall_at_10": 1.0,
      "ndcg_at_10": 1.0,
      "precision_at_5": 0.19999999999999996,
      "mrr_at_10": 1.0,
      "n_queries": 10137
    },
    "swapped_attributes": {
      "recall_at_1": 0.9988162178159219,
      "ndcg_at_1": 0.9988162178159219,
      "recall_at_5": 0.9988162178159219,
      "ndcg_at_5": 0.9988162178159219,
      "recall_at_10": 0.9988162178159219,
      "ndcg_at_10": 0.9988162178159219,
      "precision_at_5": 0.19976324356318434,
      "mrr_at_10": 0.9988162178159219,
      "n_queries": 10137
    }
  },
  "latency_ms": {
    "p50": 15.022013996106883,
    "p95": 19.98421473520769,
    "p99": 22.587793220882304,
    "n_queries": 6000
  },
  "per_bucket_latency_ms": {
    "pristine": {
      "p50": 14.649895994807594,
      "p95": 20.400354184675958,
      "p99": 24.58552157477243,
      "n_queries": 1000
    },
    "missing_firstname": {
      "p50": 15.127000500797294,
      "p95": 19.606457989721093,
      "p99": 22.7156715124147,
      "n_queries": 1000
    },
    "missing_email_company": {
      "p50": 15.284645996871404,
      "p95": 18.65023924183333,
      "p99": 20.925347422016785,
      "n_queries": 1000
    },
    "typo_name": {
      "p50": 15.151061990763992,
      "p95": 21.988614891597535,
      "p99": 24.81593873555539,
      "n_queries": 1000
    },
    "domain_mismatch": {
      "p50": 14.679645508294925,
      "p95": 18.093836038315203,
      "p99": 19.644768752332308,
      "n_queries": 1000
    },
    "swapped_attributes": {
      "p50": 15.239833985106088,
      "p95": 21.165786065103013,
      "p99": 22.839511328202207,
      "n_queries": 1000
    }
  },
  "index_size_mb": 1207.12
}