{
  "experiment_id": "gte_modernbert_base_ft_768_fp32",
  "model": "gte_modernbert_base",
  "serialization": "pipe",
  "mode": "fine_tuned",
  "quantization": "fp32",
  "dims": 768,
  "index_size": 1000050,
  "timestamp": "2026-03-09T06:15:37.098090+00:00",
  "overall": {
    "recall_at_1": 0.8956956364473382,
    "ndcg_at_1": 0.8956956364473382,
    "recall_at_5": 0.9488014205386209,
    "ndcg_at_5": 0.9239546565458974,
    "recall_at_10": 0.966032027884647,
    "ndcg_at_10": 0.9295790267269505,
    "precision_at_5": 0.18976028410772422,
    "mrr_at_10": 0.9180367457890394
  },
  "per_bucket": {
    "pristine": {
      "recall_at_1": 1.0,
      "ndcg_at_1": 1.0,
      "recall_at_5": 1.0,
      "ndcg_at_5": 1.0,
      "recall_at_10": 1.0,
      "ndcg_at_10": 1.0,
      "precision_at_5": 0.19999999999999996,
      "mrr_at_10": 1.0,
      "n_queries": 10137
    },
    "missing_firstname": {
      "recall_at_1": 0.9980270296932031,
      "ndcg_at_1": 0.9980270296932031,
      "recall_at_5": 0.9982243267238828,
      "ndcg_at_5": 0.9981515102601503,
      "recall_at_10": 0.9982243267238828,
      "ndcg_at_10": 0.9981515102601503,
      "precision_at_5": 0.19964486534477655,
      "mrr_at_10": 0.9981256782085429,
      "n_queries": 10137
    },
    "missing_email_company": {
      "recall_at_1": 0.37723192265956396,
      "ndcg_at_1": 0.37723192265956396,
      "recall_at_5": 0.6950774390845418,
      "ndcg_at_5": 0.5463010370089348,
      "recall_at_10": 0.7984610831606984,
      "ndcg_at_10": 0.5800472580952537,
      "precision_at_5": 0.13901548781690834,
      "mrr_at_10": 0.5109004260676353,
      "n_queries": 10137
    },
    "typo_name": {
      "recall_at_1": 0.9996054059386407,
      "ndcg_at_1": 0.9996054059386407,
      "recall_at_5": 0.9998027029693203,
      "ndcg_at_5": 0.9997298865055878,
      "recall_at_10": 0.9998027029693203,
      "ndcg_at_10": 0.9997298865055878,
      "precision_at_5": 0.199960540593864,
      "mrr_at_10": 0.9997040544539805,
      "n_queries": 10137
    },
    "domain_mismatch": {
      "recall_at_1": 0.9999013514846602,
      "ndcg_at_1": 0.9999013514846602,
      "recall_at_5": 1.0,
      "ndcg_at_5": 0.9999635917681338,
      "recall_at_10": 1.0,
      "ndcg_at_10": 0.9999635917681338,
      "precision_at_5": 0.19999999999999996,
      "mrr_at_10": 0.9999506757423301,
      "n_queries": 10137
    },
    "swapped_attributes": {
      "recall_at_1": 0.999408108907961,
      "ndcg_at_1": 0.999408108907961,
      "recall_at_5": 0.9997040544539805,
      "ndcg_at_5": 0.999581913732578,
      "recall_at_10": 0.9997040544539805,
      "ndcg_at_10": 0.999581913732578,
      "precision_at_5": 0.19994081089079607,
      "mrr_at_10": 0.9995396402617472,
      "n_queries": 10137
    }
  },
  "latency_ms": {
    "p50": 15.063680749638783,
    "p95": 19.560428313949767,
    "p99": 22.51945221500743,
    "n_queries": 6000
  },
  "per_bucket_latency_ms": {
    "pristine": {
      "p50": 14.929750002920628,
      "p95": 19.48129135271301,
      "p99": 22.314518983475864,
      "n_queries": 1000
    },
    "missing_firstname": {
      "p50": 15.038500510854647,
      "p95": 20.294326469593216,
      "p99": 22.894039398815945,
      "n_queries": 1000
    },
    "missing_email_company": {
      "p50": 15.111708489712328,
      "p95": 18.166625000594646,
      "p99": 20.2430749204359,
      "n_queries": 1000
    },
    "typo_name": {
      "p50": 15.264938003383577,
      "p95": 21.134551736759022,
      "p99": 25.380839159479365,
      "n_queries": 1000
    },
    "domain_mismatch": {
      "p50": 14.680729000247084,
      "p95": 17.544783663470294,
      "p99": 21.3343246592558,
      "n_queries": 1000
    },
    "swapped_attributes": {
      "p50": 15.35645849071443,
      "p95": 20.740991660568397,
      "p99": 22.94991616858169,
      "n_queries": 1000
    }
  },
  "index_size_mb": 3146.55
}