{
  "experiment_id": "gte_modernbert_base_base_256_int8",
  "model": "gte_modernbert_base",
  "serialization": "pipe",
  "mode": "zero_shot",
  "quantization": "int8",
  "dims": 768,
  "index_size": 1000050,
  "timestamp": "2026-03-09T05:16:10.160429+00:00",
  "overall": {
    "recall_at_1": 0.8695373384630561,
    "ndcg_at_1": 0.8695373384630561,
    "recall_at_5": 0.9201440268323962,
    "ndcg_at_5": 0.8968695200537428,
    "recall_at_10": 0.9352865739370623,
    "ndcg_at_10": 0.9017952619015571,
    "precision_at_5": 0.18402880536647923,
    "mrr_at_10": 0.8911400845454314
  },
  "per_bucket": {
    "pristine": {
      "recall_at_1": 1.0,
      "ndcg_at_1": 1.0,
      "recall_at_5": 1.0,
      "ndcg_at_5": 1.0,
      "recall_at_10": 1.0,
      "ndcg_at_10": 1.0,
      "precision_at_5": 0.19999999999999996,
      "mrr_at_10": 1.0,
      "n_queries": 10137
    },
    "missing_firstname": {
      "recall_at_1": 0.9127947124395778,
      "ndcg_at_1": 0.9127947124395778,
      "recall_at_5": 0.9168393015685113,
      "ndcg_at_5": 0.915080821846117,
      "recall_at_10": 0.9172338956298708,
      "ndcg_at_10": 0.9152038784334724,
      "precision_at_5": 0.18336786031370225,
      "mrr_at_10": 0.914532844475135,
      "n_queries": 10137
    },
    "missing_email_company": {
      "recall_at_1": 0.36105356614382955,
      "ndcg_at_1": 0.36105356614382955,
      "recall_at_5": 0.6279964486534477,
      "ndcg_at_5": 0.5034879731714414,
      "recall_at_10": 0.7168787609746473,
      "ndcg_at_10": 0.5324157000858514,
      "precision_at_5": 0.12559928973068957,
      "mrr_at_10": 0.4740750527299802,
      "n_queries": 10137
    },
    "typo_name": {
      "recall_at_1": 0.988556772220578,
      "ndcg_at_1": 0.988556772220578,
      "recall_at_5": 0.9889513662819375,
      "ndcg_at_5": 0.9887730626482407,
      "recall_at_10": 0.9890500147972773,
      "ndcg_at_10": 0.9888015784641938,
      "precision_at_5": 0.19779027325638746,
      "mrr_at_10": 0.9887228305547335,
      "n_queries": 10137
    },
    "domain_mismatch": {
      "recall_at_1": 0.9556081680970702,
      "ndcg_at_1": 0.9556081680970702,
      "recall_at_5": 0.9878662326131992,
      "ndcg_at_5": 0.9746644507793756,
      "recall_at_10": 0.9893459603432968,
      "ndcg_at_10": 0.9751396025485434,
      "precision_at_5": 0.1975732465226398,
      "mrr_at_10": 0.9702989676354579,
      "n_queries": 10137
    },
    "swapped_attributes": {
      "recall_at_1": 0.9992108118772812,
      "ndcg_at_1": 0.9992108118772812,
      "recall_at_5": 0.9992108118772812,
      "ndcg_at_5": 0.9992108118772812,
      "recall_at_10": 0.9992108118772812,
      "ndcg_at_10": 0.9992108118772812,
      "precision_at_5": 0.1998421623754562,
      "mrr_at_10": 0.9992108118772812,
      "n_queries": 10137
    }
  },
  "latency_ms": {
    "p50": 26.279708251725726,
    "p95": 35.996416147584874,
    "p99": 42.31832282156877,
    "n_queries": 6000
  },
  "per_bucket_latency_ms": {
    "pristine": {
      "p50": 25.589854005374946,
      "p95": 35.67430385155603,
      "p99": 40.74375258933287,
      "n_queries": 1000
    },
    "missing_firstname": {
      "p50": 25.79639600298833,
      "p95": 35.80115449803998,
      "p99": 41.24421725005959,
      "n_queries": 1000
    },
    "missing_email_company": {
      "p50": 23.755020498356316,
      "p95": 32.32422534565557,
      "p99": 42.49098791609866,
      "n_queries": 1000
    },
    "typo_name": {
      "p50": 27.345625007001217,
      "p95": 37.602875348966336,
      "p99": 43.94249241653596,
      "n_queries": 1000
    },
    "domain_mismatch": {
      "p50": 27.04697899753228,
      "p95": 36.453304496535566,
      "p99": 40.70814342194353,
      "n_queries": 1000
    },
    "swapped_attributes": {
      "p50": 28.144374999101274,
      "p95": 38.12263334475574,
      "p99": 44.78034333544201,
      "n_queries": 1000
    }
  },
  "index_size_mb": 1207.12
}