{
  "experiment_id": "gte_modernbert_base_ft_128_binary",
  "model": "gte_modernbert_base",
  "serialization": "pipe",
  "mode": "fine_tuned",
  "quantization": "binary",
  "dims": 768,
  "index_size": 1000050,
  "timestamp": "2026-03-09T07:33:02.526624+00:00",
  "overall": {
    "recall_at_1": 0.8899082568807339,
    "ndcg_at_1": 0.8899082568807339,
    "recall_at_5": 0.9385255335240538,
    "ndcg_at_5": 0.915716989039545,
    "recall_at_10": 0.9556246095162935,
    "ndcg_at_10": 0.9212671868600502,
    "precision_at_5": 0.18770510670481078,
    "mrr_at_10": 0.910434481466345
  },
  "per_bucket": {
    "pristine": {
      "recall_at_1": 1.0,
      "ndcg_at_1": 1.0,
      "recall_at_5": 1.0,
      "ndcg_at_5": 1.0,
      "recall_at_10": 1.0,
      "ndcg_at_10": 1.0,
      "precision_at_5": 0.19999999999999996,
      "mrr_at_10": 1.0,
      "n_queries": 10137
    },
    "missing_firstname": {
      "recall_at_1": 0.9978297326625234,
      "ndcg_at_1": 0.9978297326625234,
      "recall_at_5": 0.9979283811778633,
      "ndcg_at_5": 0.997891972945997,
      "recall_at_10": 0.9979283811778633,
      "ndcg_at_10": 0.997891972945997,
      "precision_at_5": 0.19958567623557263,
      "mrr_at_10": 0.9978790569201933,
      "n_queries": 10137
    },
    "missing_email_company": {
      "recall_at_1": 0.3443819670513959,
      "ndcg_at_1": 0.3443819670513959,
      "recall_at_5": 0.6354937358192759,
      "ndcg_at_5": 0.4988806729838488,
      "recall_at_10": 0.7380881917727138,
      "ndcg_at_10": 0.5321818599068798,
      "precision_at_5": 0.1270987471638552,
      "mrr_at_10": 0.46726803114787735,
      "n_queries": 10137
    },
    "typo_name": {
      "recall_at_1": 0.9998027029693203,
      "ndcg_at_1": 0.9998027029693203,
      "recall_at_5": 0.9999013514846602,
      "ndcg_at_5": 0.9998649432527938,
      "recall_at_10": 0.9999013514846602,
      "ndcg_at_10": 0.9998649432527938,
      "precision_at_5": 0.19998027029693202,
      "mrr_at_10": 0.9998520272269902,
      "n_queries": 10137
    },
    "domain_mismatch": {
      "recall_at_1": 1.0,
      "ndcg_at_1": 1.0,
      "recall_at_5": 1.0,
      "ndcg_at_5": 1.0,
      "recall_at_10": 1.0,
      "ndcg_at_10": 1.0,
      "precision_at_5": 0.19999999999999996,
      "mrr_at_10": 1.0,
      "n_queries": 10137
    },
    "swapped_attributes": {
      "recall_at_1": 0.9974351386011641,
      "ndcg_at_1": 0.9974351386011641,
      "recall_at_5": 0.9978297326625234,
      "ndcg_at_5": 0.9976643450546304,
      "recall_at_10": 0.9978297326625234,
      "ndcg_at_10": 0.9976643450546304,
      "precision_at_5": 0.19956594653250467,
      "mrr_at_10": 0.9976077735030088,
      "n_queries": 10137
    }
  },
  "latency_ms": {
    "p50": 14.625503504551792,
    "p95": 19.009236530352307,
    "p99": 22.333312461075057,
    "n_queries": 6000
  },
  "per_bucket_latency_ms": {
    "pristine": {
      "p50": 14.109896001173183,
      "p95": 19.044030593067873,
      "p99": 24.017043312196602,
      "n_queries": 1000
    },
    "missing_firstname": {
      "p50": 14.66452049498912,
      "p95": 19.59444551175693,
      "p99": 22.770230013702527,
      "n_queries": 1000
    },
    "missing_email_company": {
      "p50": 14.675541999167763,
      "p95": 17.14214584644651,
      "p99": 19.347763003606815,
      "n_queries": 1000
    },
    "typo_name": {
      "p50": 14.964104513637722,
      "p95": 20.286747586214915,
      "p99": 23.168803339940492,
      "n_queries": 1000
    },
    "domain_mismatch": {
      "p50": 14.486583007965237,
      "p95": 17.38406039221445,
      "p99": 20.248335843789388,
      "n_queries": 1000
    },
    "swapped_attributes": {
      "p50": 14.852375010377727,
      "p95": 20.603989252413154,
      "p99": 24.44769925321452,
      "n_queries": 1000
    }
  },
  "index_size_mb": 672.79
}