{
  "experiment_id": "gte_modernbert_base_ft_128_int8",
  "model": "gte_modernbert_base",
  "serialization": "pipe",
  "mode": "fine_tuned",
  "quantization": "int8",
  "dims": 768,
  "index_size": 1000050,
  "timestamp": "2026-03-09T07:26:42.738685+00:00",
  "overall": {
    "recall_at_1": 0.8946762684554931,
    "ndcg_at_1": 0.8946762684554931,
    "recall_at_5": 0.945809082239979,
    "ndcg_at_5": 0.9218669417322162,
    "recall_at_10": 0.9622833843017329,
    "ndcg_at_10": 0.9271987252699849,
    "precision_at_5": 0.1891618164479958,
    "mrr_at_10": 0.9161077367055467
  },
  "per_bucket": {
    "pristine": {
      "recall_at_1": 1.0,
      "ndcg_at_1": 1.0,
      "recall_at_5": 1.0,
      "ndcg_at_5": 1.0,
      "recall_at_10": 1.0,
      "ndcg_at_10": 1.0,
      "precision_at_5": 0.19999999999999996,
      "mrr_at_10": 1.0,
      "n_queries": 10137
    },
    "missing_firstname": {
      "recall_at_1": 0.9972378415704843,
      "ndcg_at_1": 0.9972378415704843,
      "recall_at_5": 0.9972378415704843,
      "ndcg_at_5": 0.9972378415704843,
      "recall_at_10": 0.9972378415704843,
      "ndcg_at_10": 0.9972378415704843,
      "precision_at_5": 0.19944756831409685,
      "mrr_at_10": 0.9972378415704843,
      "n_queries": 10137
    },
    "missing_email_company": {
      "recall_at_1": 0.3735819275919897,
      "ndcg_at_1": 0.3735819275919897,
      "recall_at_5": 0.680378810298905,
      "ndcg_at_5": 0.5367259672523281,
      "recall_at_10": 0.7792246226694288,
      "ndcg_at_10": 0.5687166684789401,
      "precision_at_5": 0.136075762059781,
      "mrr_at_10": 0.5021707370923115,
      "n_queries": 10137
    },
    "typo_name": {
      "recall_at_1": 0.999408108907961,
      "ndcg_at_1": 0.999408108907961,
      "recall_at_5": 0.999408108907961,
      "ndcg_at_5": 0.999408108907961,
      "recall_at_10": 0.999408108907961,
      "ndcg_at_10": 0.999408108907961,
      "precision_at_5": 0.19988162178159216,
      "mrr_at_10": 0.999408108907961,
      "n_queries": 10137
    },
    "domain_mismatch": {
      "recall_at_1": 1.0,
      "ndcg_at_1": 1.0,
      "recall_at_5": 1.0,
      "ndcg_at_5": 1.0,
      "recall_at_10": 1.0,
      "ndcg_at_10": 1.0,
      "precision_at_5": 0.19999999999999996,
      "mrr_at_10": 1.0,
      "n_queries": 10137
    },
    "swapped_attributes": {
      "recall_at_1": 0.9978297326625234,
      "ndcg_at_1": 0.9978297326625234,
      "recall_at_5": 0.9978297326625234,
      "ndcg_at_5": 0.9978297326625234,
      "recall_at_10": 0.9978297326625234,
      "ndcg_at_10": 0.9978297326625234,
      "precision_at_5": 0.19956594653250467,
      "mrr_at_10": 0.9978297326625234,
      "n_queries": 10137
    }
  },
  "latency_ms": {
    "p50": 14.697684169126054,
    "p95": 19.441532343626022,
    "p99": 22.207320406062838,
    "n_queries": 6000
  },
  "per_bucket_latency_ms": {
    "pristine": {
      "p50": 14.30737500777468,
      "p95": 19.67397116386564,
      "p99": 22.964634583331645,
      "n_queries": 1000
    },
    "missing_firstname": {
      "p50": 14.904645999195054,
      "p95": 19.140793444239534,
      "p99": 21.491694589785762,
      "n_queries": 1000
    },
    "missing_email_company": {
      "p50": 14.699000501423143,
      "p95": 17.87191280745901,
      "p99": 19.59854457731126,
      "n_queries": 1000
    },
    "typo_name": {
      "p50": 14.738270998350345,
      "p95": 21.12429344560951,
      "p99": 24.324060835351702,
      "n_queries": 1000
    },
    "domain_mismatch": {
      "p50": 14.405145499040373,
      "p95": 17.623287797323425,
      "p99": 19.93610002216883,
      "n_queries": 1000
    },
    "swapped_attributes": {
      "p50": 15.131667008972727,
      "p95": 21.214935403259005,
      "p99": 24.928887828427833,
      "n_queries": 1000
    }
  },
  "index_size_mb": 688.05
}