{
  "experiment_id": "gte_modernbert_base_ft_768_binary",
  "model": "gte_modernbert_base",
  "serialization": "pipe",
  "mode": "fine_tuned",
  "quantization": "binary",
  "dims": 768,
  "index_size": 1000050,
  "timestamp": "2026-03-09T06:32:32.308961+00:00",
  "overall": {
    "recall_at_1": 0.9044260300549143,
    "ndcg_at_1": 0.9044260300549143,
    "recall_at_5": 0.9574989313077504,
    "ndcg_at_5": 0.932745399715614,
    "recall_at_10": 0.9741376475617375,
    "ndcg_at_10": 0.9381951795495674,
    "precision_at_5": 0.19149978626155012,
    "mrr_at_10": 0.9267877564143718
  },
  "per_bucket": {
    "pristine": {
      "recall_at_1": 1.0,
      "ndcg_at_1": 1.0,
      "recall_at_5": 1.0,
      "ndcg_at_5": 1.0,
      "recall_at_10": 1.0,
      "ndcg_at_10": 1.0,
      "precision_at_5": 0.19999999999999996,
      "mrr_at_10": 1.0,
      "n_queries": 10137
    },
    "missing_firstname": {
      "recall_at_1": 0.9979283811778633,
      "ndcg_at_1": 0.9979283811778633,
      "recall_at_5": 0.9980270296932031,
      "ndcg_at_5": 0.9979906214613369,
      "recall_at_10": 0.9980270296932031,
      "ndcg_at_10": 0.9979906214613369,
      "precision_at_5": 0.1996054059386406,
      "mrr_at_10": 0.9979777054355332,
      "n_queries": 10137
    },
    "missing_email_company": {
      "recall_at_1": 0.4294169872743415,
      "ndcg_at_1": 0.4294169872743415,
      "recall_at_5": 0.7476570977606787,
      "ndcg_at_5": 0.5992087246715928,
      "recall_at_10": 0.847489395284601,
      "ndcg_at_10": 0.6319074036753128,
      "precision_at_5": 0.14953141955213572,
      "mrr_at_10": 0.5634886969157464,
      "n_queries": 10137
    },
    "typo_name": {
      "recall_at_1": 0.9998027029693203,
      "ndcg_at_1": 0.9998027029693203,
      "recall_at_5": 0.9998027029693203,
      "ndcg_at_5": 0.9998027029693203,
      "recall_at_10": 0.9998027029693203,
      "ndcg_at_10": 0.9998027029693203,
      "precision_at_5": 0.19996054059386403,
      "mrr_at_10": 0.9998027029693203,
      "n_queries": 10137
    },
    "domain_mismatch": {
      "recall_at_1": 0.9999013514846602,
      "ndcg_at_1": 0.9999013514846602,
      "recall_at_5": 1.0,
      "ndcg_at_5": 0.9999635917681338,
      "recall_at_10": 1.0,
      "ndcg_at_10": 0.9999635917681338,
      "precision_at_5": 0.19999999999999996,
      "mrr_at_10": 0.9999506757423301,
      "n_queries": 10137
    },
    "swapped_attributes": {
      "recall_at_1": 0.9995067574233008,
      "ndcg_at_1": 0.9995067574233008,
      "recall_at_5": 0.9995067574233008,
      "ndcg_at_5": 0.9995067574233008,
      "recall_at_10": 0.9995067574233008,
      "ndcg_at_10": 0.9995067574233008,
      "precision_at_5": 0.19990135148466012,
      "mrr_at_10": 0.9995067574233008,
      "n_queries": 10137
    }
  },
  "latency_ms": {
    "p50": 15.364680584752932,
    "p95": 20.388536149160547,
    "p99": 23.22397113171367,
    "n_queries": 6000
  },
  "per_bucket_latency_ms": {
    "pristine": {
      "p50": 14.954562502680346,
      "p95": 20.888745498086788,
      "p99": 25.000102896301538,
      "n_queries": 1000
    },
    "missing_firstname": {
      "p50": 15.418333001434803,
      "p95": 20.998064555169545,
      "p99": 23.640622332168274,
      "n_queries": 1000
    },
    "missing_email_company": {
      "p50": 15.386750004836358,
      "p95": 18.470263104245532,
      "p99": 20.464859054482073,
      "n_queries": 1000
    },
    "typo_name": {
      "p50": 15.461895993212238,
      "p95": 21.606877392332535,
      "p99": 24.5067011466017,
      "n_queries": 1000
    },
    "domain_mismatch": {
      "p50": 15.304979504435323,
      "p95": 18.669629150826946,
      "p99": 20.683664263924584,
      "n_queries": 1000
    },
    "swapped_attributes": {
      "p50": 15.661562501918525,
      "p95": 21.69763719430193,
      "p99": 25.04787709680386,
      "n_queries": 1000
    }
  },
  "index_size_mb": 3192.33
}