{
  "experiment_id": "gte_modernbert_base_base_768_binary",
  "model": "gte_modernbert_base",
  "serialization": "pipe",
  "mode": "zero_shot",
  "quantization": "binary",
  "dims": 768,
  "index_size": 1000050,
  "timestamp": "2026-03-09T04:31:31.958508+00:00",
  "overall": {
    "recall_at_1": 0.8802900266350991,
    "ndcg_at_1": 0.8802900266350991,
    "recall_at_5": 0.9334944592417217,
    "ndcg_at_5": 0.9092111164774163,
    "recall_at_10": 0.9483739436388149,
    "ndcg_at_10": 0.9140348026839775,
    "precision_at_5": 0.18669889184834437,
    "mrr_at_10": 0.9030759220373998
  },
  "per_bucket": {
    "pristine": {
      "recall_at_1": 1.0,
      "ndcg_at_1": 1.0,
      "recall_at_5": 1.0,
      "ndcg_at_5": 1.0,
      "recall_at_10": 1.0,
      "ndcg_at_10": 1.0,
      "precision_at_5": 0.19999999999999996,
      "mrr_at_10": 1.0,
      "n_queries": 10137
    },
    "missing_firstname": {
      "recall_at_1": 0.9151622768077341,
      "ndcg_at_1": 0.9151622768077341,
      "recall_at_5": 0.9192068659366677,
      "ndcg_at_5": 0.9175464517510351,
      "recall_at_10": 0.9193055144520075,
      "ndcg_at_10": 0.9175815910611967,
      "precision_at_5": 0.1838413731873335,
      "mrr_at_10": 0.9169905626253658,
      "n_queries": 10137
    },
    "missing_email_company": {
      "recall_at_1": 0.40238729407122426,
      "ndcg_at_1": 0.40238729407122426,
      "recall_at_5": 0.6925125776857058,
      "ndcg_at_5": 0.5584536291746848,
      "recall_at_10": 0.7811975929762257,
      "ndcg_at_10": 0.5871983034624352,
      "precision_at_5": 0.13850251553714116,
      "mrr_at_10": 0.525601442773683,
      "n_queries": 10137
    },
    "typo_name": {
      "recall_at_1": 0.9935878465029101,
      "ndcg_at_1": 0.9935878465029101,
      "recall_at_5": 0.9939824405642695,
      "ndcg_at_5": 0.9938368076368043,
      "recall_at_10": 0.9939824405642695,
      "ndcg_at_10": 0.9938368076368043,
      "precision_at_5": 0.1987964881128539,
      "mrr_at_10": 0.9937851435335898,
      "n_queries": 10137
    },
    "domain_mismatch": {
      "recall_at_1": 0.9712932820361053,
      "ndcg_at_1": 0.9712932820361053,
      "recall_at_5": 0.9959554108710664,
      "ndcg_at_5": 0.9861203499093526,
      "recall_at_10": 0.9964486534477656,
      "ndcg_at_10": 0.9862826535508072,
      "precision_at_5": 0.19919108217421325,
      "mrr_at_10": 0.982768922899139,
      "n_queries": 10137
    },
    "swapped_attributes": {
      "recall_at_1": 0.9993094603926211,
      "ndcg_at_1": 0.9993094603926211,
      "recall_at_5": 0.9993094603926211,
      "ndcg_at_5": 0.9993094603926211,
      "recall_at_10": 0.9993094603926211,
      "ndcg_at_10": 0.9993094603926211,
      "precision_at_5": 0.1998618920785242,
      "mrr_at_10": 0.9993094603926211,
      "n_queries": 10137
    }
  },
  "latency_ms": {
    "p50": 26.33063883331488,
    "p95": 35.93985138055965,
    "p99": 39.98991361702792,
    "n_queries": 6000
  },
  "per_bucket_latency_ms": {
    "pristine": {
      "p50": 25.831187500443775,
      "p95": 35.732591643318294,
      "p99": 41.1005899005977,
      "n_queries": 1000
    },
    "missing_firstname": {
      "p50": 26.604562503052875,
      "p95": 36.3570228953904,
      "p99": 39.8283085192088,
      "n_queries": 1000
    },
    "missing_email_company": {
      "p50": 23.4359995010891,
      "p95": 30.212004494387656,
      "p99": 32.1517496634624,
      "n_queries": 1000
    },
    "typo_name": {
      "p50": 27.97564600041369,
      "p95": 37.81528540494036,
      "p99": 42.86754291926627,
      "n_queries": 1000
    },
    "domain_mismatch": {
      "p50": 26.1017289958545,
      "p95": 36.28036250229343,
      "p99": 39.306438429193804,
      "n_queries": 1000
    },
    "swapped_attributes": {
      "p50": 28.034708499035332,
      "p95": 39.24184134302777,
      "p99": 44.68485227043856,
      "n_queries": 1000
    }
  },
  "index_size_mb": 3192.33
}