{
  "experiment_id": "gte_modernbert_base_base_768_int8",
  "model": "gte_modernbert_base",
  "serialization": "pipe",
  "mode": "zero_shot",
  "quantization": "int8",
  "dims": 768,
  "index_size": 1000050,
  "timestamp": "2026-03-09T04:21:29.359964+00:00",
  "overall": {
    "recall_at_1": 0.8819177271382066,
    "ndcg_at_1": 0.8819177271382066,
    "recall_at_5": 0.9335273420801684,
    "ndcg_at_5": 0.9099797872475696,
    "recall_at_10": 0.9481930880273585,
    "ndcg_at_10": 0.9147309848556939,
    "precision_at_5": 0.18670546841603367,
    "mrr_at_10": 0.9040569397664693
  },
  "per_bucket": {
    "pristine": {
      "recall_at_1": 1.0,
      "ndcg_at_1": 1.0,
      "recall_at_5": 1.0,
      "ndcg_at_5": 1.0,
      "recall_at_10": 1.0,
      "ndcg_at_10": 1.0,
      "precision_at_5": 0.19999999999999996,
      "mrr_at_10": 1.0,
      "n_queries": 10137
    },
    "missing_firstname": {
      "recall_at_1": 0.9168393015685113,
      "ndcg_at_1": 0.9168393015685113,
      "recall_at_5": 0.9204892966360856,
      "ndcg_at_5": 0.9189555219809352,
      "recall_at_10": 0.9205879451514255,
      "ndcg_at_10": 0.9189906612910967,
      "precision_at_5": 0.18409785932721712,
      "mrr_at_10": 0.9184456282266285,
      "n_queries": 10137
    },
    "missing_email_company": {
      "recall_at_1": 0.4096872842063727,
      "ndcg_at_1": 0.4096872842063727,
      "recall_at_5": 0.6943868994771629,
      "ndcg_at_5": 0.5630242938171649,
      "recall_at_10": 0.7819867810989445,
      "ndcg_at_10": 0.5914015648878981,
      "precision_at_5": 0.13887737989543256,
      "mrr_at_10": 0.5308861455206528,
      "n_queries": 10137
    },
    "typo_name": {
      "recall_at_1": 0.9922067672881523,
      "ndcg_at_1": 0.9922067672881523,
      "recall_at_5": 0.9923054158034922,
      "ndcg_at_5": 0.992269007571626,
      "recall_at_10": 0.992404064318832,
      "ndcg_at_10": 0.9922975233875792,
      "precision_at_5": 0.1984610831606984,
      "mrr_at_10": 0.9922659563973563,
      "n_queries": 10137
    },
    "domain_mismatch": {
      "recall_at_1": 0.9734635493735819,
      "ndcg_at_1": 0.9734635493735819,
      "recall_at_5": 0.9946729801716484,
      "ndcg_at_5": 0.9863204397230695,
      "recall_at_10": 0.9948702772023281,
      "ndcg_at_10": 0.9863866991749681,
      "precision_at_5": 0.19893459603432967,
      "mrr_at_10": 0.9834344480615568,
      "n_queries": 10137
    },
    "swapped_attributes": {
      "recall_at_1": 0.9993094603926211,
      "ndcg_at_1": 0.9993094603926211,
      "recall_at_5": 0.9993094603926211,
      "ndcg_at_5": 0.9993094603926211,
      "recall_at_10": 0.9993094603926211,
      "ndcg_at_10": 0.9993094603926211,
      "precision_at_5": 0.19986189207852417,
      "mrr_at_10": 0.9993094603926211,
      "n_queries": 10137
    }
  },
  "latency_ms": {
    "p50": 26.233583499561064,
    "p95": 36.03819648257437,
    "p99": 39.726385518952156,
    "n_queries": 6000
  },
  "per_bucket_latency_ms": {
    "pristine": {
      "p50": 26.376916997833177,
      "p95": 36.94925355230225,
      "p99": 43.363407738215756,
      "n_queries": 1000
    },
    "missing_firstname": {
      "p50": 26.69581300142454,
      "p95": 36.834464905405184,
      "p99": 41.21738500078208,
      "n_queries": 1000
    },
    "missing_email_company": {
      "p50": 23.056416503095534,
      "p95": 30.950823239254532,
      "p99": 32.49283165932866,
      "n_queries": 1000
    },
    "typo_name": {
      "p50": 26.880708493990824,
      "p95": 37.72108479461167,
      "p99": 42.711395853111746,
      "n_queries": 1000
    },
    "domain_mismatch": {
      "p50": 26.756208499136847,
      "p95": 36.08871040196391,
      "p99": 37.21829575981246,
      "n_queries": 1000
    },
    "swapped_attributes": {
      "p50": 27.635437501885463,
      "p95": 37.68484200190869,
      "p99": 41.35499710246222,
      "n_queries": 1000
    }
  },
  "index_size_mb": 3283.89
}