{
  "experiment_id": "minilm_l6_ft_256_fp32",
  "model": "minilm_l6",
  "serialization": "pipe",
  "mode": "fine_tuned",
  "quantization": "fp32",
  "dims": 384,
  "index_size": 1000050,
  "timestamp": "2026-03-09T01:34:36.663434+00:00",
  "overall": {
    "recall_at_1": 0.8760810233139324,
    "ndcg_at_1": 0.8760810233139324,
    "recall_at_5": 0.912597415408898,
    "ndcg_at_5": 0.8956422702784269,
    "recall_at_10": 0.9247805070533689,
    "ndcg_at_10": 0.8995970653226828,
    "precision_at_5": 0.18251948308177962,
    "mrr_at_10": 0.8916300714601493
  },
  "per_bucket": {
    "pristine": {
      "recall_at_1": 1.0,
      "ndcg_at_1": 1.0,
      "recall_at_5": 1.0,
      "ndcg_at_5": 1.0,
      "recall_at_10": 1.0,
      "ndcg_at_10": 1.0,
      "precision_at_5": 0.19999999999999996,
      "mrr_at_10": 1.0,
      "n_queries": 10137
    },
    "missing_firstname": {
      "recall_at_1": 0.9741540889809608,
      "ndcg_at_1": 0.9741540889809608,
      "recall_at_5": 0.9757324652263983,
      "ndcg_at_5": 0.9750888618339645,
      "recall_at_10": 0.9757324652263983,
      "ndcg_at_10": 0.9750888618339645,
      "precision_at_5": 0.19514649304527965,
      "mrr_at_10": 0.9748676465752524,
      "n_queries": 10137
    },
    "missing_email_company": {
      "recall_at_1": 0.30817796192167307,
      "ndcg_at_1": 0.30817796192167307,
      "recall_at_5": 0.5241195620005918,
      "ndcg_at_5": 0.42364065837166665,
      "recall_at_10": 0.5971194633520766,
      "ndcg_at_10": 0.4473365457987555,
      "precision_at_5": 0.10482391240011837,
      "mrr_at_10": 0.39998829527536245,
      "n_queries": 10137
    },
    "typo_name": {
      "recall_at_1": 0.9745486830423202,
      "ndcg_at_1": 0.9745486830423202,
      "recall_at_5": 0.9758311137417381,
      "ndcg_at_5": 0.9753319746758692,
      "recall_at_10": 0.9759297622570781,
      "ndcg_at_10": 0.9753648575143159,
      "precision_at_5": 0.1951662227483476,
      "mrr_at_10": 0.9751711081986311,
      "n_queries": 10137
    },
    "domain_mismatch": {
      "recall_at_1": 0.9997040544539805,
      "ndcg_at_1": 0.9997040544539805,
      "recall_at_5": 0.9999013514846602,
      "ndcg_at_5": 0.9998285350209276,
      "recall_at_10": 0.9999013514846602,
      "ndcg_at_10": 0.9998285350209276,
      "precision_at_5": 0.19998027029693202,
      "mrr_at_10": 0.9998027029693203,
      "n_queries": 10137
    },
    "swapped_attributes": {
      "recall_at_1": 0.9999013514846602,
      "ndcg_at_1": 0.9999013514846602,
      "recall_at_5": 1.0,
      "ndcg_at_5": 0.9999635917681338,
      "recall_at_10": 1.0,
      "ndcg_at_10": 0.9999635917681338,
      "precision_at_5": 0.19999999999999996,
      "mrr_at_10": 0.9999506757423301,
      "n_queries": 10137
    }
  },
  "latency_ms": {
    "p50": 8.522433918794073,
    "p95": 12.645966576383216,
    "p99": 15.012387777023832,
    "n_queries": 6000
  },
  "per_bucket_latency_ms": {
    "pristine": {
      "p50": 11.875374504597858,
      "p95": 18.911229149671268,
      "p99": 27.855613987339893,
      "n_queries": 1000
    },
    "missing_firstname": {
      "p50": 13.016625001910143,
      "p95": 17.55488400158356,
      "p99": 20.519764572236454,
      "n_queries": 1000
    },
    "missing_email_company": {
      "p50": 6.338833496556617,
      "p95": 8.645600308955181,
      "p99": 9.473503419576446,
      "n_queries": 1000
    },
    "typo_name": {
      "p50": 6.639187500695698,
      "p95": 10.237041347863851,
      "p99": 10.795227832277305,
      "n_queries": 1000
    },
    "domain_mismatch": {
      "p50": 6.608937001146842,
      "p95": 10.29823779099388,
      "p99": 10.700088338926435,
      "n_queries": 1000
    },
    "swapped_attributes": {
      "p50": 6.655646007857285,
      "p95": 10.228806859231554,
      "p99": 10.73012851178646,
      "n_queries": 1000
    }
  },
  "index_size_mb": 1161.34
}