{
  "experiment_id": "minilm_l6_base_64_int8",
  "model": "minilm_l6",
  "serialization": "pipe",
  "mode": "zero_shot",
  "quantization": "int8",
  "dims": 384,
  "index_size": 1000050,
  "timestamp": "2026-03-09T01:09:45.939011+00:00",
  "overall": {
    "recall_at_1": 0.8118937226661406,
    "ndcg_at_1": 0.8118937226661406,
    "recall_at_5": 0.8472263325770281,
    "ndcg_at_5": 0.8307487086565454,
    "recall_at_10": 0.8602643780211108,
    "ndcg_at_10": 0.8349765808254291,
    "precision_at_5": 0.16944526651540562,
    "mrr_at_10": 0.8270134605638207
  },
  "per_bucket": {
    "pristine": {
      "recall_at_1": 1.0,
      "ndcg_at_1": 1.0,
      "recall_at_5": 1.0,
      "ndcg_at_5": 1.0,
      "recall_at_10": 1.0,
      "ndcg_at_10": 1.0,
      "precision_at_5": 0.19999999999999996,
      "mrr_at_10": 1.0,
      "n_queries": 10137
    },
    "missing_firstname": {
      "recall_at_1": 0.8637664003156752,
      "ndcg_at_1": 0.8637664003156752,
      "recall_at_5": 0.8740258459110191,
      "ndcg_at_5": 0.8694540862353218,
      "recall_at_10": 0.8755055736411167,
      "ndcg_at_10": 0.8699243863439416,
      "precision_at_5": 0.17480516918220382,
      "mrr_at_10": 0.868102237442279,
      "n_queries": 10137
    },
    "missing_email_company": {
      "recall_at_1": 0.16770247607773503,
      "ndcg_at_1": 0.16770247607773503,
      "recall_at_5": 0.33086712044983724,
      "ndcg_at_5": 0.2536138143454089,
      "recall_at_10": 0.40110486337180623,
      "ndcg_at_10": 0.27641448985308603,
      "precision_at_5": 0.06617342408996746,
      "mrr_at_10": 0.23744494081872008,
      "n_queries": 10137
    },
    "typo_name": {
      "recall_at_1": 0.8514353358981948,
      "ndcg_at_1": 0.8514353358981948,
      "recall_at_5": 0.8871460984512183,
      "ndcg_at_5": 0.8712610791925545,
      "recall_at_10": 0.8933609549176285,
      "ndcg_at_10": 0.873259618278807,
      "precision_at_5": 0.17742921969024364,
      "mrr_at_10": 0.8667285177199353,
      "n_queries": 10137
    },
    "domain_mismatch": {
      "recall_at_1": 0.9905297425273749,
      "ndcg_at_1": 0.9905297425273749,
      "recall_at_5": 0.9933905494722305,
      "ndcg_at_5": 0.9922348909881237,
      "recall_at_10": 0.99368649501825,
      "ndcg_at_10": 0.9923326092988771,
      "precision_at_5": 0.19867810989444604,
      "mrr_at_10": 0.9918766862241264,
      "n_queries": 10137
    },
    "swapped_attributes": {
      "recall_at_1": 0.9979283811778633,
      "ndcg_at_1": 0.9979283811778633,
      "recall_at_5": 0.9979283811778633,
      "ndcg_at_5": 0.9979283811778633,
      "recall_at_10": 0.9979283811778633,
      "ndcg_at_10": 0.9979283811778633,
      "precision_at_5": 0.19958567623557263,
      "mrr_at_10": 0.9979283811778633,
      "n_queries": 10137
    }
  },
  "latency_ms": {
    "p50": 13.42373250251209,
    "p95": 17.163956096677186,
    "p99": 19.902640026654502,
    "n_queries": 6000
  },
  "per_bucket_latency_ms": {
    "pristine": {
      "p50": 14.282728494436014,
      "p95": 17.059422955207992,
      "p99": 20.06565083938767,
      "n_queries": 1000
    },
    "missing_firstname": {
      "p50": 12.271687002794351,
      "p95": 17.571230595058296,
      "p99": 19.610715413873546,
      "n_queries": 1000
    },
    "missing_email_company": {
      "p50": 12.137666504713707,
      "p95": 16.328512490872523,
      "p99": 21.878526741056696,
      "n_queries": 1000
    },
    "typo_name": {
      "p50": 14.197417003742885,
      "p95": 17.561160747573012,
      "p99": 19.431820074241838,
      "n_queries": 1000
    },
    "domain_mismatch": {
      "p50": 13.132917003531475,
      "p95": 17.186341643537162,
      "p99": 18.843289084616117,
      "n_queries": 1000
    },
    "swapped_attributes": {
      "p50": 14.519979005854111,
      "p95": 17.277068147814134,
      "p99": 19.585838006751146,
      "n_queries": 1000
    }
  },
  "index_size_mb": 428.51
}