{
  "experiment_id": "minilm_l6_ft_128_fp32",
  "model": "minilm_l6",
  "serialization": "pipe",
  "mode": "fine_tuned",
  "quantization": "fp32",
  "dims": 384,
  "index_size": 1000050,
  "timestamp": "2026-03-09T01:45:03.385369+00:00",
  "overall": {
    "recall_at_1": 0.8661832889415014,
    "ndcg_at_1": 0.8661832889415014,
    "recall_at_5": 0.9020255828483115,
    "ndcg_at_5": 0.8852028778407669,
    "recall_at_10": 0.9160172306073461,
    "ndcg_at_10": 0.8897383254716672,
    "precision_at_5": 0.18040511656966232,
    "mrr_at_10": 0.8814892520093762
  },
  "per_bucket": {
    "pristine": {
      "recall_at_1": 1.0,
      "ndcg_at_1": 1.0,
      "recall_at_5": 1.0,
      "ndcg_at_5": 1.0,
      "recall_at_10": 1.0,
      "ndcg_at_10": 1.0,
      "precision_at_5": 0.19999999999999996,
      "mrr_at_10": 1.0,
      "n_queries": 10137
    },
    "missing_firstname": {
      "recall_at_1": 0.9691230146986288,
      "ndcg_at_1": 0.9691230146986288,
      "recall_at_5": 0.9725757127355233,
      "ndcg_at_5": 0.9711449097436696,
      "recall_at_10": 0.9732662523429022,
      "ndcg_at_10": 0.9713670994844195,
      "precision_at_5": 0.19451514254710464,
      "mrr_at_10": 0.9707431599781406,
      "n_queries": 10137
    },
    "missing_email_company": {
      "recall_at_1": 0.2583604616750518,
      "ndcg_at_1": 0.2583604616750518,
      "recall_at_5": 0.4647331557660057,
      "ndcg_at_5": 0.36737238263587696,
      "recall_at_10": 0.5475979086514748,
      "ndcg_at_10": 0.3942436067651497,
      "precision_at_5": 0.09294663115320115,
      "mrr_at_10": 0.3461888007315649,
      "n_queries": 10137
    },
    "typo_name": {
      "recall_at_1": 0.9705040939133867,
      "ndcg_at_1": 0.9705040939133867,
      "recall_at_5": 0.9749432771036796,
      "ndcg_at_5": 0.9731028050611277,
      "recall_at_10": 0.975337871165039,
      "ndcg_at_10": 0.9732220769765079,
      "precision_at_5": 0.1949886554207359,
      "mrr_at_10": 0.9725132353424746,
      "n_queries": 10137
    },
    "domain_mismatch": {
      "recall_at_1": 0.9992108118772812,
      "ndcg_at_1": 0.9992108118772812,
      "recall_at_5": 0.9999013514846602,
      "ndcg_at_5": 0.9996335778357923,
      "recall_at_10": 0.9999013514846602,
      "ndcg_at_10": 0.9996335778357923,
      "precision_at_5": 0.19998027029693202,
      "mrr_at_10": 0.9995396402617472,
      "n_queries": 10137
    },
    "swapped_attributes": {
      "recall_at_1": 0.9999013514846602,
      "ndcg_at_1": 0.9999013514846602,
      "recall_at_5": 1.0,
      "ndcg_at_5": 0.9999635917681338,
      "recall_at_10": 1.0,
      "ndcg_at_10": 0.9999635917681338,
      "precision_at_5": 0.19999999999999996,
      "mrr_at_10": 0.9999506757423301,
      "n_queries": 10137
    }
  },
  "latency_ms": {
    "p50": 6.508364583472333,
    "p95": 10.081791500730711,
    "p99": 10.71663508269315,
    "n_queries": 6000
  },
  "per_bucket_latency_ms": {
    "pristine": {
      "p50": 5.979146000754554,
      "p95": 9.826188952138182,
      "p99": 10.349010828067549,
      "n_queries": 1000
    },
    "missing_firstname": {
      "p50": 6.5613960032351315,
      "p95": 10.3304170021147,
      "p99": 10.801350508700123,
      "n_queries": 1000
    },
    "missing_email_company": {
      "p50": 6.4406245001009665,
      "p95": 8.909453843079971,
      "p99": 10.231787008960964,
      "n_queries": 1000
    },
    "typo_name": {
      "p50": 6.5793124958872795,
      "p95": 10.442835700087016,
      "p99": 11.019165487523424,
      "n_queries": 1000
    },
    "domain_mismatch": {
      "p50": 6.779875002393965,
      "p95": 10.543854154821018,
      "p99": 11.04972407410969,
      "n_queries": 1000
    },
    "swapped_attributes": {
      "p50": 6.709833498462103,
      "p95": 10.437999352143379,
      "p99": 10.848772588797146,
      "n_queries": 1000
    }
  },
  "index_size_mb": 665.16
}