{
  "experiment_id": "minilm_l6_base_384_fp32",
  "model": "minilm_l6",
  "serialization": "pipe",
  "mode": "zero_shot",
  "quantization": "fp32",
  "dims": 384,
  "index_size": 1000050,
  "timestamp": "2026-03-09T00:22:09.583891+00:00",
  "overall": {
    "recall_at_1": 0.8232876261878925,
    "ndcg_at_1": 0.8232876261878925,
    "recall_at_5": 0.8614974844628588,
    "ndcg_at_5": 0.8436053820509859,
    "recall_at_10": 0.8756042221564565,
    "ndcg_at_10": 0.8481843988289961,
    "precision_at_5": 0.1722994968925718,
    "mrr_at_10": 0.8395528742993476
  },
  "per_bucket": {
    "pristine": {
      "recall_at_1": 1.0,
      "ndcg_at_1": 1.0,
      "recall_at_5": 1.0,
      "ndcg_at_5": 1.0,
      "recall_at_10": 1.0,
      "ndcg_at_10": 1.0,
      "precision_at_5": 0.19999999999999996,
      "mrr_at_10": 1.0,
      "n_queries": 10137
    },
    "missing_firstname": {
      "recall_at_1": 0.8448258853704251,
      "ndcg_at_1": 0.8448258853704251,
      "recall_at_5": 0.8608069448554799,
      "ndcg_at_5": 0.85384414162448,
      "recall_at_10": 0.8632731577389761,
      "ndcg_at_10": 0.8546383689530276,
      "precision_at_5": 0.17216138897109598,
      "mrr_at_10": 0.8518090258693987,
      "n_queries": 10137
    },
    "missing_email_company": {
      "recall_at_1": 0.20469566933017658,
      "ndcg_at_1": 0.20469566933017658,
      "recall_at_5": 0.3951859524514156,
      "ndcg_at_5": 0.30461885219787205,
      "recall_at_10": 0.4740061162079511,
      "ndcg_at_10": 0.33021770486348584,
      "precision_at_5": 0.07903719049028313,
      "mrr_at_10": 0.28524049881700075,
      "n_queries": 10137
    },
    "typo_name": {
      "recall_at_1": 0.9000690539607379,
      "ndcg_at_1": 0.9000690539607379,
      "recall_at_5": 0.9201933510900661,
      "ndcg_at_5": 0.9115317395620124,
      "recall_at_10": 0.9232514550656012,
      "ndcg_at_10": 0.912516804621869,
      "precision_at_5": 0.1840386702180132,
      "mrr_at_10": 0.90898468755823,
      "n_queries": 10137
    },
    "domain_mismatch": {
      "recall_at_1": 0.9926013613495117,
      "ndcg_at_1": 0.9926013613495117,
      "recall_at_5": 0.9951662227483477,
      "ndcg_at_5": 0.994041531521573,
      "recall_at_10": 0.9954621682943672,
      "ndcg_at_10": 0.9941374871356164,
      "precision_at_5": 0.19903324454966953,
      "mrr_at_10": 0.9936999221772823,
      "n_queries": 10137
    },
    "swapped_attributes": {
      "recall_at_1": 0.9975337871165039,
      "ndcg_at_1": 0.9975337871165039,
      "recall_at_5": 0.9976324356318438,
      "ndcg_at_5": 0.9975960273999774,
      "recall_at_10": 0.9976324356318438,
      "ndcg_at_10": 0.9975960273999774,
      "precision_at_5": 0.19952648712636875,
      "mrr_at_10": 0.9975831113741738,
      "n_queries": 10137
    }
  },
  "latency_ms": {
    "p50": 9.95150683350706,
    "p95": 13.407043351738443,
    "p99": 19.886773030132932,
    "n_queries": 6000
  },
  "per_bucket_latency_ms": {
    "pristine": {
      "p50": 9.758291496837046,
      "p95": 12.625388945889426,
      "p99": 15.098680602823137,
      "n_queries": 1000
    },
    "missing_firstname": {
      "p50": 10.331542005587835,
      "p95": 15.48669405674445,
      "p99": 28.138804250193008,
      "n_queries": 1000
    },
    "missing_email_company": {
      "p50": 8.966937006334774,
      "p95": 12.322747601137962,
      "p99": 15.610356341057914,
      "n_queries": 1000
    },
    "typo_name": {
      "p50": 9.789249997993466,
      "p95": 12.864016355888452,
      "p99": 14.425368831725791,
      "n_queries": 1000
    },
    "domain_mismatch": {
      "p50": 10.21414600108983,
      "p95": 12.923248248989694,
      "p99": 19.967094491585154,
      "n_queries": 1000
    },
    "swapped_attributes": {
      "p50": 10.6488744931994,
      "p95": 14.220164901780661,
      "p99": 26.0803336634126,
      "n_queries": 1000
    }
  },
  "index_size_mb": 1657.52
}