{
  "experiment_id": "minilm_l6_base_128_binary",
  "model": "minilm_l6",
  "serialization": "pipe",
  "mode": "zero_shot",
  "quantization": "binary",
  "dims": 384,
  "index_size": 1000050,
  "timestamp": "2026-03-09T01:01:08.182512+00:00",
  "overall": {
    "recall_at_1": 0.8174344809443951,
    "ndcg_at_1": 0.8174344809443951,
    "recall_at_5": 0.8526355595014962,
    "ndcg_at_5": 0.8362875409068464,
    "recall_at_10": 0.8661504061030548,
    "ndcg_at_10": 0.8406472274941534,
    "precision_at_5": 0.17052711190029926,
    "mrr_at_10": 0.8326346252113245
  },
  "per_bucket": {
    "pristine": {
      "recall_at_1": 1.0,
      "ndcg_at_1": 1.0,
      "recall_at_5": 1.0,
      "ndcg_at_5": 1.0,
      "recall_at_10": 1.0,
      "ndcg_at_10": 1.0,
      "precision_at_5": 0.19999999999999996,
      "mrr_at_10": 1.0,
      "n_queries": 10137
    },
    "missing_firstname": {
      "recall_at_1": 0.844332642793726,
      "ndcg_at_1": 0.844332642793726,
      "recall_at_5": 0.8540988458123705,
      "ndcg_at_5": 0.8499432451634943,
      "recall_at_10": 0.8553812765117885,
      "ndcg_at_10": 0.8503679887949638,
      "precision_at_5": 0.1708197691624741,
      "mrr_at_10": 0.8487064517694882,
      "n_queries": 10137
    },
    "missing_email_company": {
      "recall_at_1": 0.18871460984512184,
      "ndcg_at_1": 0.18871460984512184,
      "recall_at_5": 0.36381572457334516,
      "ndcg_at_5": 0.2812459523950709,
      "recall_at_10": 0.4401696754463845,
      "ndcg_at_10": 0.305877994329278,
      "precision_at_5": 0.07276314491466904,
      "mrr_at_10": 0.26398190034620933,
      "n_queries": 10137
    },
    "typo_name": {
      "recall_at_1": 0.8815231330768472,
      "ndcg_at_1": 0.8815231330768472,
      "recall_at_5": 0.9055933708197692,
      "ndcg_at_5": 0.8951918655822478,
      "recall_at_10": 0.9090460688566637,
      "ndcg_at_10": 0.8962931995404136,
      "precision_at_5": 0.18111867416395383,
      "mrr_at_10": 0.8921046347577863,
      "n_queries": 10137
    },
    "domain_mismatch": {
      "recall_at_1": 0.992404064318832,
      "ndcg_at_1": 0.992404064318832,
      "recall_at_5": 0.9946729801716484,
      "ndcg_at_5": 0.9937117466684219,
      "recall_at_10": 0.9946729801716484,
      "ndcg_at_10": 0.9937117466684219,
      "precision_at_5": 0.19893459603432964,
      "mrr_at_10": 0.9933823287626188,
      "n_queries": 10137
    },
    "swapped_attributes": {
      "recall_at_1": 0.9976324356318438,
      "ndcg_at_1": 0.9976324356318438,
      "recall_at_5": 0.9976324356318438,
      "ndcg_at_5": 0.9976324356318438,
      "recall_at_10": 0.9976324356318438,
      "ndcg_at_10": 0.9976324356318438,
      "precision_at_5": 0.19952648712636875,
      "mrr_at_10": 0.9976324356318438,
      "n_queries": 10137
    }
  },
  "latency_ms": {
    "p50": 13.928489501267904,
    "p95": 17.697524649338444,
    "p99": 25.73049273914268,
    "n_queries": 6000
  },
  "per_bucket_latency_ms": {
    "pristine": {
      "p50": 13.407583006483037,
      "p95": 17.78117739886511,
      "p99": 25.852683261618925,
      "n_queries": 1000
    },
    "missing_firstname": {
      "p50": 14.781874997424893,
      "p95": 19.883820496033863,
      "p99": 32.57012425689025,
      "n_queries": 1000
    },
    "missing_email_company": {
      "p50": 12.044770504871849,
      "p95": 15.518247950967634,
      "p99": 21.299697498907317,
      "n_queries": 1000
    },
    "typo_name": {
      "p50": 14.234562499041203,
      "p95": 16.671099348604912,
      "p99": 19.058582916768483,
      "n_queries": 1000
    },
    "domain_mismatch": {
      "p50": 14.266083497204818,
      "p95": 17.341270800534403,
      "p99": 19.031968925264664,
      "n_queries": 1000
    },
    "swapped_attributes": {
      "p50": 14.836062502581626,
      "p95": 18.989531901024744,
      "p99": 36.569899575406446,
      "n_queries": 1000
    }
  },
  "index_size_mb": 672.79
}