{
  "experiment_id": "minilm_l6_ft_64_int8",
  "model": "minilm_l6",
  "serialization": "pipe",
  "mode": "fine_tuned",
  "quantization": "int8",
  "dims": 384,
  "index_size": 1000050,
  "timestamp": "2026-03-09T01:57:45.704007+00:00",
  "overall": {
    "recall_at_1": 0.8815560159152938,
    "ndcg_at_1": 0.8815560159152938,
    "recall_at_5": 0.9173489855644339,
    "ndcg_at_5": 0.9007913833250532,
    "recall_at_10": 0.9293841044358949,
    "ndcg_at_10": 0.904689502548107,
    "precision_at_5": 0.18346979711288677,
    "mrr_at_10": 0.8968780746106384
  },
  "per_bucket": {
    "pristine": {
      "recall_at_1": 1.0,
      "ndcg_at_1": 1.0,
      "recall_at_5": 1.0,
      "ndcg_at_5": 1.0,
      "recall_at_10": 1.0,
      "ndcg_at_10": 1.0,
      "precision_at_5": 0.19999999999999996,
      "mrr_at_10": 1.0,
      "n_queries": 10137
    },
    "missing_firstname": {
      "recall_at_1": 0.9775081385025155,
      "ndcg_at_1": 0.9775081385025155,
      "recall_at_5": 0.977804084048535,
      "ndcg_at_5": 0.9776948593529361,
      "recall_at_10": 0.977804084048535,
      "ndcg_at_10": 0.9776948593529361,
      "precision_at_5": 0.19556081680970697,
      "mrr_at_10": 0.9776561112755253,
      "n_queries": 10137
    },
    "missing_email_company": {
      "recall_at_1": 0.3341225214560521,
      "ndcg_at_1": 0.3341225214560521,
      "recall_at_5": 0.5482884482588537,
      "ndcg_at_5": 0.44916128421376744,
      "recall_at_10": 0.6204991614876196,
      "ndcg_at_10": 0.4725499995520897,
      "precision_at_5": 0.10965768965177074,
      "mrr_at_10": 0.42575892808210064,
      "n_queries": 10137
    },
    "typo_name": {
      "recall_at_1": 0.9779027325638749,
      "ndcg_at_1": 0.9779027325638749,
      "recall_at_5": 0.9781000295945546,
      "ndcg_at_5": 0.9780272131308221,
      "recall_at_10": 0.9781000295945546,
      "ndcg_at_10": 0.9780272131308221,
      "precision_at_5": 0.1956200059189109,
      "mrr_at_10": 0.9780013810792147,
      "n_queries": 10137
    },
    "domain_mismatch": {
      "recall_at_1": 0.9998027029693203,
      "ndcg_at_1": 0.9998027029693203,
      "recall_at_5": 0.9999013514846602,
      "ndcg_at_5": 0.9998649432527938,
      "recall_at_10": 0.9999013514846602,
      "ndcg_at_10": 0.9998649432527938,
      "precision_at_5": 0.19998027029693202,
      "mrr_at_10": 0.9998520272269902,
      "n_queries": 10137
    },
    "swapped_attributes": {
      "recall_at_1": 1.0,
      "ndcg_at_1": 1.0,
      "recall_at_5": 1.0,
      "ndcg_at_5": 1.0,
      "recall_at_10": 1.0,
      "ndcg_at_10": 1.0,
      "precision_at_5": 0.19999999999999996,
      "mrr_at_10": 1.0,
      "n_queries": 10137
    }
  },
  "latency_ms": {
    "p50": 6.577999915559,
    "p95": 10.084438633081541,
    "p99": 10.81397630359182,
    "n_queries": 6000
  },
  "per_bucket_latency_ms": {
    "pristine": {
      "p50": 6.209666506038047,
      "p95": 9.880068400525488,
      "p99": 11.39310658283648,
      "n_queries": 1000
    },
    "missing_firstname": {
      "p50": 6.361375002597924,
      "p95": 10.247802101366688,
      "p99": 10.766917916625971,
      "n_queries": 1000
    },
    "missing_email_company": {
      "p50": 6.525750002765562,
      "p95": 8.888911900430683,
      "p99": 9.871137080044718,
      "n_queries": 1000
    },
    "typo_name": {
      "p50": 6.788832994061522,
      "p95": 10.46896044863388,
      "p99": 11.000430666754255,
      "n_queries": 1000
    },
    "domain_mismatch": {
      "p50": 6.844708492280915,
      "p95": 10.537437497987412,
      "p99": 10.98604849743424,
      "n_queries": 1000
    },
    "swapped_attributes": {
      "p50": 6.7376664956100285,
      "p95": 10.4834514495451,
      "p99": 10.866217077855254,
      "n_queries": 1000
    }
  },
  "index_size_mb": 428.51
}