{
  "experiment_id": "minilm_l6_base_256_fp32",
  "model": "minilm_l6",
  "serialization": "pipe",
  "mode": "zero_shot",
  "quantization": "fp32",
  "dims": 384,
  "index_size": 1000050,
  "timestamp": "2026-03-09T00:41:03.636023+00:00",
  "overall": {
    "recall_at_1": 0.81432705271119,
    "ndcg_at_1": 0.81432705271119,
    "recall_at_5": 0.852471145309263,
    "ndcg_at_5": 0.83449856959693,
    "recall_at_10": 0.8667258557758706,
    "ndcg_at_10": 0.8391026574986948,
    "precision_at_5": 0.1704942290618526,
    "mrr_at_10": 0.8304262294397442
  },
  "per_bucket": {
    "pristine": {
      "recall_at_1": 0.9999013514846602,
      "ndcg_at_1": 0.9999013514846602,
      "recall_at_5": 1.0,
      "ndcg_at_5": 0.9999635917681338,
      "recall_at_10": 1.0,
      "ndcg_at_10": 0.9999635917681338,
      "precision_at_5": 0.19999999999999996,
      "mrr_at_10": 0.9999506757423301,
      "n_queries": 10137
    },
    "missing_firstname": {
      "recall_at_1": 0.8308177961921673,
      "ndcg_at_1": 0.8308177961921673,
      "recall_at_5": 0.8484758804379994,
      "ndcg_at_5": 0.8408482654588381,
      "recall_at_10": 0.8514353358981948,
      "ndcg_at_10": 0.8418047169902779,
      "precision_at_5": 0.16969517608759987,
      "mrr_at_10": 0.8386484918521023,
      "n_queries": 10137
    },
    "missing_email_company": {
      "recall_at_1": 0.1832889415014304,
      "ndcg_at_1": 0.1832889415014304,
      "recall_at_5": 0.3644076156653842,
      "ndcg_at_5": 0.2774115344782582,
      "recall_at_10": 0.441748051691822,
      "ndcg_at_10": 0.3023625503351192,
      "precision_at_5": 0.07288152313307686,
      "mrr_at_10": 0.25892827783179956,
      "n_queries": 10137
    },
    "typo_name": {
      "recall_at_1": 0.8820163756535464,
      "ndcg_at_1": 0.8820163756535464,
      "recall_at_5": 0.9085528262799645,
      "ndcg_at_5": 0.896778177614477,
      "recall_at_10": 0.913287955016277,
      "ndcg_at_10": 0.8983338641998966,
      "precision_at_5": 0.18171056525599288,
      "mrr_at_10": 0.8934557671018163,
      "n_queries": 10137
    },
    "domain_mismatch": {
      "recall_at_1": 0.9926013613495117,
      "ndcg_at_1": 0.9926013613495117,
      "recall_at_5": 0.995560816809707,
      "ndcg_at_5": 0.9943421567586819,
      "recall_at_10": 0.9960540593864062,
      "ndcg_at_10": 0.9945035301955499,
      "precision_at_5": 0.19911216336194137,
      "mrr_at_10": 0.9939910527362434,
      "n_queries": 10137
    },
    "swapped_attributes": {
      "recall_at_1": 0.9973364900858243,
      "ndcg_at_1": 0.9973364900858243,
      "recall_at_5": 0.9978297326625234,
      "ndcg_at_5": 0.997647691503192,
      "recall_at_10": 0.9978297326625234,
      "ndcg_at_10": 0.997647691503192,
      "precision_at_5": 0.19956594653250467,
      "mrr_at_10": 0.9975831113741738,
      "n_queries": 10137
    }
  },
  "latency_ms": {
    "p50": 7.534378330698625,
    "p95": 10.840316168832942,
    "p99": 14.721781248881596,
    "n_queries": 6000
  },
  "per_bucket_latency_ms": {
    "pristine": {
      "p50": 7.943750002596062,
      "p95": 11.392142304976002,
      "p99": 19.030598657263905,
      "n_queries": 1000
    },
    "missing_firstname": {
      "p50": 7.196332997409627,
      "p95": 10.300983350316528,
      "p99": 13.887678581231738,
      "n_queries": 1000
    },
    "missing_email_company": {
      "p50": 7.127666991436854,
      "p95": 10.656095844024094,
      "p99": 14.036151662585324,
      "n_queries": 1000
    },
    "typo_name": {
      "p50": 8.0792289954843,
      "p95": 11.672701808129203,
      "p99": 15.666060171206476,
      "n_queries": 1000
    },
    "domain_mismatch": {
      "p50": 7.3891659994842485,
      "p95": 10.425193104310893,
      "p99": 12.246996663161553,
      "n_queries": 1000
    },
    "swapped_attributes": {
      "p50": 7.470124997780658,
      "p95": 10.594780601240927,
      "p99": 13.463201757840578,
      "n_queries": 1000
    }
  },
  "index_size_mb": 1161.34
}