{
  "experiment_id": "minilm_l6_ft_64_fp32",
  "model": "minilm_l6",
  "serialization": "pipe",
  "mode": "fine_tuned",
  "quantization": "fp32",
  "dims": 384,
  "index_size": 1000050,
  "timestamp": "2026-03-09T01:54:34.824655+00:00",
  "overall": {
    "recall_at_1": 0.8378382822005196,
    "ndcg_at_1": 0.8378382822005196,
    "recall_at_5": 0.8766400315675249,
    "ndcg_at_5": 0.8587058680579049,
    "recall_at_10": 0.8903028509420933,
    "ndcg_at_10": 0.8631202738274912,
    "precision_at_5": 0.175328006313505,
    "mrr_at_10": 0.8545390843851927
  },
  "per_bucket": {
    "pristine": {
      "recall_at_1": 0.9988162178159219,
      "ndcg_at_1": 0.9988162178159219,
      "recall_at_5": 1.0,
      "ndcg_at_5": 0.9995631012176046,
      "recall_at_10": 1.0,
      "ndcg_at_10": 0.9995631012176046,
      "precision_at_5": 0.19999999999999996,
      "mrr_at_10": 0.999408108907961,
      "n_queries": 10137
    },
    "missing_firstname": {
      "recall_at_1": 0.9465325046858045,
      "ndcg_at_1": 0.9465325046858045,
      "recall_at_5": 0.9713919305514452,
      "ndcg_at_5": 0.9608615734684408,
      "recall_at_10": 0.9736608464042616,
      "ndcg_at_10": 0.9616142661170086,
      "precision_at_5": 0.194278386110289,
      "mrr_at_10": 0.9575855619285629,
      "n_queries": 10137
    },
    "missing_email_company": {
      "recall_at_1": 0.14471737200355134,
      "ndcg_at_1": 0.14471737200355134,
      "recall_at_5": 0.3171549768175989,
      "ndcg_at_5": 0.23527025421852277,
      "recall_at_10": 0.39321298214461875,
      "ndcg_at_10": 0.25982585519849316,
      "precision_at_5": 0.06343099536351977,
      "mrr_at_10": 0.21823858378312364,
      "n_queries": 10137
    },
    "typo_name": {
      "recall_at_1": 0.9452500739863865,
      "ndcg_at_1": 0.9452500739863865,
      "recall_at_5": 0.9715892275821248,
      "ndcg_at_5": 0.9599744773528158,
      "recall_at_10": 0.9751405741343593,
      "ndcg_at_10": 0.9611241025258421,
      "precision_at_5": 0.19431784551642495,
      "mrr_at_10": 0.956521997835996,
      "n_queries": 10137
    },
    "domain_mismatch": {
      "recall_at_1": 0.9935878465029101,
      "ndcg_at_1": 0.9935878465029101,
      "recall_at_5": 0.9997040544539805,
      "ndcg_at_5": 0.9972575584955056,
      "recall_at_10": 0.9998027029693203,
      "ndcg_at_10": 0.9972860743114587,
      "precision_at_5": 0.19994081089079607,
      "mrr_at_10": 0.9964174147512412,
      "n_queries": 10137
    },
    "swapped_attributes": {
      "recall_at_1": 0.9981256782085429,
      "ndcg_at_1": 0.9981256782085429,
      "recall_at_5": 1.0,
      "ndcg_at_5": 0.9993082435945406,
      "recall_at_10": 1.0,
      "ndcg_at_10": 0.9993082435945406,
      "precision_at_5": 0.19999999999999996,
      "mrr_at_10": 0.9990628391042715,
      "n_queries": 10137
    }
  },
  "latency_ms": {
    "p50": 6.3286425805320805,
    "p95": 9.901272486361753,
    "p99": 10.438039612296658,
    "n_queries": 6000
  },
  "per_bucket_latency_ms": {
    "pristine": {
      "p50": 5.930895997153129,
      "p95": 9.781061041576322,
      "p99": 10.426035914861131,
      "n_queries": 1000
    },
    "missing_firstname": {
      "p50": 6.359916995279491,
      "p95": 10.125512207014253,
      "p99": 10.555752001382643,
      "n_queries": 1000
    },
    "missing_email_company": {
      "p50": 6.231812498299405,
      "p95": 8.680256889783777,
      "p99": 9.62500009816722,
      "n_queries": 1000
    },
    "typo_name": {
      "p50": 6.444229496992193,
      "p95": 10.216787795798155,
      "p99": 10.601600326772314,
      "n_queries": 1000
    },
    "domain_mismatch": {
      "p50": 6.497083493741229,
      "p95": 10.298170844907872,
      "p99": 10.649627248203615,
      "n_queries": 1000
    },
    "swapped_attributes": {
      "p50": 6.507917001727037,
      "p95": 10.305846139090136,
      "p99": 10.770222084393026,
      "n_queries": 1000
    }
  },
  "index_size_mb": 417.07
}