{
  "experiment_id": "minilm_l6_ft_384_int8",
  "model": "minilm_l6",
  "serialization": "pipe",
  "mode": "fine_tuned",
  "quantization": "int8",
  "dims": 384,
  "index_size": 1000050,
  "timestamp": "2026-03-09T01:25:13.223122+00:00",
  "overall": {
    "recall_at_1": 0.8861596132978199,
    "ndcg_at_1": 0.8861596132978199,
    "recall_at_5": 0.9237775804807471,
    "ndcg_at_5": 0.9064209255804596,
    "recall_at_10": 0.9346124757489066,
    "ndcg_at_10": 0.9099404025360824,
    "precision_at_5": 0.18475551609614943,
    "mrr_at_10": 0.9020867096962095
  },
  "per_bucket": {
    "pristine": {
      "recall_at_1": 0.9999013514846602,
      "ndcg_at_1": 0.9999013514846602,
      "recall_at_5": 1.0,
      "ndcg_at_5": 0.9999635917681338,
      "recall_at_10": 1.0,
      "ndcg_at_10": 0.9999635917681338,
      "precision_at_5": 0.19999999999999996,
      "mrr_at_10": 0.9999506757423301,
      "n_queries": 10137
    },
    "missing_firstname": {
      "recall_at_1": 0.9783959751405741,
      "ndcg_at_1": 0.9783959751405741,
      "recall_at_5": 0.9785932721712538,
      "ndcg_at_5": 0.9785204557075213,
      "recall_at_10": 0.9785932721712538,
      "ndcg_at_10": 0.9785204557075213,
      "precision_at_5": 0.1957186544342507,
      "mrr_at_10": 0.978494623655914,
      "n_queries": 10137
    },
    "missing_email_company": {
      "recall_at_1": 0.3641116701193647,
      "ndcg_at_1": 0.3641116701193647,
      "recall_at_5": 0.589227582124889,
      "ndcg_at_5": 0.48530610211436176,
      "recall_at_10": 0.6542369537338463,
      "ndcg_at_10": 0.5064229638480988,
      "precision_at_5": 0.1178455164249778,
      "mrr_at_10": 0.4593783029636833,
      "n_queries": 10137
    },
    "typo_name": {
      "recall_at_1": 0.974745980073,
      "ndcg_at_1": 0.974745980073,
      "recall_at_5": 0.9748446285883398,
      "ndcg_at_5": 0.9748082203564735,
      "recall_at_10": 0.9748446285883398,
      "ndcg_at_10": 0.9748082203564735,
      "precision_at_5": 0.1949689257176679,
      "mrr_at_10": 0.9747953043306699,
      "n_queries": 10137
    },
    "domain_mismatch": {
      "recall_at_1": 1.0,
      "ndcg_at_1": 1.0,
      "recall_at_5": 1.0,
      "ndcg_at_5": 1.0,
      "recall_at_10": 1.0,
      "ndcg_at_10": 1.0,
      "precision_at_5": 0.19999999999999996,
      "mrr_at_10": 1.0,
      "n_queries": 10137
    },
    "swapped_attributes": {
      "recall_at_1": 0.9998027029693203,
      "ndcg_at_1": 0.9998027029693203,
      "recall_at_5": 1.0,
      "ndcg_at_5": 0.9999271835362675,
      "recall_at_10": 1.0,
      "ndcg_at_10": 0.9999271835362675,
      "precision_at_5": 0.19999999999999996,
      "mrr_at_10": 0.9999013514846602,
      "n_queries": 10137
    }
  },
  "latency_ms": {
    "p50": 14.370176999364048,
    "p95": 17.884410715608585,
    "p99": 22.876564874410775,
    "n_queries": 6000
  },
  "per_bucket_latency_ms": {
    "pristine": {
      "p50": 13.632666494231671,
      "p95": 18.747747897577938,
      "p99": 26.398703340091725,
      "n_queries": 1000
    },
    "missing_firstname": {
      "p50": 14.287188001617324,
      "p95": 17.544422301580198,
      "p99": 21.941135822125926,
      "n_queries": 1000
    },
    "missing_email_company": {
      "p50": 12.991374504053965,
      "p95": 16.939264590473613,
      "p99": 19.748274574812967,
      "n_queries": 1000
    },
    "typo_name": {
      "p50": 14.712687494466081,
      "p95": 18.58938365548965,
      "p99": 21.85646083176834,
      "n_queries": 1000
    },
    "domain_mismatch": {
      "p50": 15.549854004348163,
      "p95": 17.692977099795822,
      "p99": 26.368346429517246,
      "n_queries": 1000
    },
    "swapped_attributes": {
      "p50": 15.047291497467086,
      "p95": 17.792668748734286,
      "p99": 20.94646824814845,
      "n_queries": 1000
    }
  },
  "index_size_mb": 1726.19
}