{
  "experiment_id": "minilm_l6_ft_128_binary",
  "model": "minilm_l6",
  "serialization": "pipe",
  "mode": "fine_tuned",
  "quantization": "binary",
  "dims": 384,
  "index_size": 1000050,
  "timestamp": "2026-03-09T01:51:38.447169+00:00",
  "overall": {
    "recall_at_1": 0.8818519614613134,
    "ndcg_at_1": 0.8818519614613134,
    "recall_at_5": 0.9192561901943376,
    "ndcg_at_5": 0.9019105509769412,
    "recall_at_10": 0.9310611291966723,
    "ndcg_at_10": 0.9057523540657846,
    "precision_at_5": 0.18385123803886752,
    "mrr_at_10": 0.8977232614243071
  },
  "per_bucket": {
    "pristine": {
      "recall_at_1": 1.0,
      "ndcg_at_1": 1.0,
      "recall_at_5": 1.0,
      "ndcg_at_5": 1.0,
      "recall_at_10": 1.0,
      "ndcg_at_10": 1.0,
      "precision_at_5": 0.19999999999999996,
      "mrr_at_10": 1.0,
      "n_queries": 10137
    },
    "missing_firstname": {
      "recall_at_1": 0.9742527374963007,
      "ndcg_at_1": 0.9742527374963007,
      "recall_at_5": 0.9744500345269804,
      "ndcg_at_5": 0.9743772180632478,
      "recall_at_10": 0.9744500345269804,
      "ndcg_at_10": 0.9743772180632478,
      "precision_at_5": 0.19489000690539607,
      "mrr_at_10": 0.9743513860116405,
      "n_queries": 10137
    },
    "missing_email_company": {
      "recall_at_1": 0.33925224425372397,
      "ndcg_at_1": 0.33925224425372397,
      "recall_at_5": 0.56328302259051,
      "ndcg_at_5": 0.45935482021359686,
      "recall_at_10": 0.6341126566045181,
      "ndcg_at_10": 0.4824056387466575,
      "precision_at_5": 0.112656604518102,
      "mrr_at_10": 0.43428274700100683,
      "n_queries": 10137
    },
    "typo_name": {
      "recall_at_1": 0.9777054355331952,
      "ndcg_at_1": 0.9777054355331952,
      "recall_at_5": 0.977804084048535,
      "ndcg_at_5": 0.9777676758166688,
      "recall_at_10": 0.977804084048535,
      "ndcg_at_10": 0.9777676758166688,
      "precision_at_5": 0.195560816809707,
      "mrr_at_10": 0.9777547597908651,
      "n_queries": 10137
    },
    "domain_mismatch": {
      "recall_at_1": 0.9999013514846602,
      "ndcg_at_1": 0.9999013514846602,
      "recall_at_5": 1.0,
      "ndcg_at_5": 0.9999635917681338,
      "recall_at_10": 1.0,
      "ndcg_at_10": 0.9999635917681338,
      "precision_at_5": 0.19999999999999996,
      "mrr_at_10": 0.9999506757423301,
      "n_queries": 10137
    },
    "swapped_attributes": {
      "recall_at_1": 1.0,
      "ndcg_at_1": 1.0,
      "recall_at_5": 1.0,
      "ndcg_at_5": 1.0,
      "recall_at_10": 1.0,
      "ndcg_at_10": 1.0,
      "precision_at_5": 0.19999999999999996,
      "mrr_at_10": 1.0,
      "n_queries": 10137
    }
  },
  "latency_ms": {
    "p50": 6.573031248990446,
    "p95": 9.984303057838892,
    "p99": 10.579523034781838,
    "n_queries": 6000
  },
  "per_bucket_latency_ms": {
    "pristine": {
      "p50": 6.288249998760875,
      "p95": 9.881455896538682,
      "p99": 10.533845089375973,
      "n_queries": 1000
    },
    "missing_firstname": {
      "p50": 6.502603995613754,
      "p95": 10.165012151992414,
      "p99": 10.700828507397091,
      "n_queries": 1000
    },
    "missing_email_company": {
      "p50": 6.386958491930272,
      "p95": 8.826193750428502,
      "p99": 9.885467834537849,
      "n_queries": 1000
    },
    "typo_name": {
      "p50": 6.717833501170389,
      "p95": 10.207466355495853,
      "p99": 10.69989867741242,
      "n_queries": 1000
    },
    "domain_mismatch": {
      "p50": 6.770145999325905,
      "p95": 10.48857078931178,
      "p99": 10.903654176800046,
      "n_queries": 1000
    },
    "swapped_attributes": {
      "p50": 6.772395507141482,
      "p95": 10.337119403266115,
      "p99": 10.753443923167652,
      "n_queries": 1000
    }
  },
  "index_size_mb": 672.79
}