{
  "experiment_id": "minilm_l6_base_384_binary",
  "model": "minilm_l6",
  "serialization": "pipe",
  "mode": "zero_shot",
  "quantization": "binary",
  "dims": 384,
  "index_size": 1000050,
  "timestamp": "2026-03-09T00:31:15.909671+00:00",
  "overall": {
    "recall_at_1": 0.8361283746012956,
    "ndcg_at_1": 0.8361283746012956,
    "recall_at_5": 0.8729735950807274,
    "ndcg_at_5": 0.8557722084001806,
    "recall_at_10": 0.8870638913551018,
    "ndcg_at_10": 0.8603681597790283,
    "precision_at_5": 0.17459471901614548,
    "mrr_at_10": 0.851966047947354
  },
  "per_bucket": {
    "pristine": {
      "recall_at_1": 1.0,
      "ndcg_at_1": 1.0,
      "recall_at_5": 1.0,
      "ndcg_at_5": 1.0,
      "recall_at_10": 1.0,
      "ndcg_at_10": 1.0,
      "precision_at_5": 0.19999999999999996,
      "mrr_at_10": 1.0,
      "n_queries": 10137
    },
    "missing_firstname": {
      "recall_at_1": 0.8477853408306205,
      "ndcg_at_1": 0.8477853408306205,
      "recall_at_5": 0.85439479135839,
      "ndcg_at_5": 0.8516570269012409,
      "recall_at_10": 0.8548880339350893,
      "ndcg_at_10": 0.8518282105086188,
      "precision_at_5": 0.17087895827167798,
      "mrr_at_10": 0.8507943554259032,
      "n_queries": 10137
    },
    "missing_email_company": {
      "recall_at_1": 0.2585577587057315,
      "ndcg_at_1": 0.2585577587057315,
      "recall_at_5": 0.46641018052678307,
      "ndcg_at_5": 0.36871865294187944,
      "recall_at_10": 0.5499654730196311,
      "ndcg_at_10": 0.39596180417071947,
      "precision_at_5": 0.09328203610535661,
      "mrr_at_10": 0.34762809039962045,
      "n_queries": 10137
    },
    "typo_name": {
      "recall_at_1": 0.9176284896912301,
      "ndcg_at_1": 0.9176284896912301,
      "recall_at_5": 0.9233501035809412,
      "ndcg_at_5": 0.9209511750131696,
      "recall_at_10": 0.9238433461576403,
      "ndcg_at_10": 0.9211125484500376,
      "precision_at_5": 0.1846700207161882,
      "mrr_at_10": 0.9201970308362731,
      "n_queries": 10137
    },
    "domain_mismatch": {
      "recall_at_1": 0.9951662227483477,
      "ndcg_at_1": 0.9951662227483477,
      "recall_at_5": 0.9959554108710664,
      "ndcg_at_5": 0.9956117196294765,
      "recall_at_10": 0.9959554108710664,
      "ndcg_at_10": 0.9956117196294765,
      "precision_at_5": 0.19919108217421325,
      "mrr_at_10": 0.9954950511328139,
      "n_queries": 10137
    },
    "swapped_attributes": {
      "recall_at_1": 0.9976324356318438,
      "ndcg_at_1": 0.9976324356318438,
      "recall_at_5": 0.9977310841471836,
      "ndcg_at_5": 0.9976946759153174,
      "recall_at_10": 0.9977310841471836,
      "ndcg_at_10": 0.9976946759153174,
      "precision_at_5": 0.19954621682943668,
      "mrr_at_10": 0.9976817598895137,
      "n_queries": 10137
    }
  },
  "latency_ms": {
    "p50": 8.871940830431413,
    "p95": 12.4552344418286,
    "p99": 19.18234013978993,
    "n_queries": 6000
  },
  "per_bucket_latency_ms": {
    "pristine": {
      "p50": 7.666103992960416,
      "p95": 10.932956539909355,
      "p99": 13.4279794988106,
      "n_queries": 1000
    },
    "missing_firstname": {
      "p50": 7.737562496913597,
      "p95": 10.618560096190775,
      "p99": 13.98218634436489,
      "n_queries": 1000
    },
    "missing_email_company": {
      "p50": 8.487416504067369,
      "p95": 12.13180980630568,
      "p99": 18.291583416576014,
      "n_queries": 1000
    },
    "typo_name": {
      "p50": 9.966562494810205,
      "p95": 14.184127060434534,
      "p99": 23.84720075482619,
      "n_queries": 1000
    },
    "domain_mismatch": {
      "p50": 9.652207998442464,
      "p95": 13.603316000080662,
      "p99": 23.036353422503442,
      "n_queries": 1000
    },
    "swapped_attributes": {
      "p50": 9.721791495394427,
      "p95": 13.260637148050591,
      "p99": 22.508737401658433,
      "n_queries": 1000
    }
  },
  "index_size_mb": 1680.41
}