{
  "experiment_id": "minilm_l6_ft_384_fp32",
  "model": "minilm_l6",
  "serialization": "pipe",
  "mode": "fine_tuned",
  "quantization": "fp32",
  "dims": 384,
  "index_size": 1000050,
  "timestamp": "2026-03-09T01:19:10.027056+00:00",
  "overall": {
    "recall_at_1": 0.8785965604550985,
    "ndcg_at_1": 0.8785965604550985,
    "recall_at_5": 0.9158692578343363,
    "ndcg_at_5": 0.8986207667814271,
    "recall_at_10": 0.9284469435401664,
    "ndcg_at_10": 0.9027153232578743,
    "precision_at_5": 0.18317385156686727,
    "mrr_at_10": 0.8945707041050831
  },
  "per_bucket": {
    "pristine": {
      "recall_at_1": 1.0,
      "ndcg_at_1": 1.0,
      "recall_at_5": 1.0,
      "ndcg_at_5": 1.0,
      "recall_at_10": 1.0,
      "ndcg_at_10": 1.0,
      "precision_at_5": 0.19999999999999996,
      "mrr_at_10": 1.0,
      "n_queries": 10137
    },
    "missing_firstname": {
      "recall_at_1": 0.9752392226496991,
      "ndcg_at_1": 0.9752392226496991,
      "recall_at_5": 0.9756338167110585,
      "ndcg_at_5": 0.9754881837835933,
      "recall_at_10": 0.9756338167110585,
      "ndcg_at_10": 0.9754881837835933,
      "precision_at_5": 0.19512676334221168,
      "mrr_at_10": 0.9754365196803788,
      "n_queries": 10137
    },
    "missing_email_company": {
      "recall_at_1": 0.3221860510999309,
      "ndcg_at_1": 0.3221860510999309,
      "recall_at_5": 0.5447371017066193,
      "ndcg_at_5": 0.4416466459396937,
      "recall_at_10": 0.6202032159416001,
      "ndcg_at_10": 0.46621398479837645,
      "precision_at_5": 0.10894742034132388,
      "mrr_at_10": 0.4174883461654695,
      "n_queries": 10137
    },
    "typo_name": {
      "recall_at_1": 0.9743513860116405,
      "ndcg_at_1": 0.9743513860116405,
      "recall_at_5": 0.9748446285883398,
      "ndcg_at_5": 0.9746625874290082,
      "recall_at_10": 0.9748446285883398,
      "ndcg_at_10": 0.9746625874290082,
      "precision_at_5": 0.19496892571766794,
      "mrr_at_10": 0.9745980072999901,
      "n_queries": 10137
    },
    "domain_mismatch": {
      "recall_at_1": 0.9999013514846602,
      "ndcg_at_1": 0.9999013514846602,
      "recall_at_5": 1.0,
      "ndcg_at_5": 0.9999635917681338,
      "recall_at_10": 1.0,
      "ndcg_at_10": 0.9999635917681338,
      "precision_at_5": 0.19999999999999996,
      "mrr_at_10": 0.9999506757423301,
      "n_queries": 10137
    },
    "swapped_attributes": {
      "recall_at_1": 0.9999013514846602,
      "ndcg_at_1": 0.9999013514846602,
      "recall_at_5": 1.0,
      "ndcg_at_5": 0.9999635917681338,
      "recall_at_10": 1.0,
      "ndcg_at_10": 0.9999635917681338,
      "precision_at_5": 0.19999999999999996,
      "mrr_at_10": 0.9999506757423301,
      "n_queries": 10137
    }
  },
  "latency_ms": {
    "p50": 13.81060783266245,
    "p95": 17.47435549890118,
    "p99": 22.654813238574814,
    "n_queries": 6000
  },
  "per_bucket_latency_ms": {
    "pristine": {
      "p50": 14.124749999609776,
      "p95": 17.275799997878494,
      "p99": 25.429447506176068,
      "n_queries": 1000
    },
    "missing_firstname": {
      "p50": 14.002208503370639,
      "p95": 17.885866657888982,
      "p99": 20.73084933887002,
      "n_queries": 1000
    },
    "missing_email_company": {
      "p50": 12.624208495253697,
      "p95": 16.699808647535974,
      "p99": 25.79838291421765,
      "n_queries": 1000
    },
    "typo_name": {
      "p50": 14.822000004642177,
      "p95": 17.64223749778466,
      "p99": 21.83338082701084,
      "n_queries": 1000
    },
    "domain_mismatch": {
      "p50": 13.590104492323007,
      "p95": 17.668468392366776,
      "p99": 20.452708003285803,
      "n_queries": 1000
    },
    "swapped_attributes": {
      "p50": 13.700375500775408,
      "p95": 17.673951799952192,
      "p99": 21.68411084188847,
      "n_queries": 1000
    }
  },
  "index_size_mb": 1657.52
}