{
  "experiment_id": "minilm_l6_base_64_binary",
  "model": "minilm_l6",
  "serialization": "pipe",
  "mode": "zero_shot",
  "quantization": "binary",
  "dims": 384,
  "index_size": 1000050,
  "timestamp": "2026-03-09T01:14:06.107226+00:00",
  "overall": {
    "recall_at_1": 0.7843379040478774,
    "ndcg_at_1": 0.7843379040478774,
    "recall_at_5": 0.8244549669527473,
    "ndcg_at_5": 0.8057967427047388,
    "recall_at_10": 0.8394330998651803,
    "ndcg_at_10": 0.8106438516127075,
    "precision_at_5": 0.1648909933905495,
    "mrr_at_10": 0.8015779913074477
  },
  "per_bucket": {
    "pristine": {
      "recall_at_1": 1.0,
      "ndcg_at_1": 1.0,
      "recall_at_5": 1.0,
      "ndcg_at_5": 1.0,
      "recall_at_10": 1.0,
      "ndcg_at_10": 1.0,
      "precision_at_5": 0.19999999999999996,
      "mrr_at_10": 1.0,
      "n_queries": 10137
    },
    "missing_firstname": {
      "recall_at_1": 0.8499556081680971,
      "ndcg_at_1": 0.8499556081680971,
      "recall_at_5": 0.8733353063036401,
      "ndcg_at_5": 0.8630990612100692,
      "recall_at_10": 0.8788596231626714,
      "ndcg_at_10": 0.8649347379427852,
      "precision_at_5": 0.174667061260728,
      "mrr_at_10": 0.8604164611489264,
      "n_queries": 10137
    },
    "missing_email_company": {
      "recall_at_1": 0.10476472329091448,
      "ndcg_at_1": 0.10476472329091448,
      "recall_at_5": 0.23251455065601262,
      "ndcg_at_5": 0.17087817407333317,
      "recall_at_10": 0.29643878859623163,
      "ndcg_at_10": 0.19153780792798647,
      "precision_at_5": 0.04650291013120253,
      "mrr_at_10": 0.15905096213619446,
      "n_queries": 10137
    },
    "typo_name": {
      "recall_at_1": 0.770938147380882,
      "ndcg_at_1": 0.770938147380882,
      "recall_at_5": 0.8511393903521752,
      "ndcg_at_5": 0.8151078204746846,
      "recall_at_10": 0.8699812567820854,
      "ndcg_at_10": 0.8211933001469829,
      "precision_at_5": 0.17022787807043502,
      "mrr_at_10": 0.8054788289325134,
      "n_queries": 10137
    },
    "domain_mismatch": {
      "recall_at_1": 0.9825392127848476,
      "ndcg_at_1": 0.9825392127848476,
      "recall_at_5": 0.9916148761961132,
      "ndcg_at_5": 0.9876918629832055,
      "recall_at_10": 0.9931932524415508,
      "ndcg_at_10": 0.988193726171349,
      "precision_at_5": 0.19832297523922263,
      "mrr_at_10": 0.9865604316107425,
      "n_queries": 10137
    },
    "swapped_attributes": {
      "recall_at_1": 0.9978297326625234,
      "ndcg_at_1": 0.9978297326625234,
      "recall_at_5": 0.9981256782085429,
      "ndcg_at_5": 0.9980035374871405,
      "recall_at_10": 0.9981256782085429,
      "ndcg_at_10": 0.9980035374871405,
      "precision_at_5": 0.19962513564170858,
      "mrr_at_10": 0.9979612640163098,
      "n_queries": 10137
    }
  },
  "latency_ms": {
    "p50": 13.657006834061272,
    "p95": 17.543758728303754,
    "p99": 22.361216912589338,
    "n_queries": 6000
  },
  "per_bucket_latency_ms": {
    "pristine": {
      "p50": 13.284541499160696,
      "p95": 16.680770854145518,
      "p99": 19.11815500090597,
      "n_queries": 1000
    },
    "missing_firstname": {
      "p50": 14.754854506463744,
      "p95": 17.65398155184812,
      "p99": 24.419462402875062,
      "n_queries": 1000
    },
    "missing_email_company": {
      "p50": 13.284103995829355,
      "p95": 17.97452290120418,
      "p99": 26.81033156753983,
      "n_queries": 1000
    },
    "typo_name": {
      "p50": 13.113146000250708,
      "p95": 17.702889555221187,
      "p99": 21.741226674930655,
      "n_queries": 1000
    },
    "domain_mismatch": {
      "p50": 14.54922850098228,
      "p95": 17.558912497770507,
      "p99": 20.20311740197939,
      "n_queries": 1000
    },
    "swapped_attributes": {
      "p50": 12.956166501680855,
      "p95": 17.691475009632995,
      "p99": 21.87500842730513,
      "n_queries": 1000
    }
  },
  "index_size_mb": 420.88
}