{
  "experiment_id": "minilm_l6_ft_128_int8",
  "model": "minilm_l6",
  "serialization": "pipe",
  "mode": "fine_tuned",
  "quantization": "int8",
  "dims": 384,
  "index_size": 1000050,
  "timestamp": "2026-03-09T01:48:25.401934+00:00",
  "overall": {
    "recall_at_1": 0.8864555588438394,
    "ndcg_at_1": 0.8864555588438394,
    "recall_at_5": 0.9233829864193878,
    "ndcg_at_5": 0.906348928842658,
    "recall_at_10": 0.9341685574298774,
    "ndcg_at_10": 0.9098774013629766,
    "precision_at_5": 0.18467659728387756,
    "mrr_at_10": 0.9021387611416714
  },
  "per_bucket": {
    "pristine": {
      "recall_at_1": 1.0,
      "ndcg_at_1": 1.0,
      "recall_at_5": 1.0,
      "ndcg_at_5": 1.0,
      "recall_at_10": 1.0,
      "ndcg_at_10": 1.0,
      "precision_at_5": 0.19999999999999996,
      "mrr_at_10": 1.0,
      "n_queries": 10137
    },
    "missing_firstname": {
      "recall_at_1": 0.9789878662326132,
      "ndcg_at_1": 0.9789878662326132,
      "recall_at_5": 0.979086514747953,
      "ndcg_at_5": 0.9790501065160868,
      "recall_at_10": 0.979086514747953,
      "ndcg_at_10": 0.9790501065160868,
      "precision_at_5": 0.1958173029495906,
      "mrr_at_10": 0.9790371904902831,
      "n_queries": 10137
    },
    "missing_email_company": {
      "recall_at_1": 0.3605603235671303,
      "ndcg_at_1": 0.3605603235671303,
      "recall_at_5": 0.5819275919897405,
      "ndcg_at_5": 0.47979606299309524,
      "recall_at_10": 0.6466410180526783,
      "ndcg_at_10": 0.5009668981150065,
      "precision_at_5": 0.11638551839794811,
      "mrr_at_10": 0.4545608888387817,
      "n_queries": 10137
    },
    "typo_name": {
      "recall_at_1": 0.9793824602939726,
      "ndcg_at_1": 0.9793824602939726,
      "recall_at_5": 0.9793824602939726,
      "ndcg_at_5": 0.9793824602939726,
      "recall_at_10": 0.9793824602939726,
      "ndcg_at_10": 0.9793824602939726,
      "precision_at_5": 0.19587649205879448,
      "mrr_at_10": 0.9793824602939726,
      "n_queries": 10137
    },
    "domain_mismatch": {
      "recall_at_1": 0.9999013514846602,
      "ndcg_at_1": 0.9999013514846602,
      "recall_at_5": 0.9999013514846602,
      "ndcg_at_5": 0.9999013514846602,
      "recall_at_10": 0.9999013514846602,
      "ndcg_at_10": 0.9999013514846602,
      "precision_at_5": 0.19998027029693202,
      "mrr_at_10": 0.9999013514846602,
      "n_queries": 10137
    },
    "swapped_attributes": {
      "recall_at_1": 0.9999013514846602,
      "ndcg_at_1": 0.9999013514846602,
      "recall_at_5": 1.0,
      "ndcg_at_5": 0.9999635917681338,
      "recall_at_10": 1.0,
      "ndcg_at_10": 0.9999635917681338,
      "precision_at_5": 0.19999999999999996,
      "mrr_at_10": 0.9999506757423301,
      "n_queries": 10137
    }
  },
  "latency_ms": {
    "p50": 6.787506914406549,
    "p95": 10.245394433635132,
    "p99": 10.901451221555666,
    "n_queries": 6000
  },
  "per_bucket_latency_ms": {
    "pristine": {
      "p50": 6.291229496127926,
      "p95": 10.080870502133621,
      "p99": 10.62119900219841,
      "n_queries": 1000
    },
    "missing_firstname": {
      "p50": 6.538104498758912,
      "p95": 10.332668448972981,
      "p99": 10.853729590744479,
      "n_queries": 1000
    },
    "missing_email_company": {
      "p50": 6.5701664934749715,
      "p95": 8.937697595683858,
      "p99": 9.905289072194137,
      "n_queries": 1000
    },
    "typo_name": {
      "p50": 7.099499998730607,
      "p95": 10.676623200561153,
      "p99": 11.195672664762242,
      "n_queries": 1000
    },
    "domain_mismatch": {
      "p50": 7.145062001654878,
      "p95": 10.66485685078078,
      "p99": 11.553515749110373,
      "n_queries": 1000
    },
    "swapped_attributes": {
      "p50": 7.080978997692,
      "p95": 10.779650003678398,
      "p99": 11.279301250324352,
      "n_queries": 1000
    }
  },
  "index_size_mb": 688.05
}