{
  "experiment_id": "minilm_l6_base_64_fp32",
  "model": "minilm_l6",
  "serialization": "pipe",
  "mode": "zero_shot",
  "quantization": "fp32",
  "dims": 384,
  "index_size": 1000050,
  "timestamp": "2026-03-09T01:05:17.725368+00:00",
  "overall": {
    "recall_at_1": 0.6800170990759923,
    "ndcg_at_1": 0.6800170990759923,
    "recall_at_5": 0.7568314096872842,
    "ndcg_at_5": 0.721826315753444,
    "recall_at_10": 0.7798822794383611,
    "ndcg_at_10": 0.729317979613418,
    "precision_at_5": 0.15136628193745685,
    "mrr_at_10": 0.7132104128466465
  },
  "per_bucket": {
    "pristine": {
      "recall_at_1": 0.9982243267238828,
      "ndcg_at_1": 0.9982243267238828,
      "recall_at_5": 1.0,
      "ndcg_at_5": 0.9993317358006032,
      "recall_at_10": 1.0,
      "ndcg_at_10": 0.9993317358006032,
      "precision_at_5": 0.19999999999999996,
      "mrr_at_10": 0.9990957219427181,
      "n_queries": 10137
    },
    "missing_firstname": {
      "recall_at_1": 0.6665680181513268,
      "ndcg_at_1": 0.6665680181513268,
      "recall_at_5": 0.7895827167801125,
      "ndcg_at_5": 0.7350290717607817,
      "recall_at_10": 0.8155272763144915,
      "ndcg_at_10": 0.7434911796068377,
      "precision_at_5": 0.15791654335602245,
      "mrr_at_10": 0.7201389769679204,
      "n_queries": 10137
    },
    "missing_email_company": {
      "recall_at_1": 0.04744993587846503,
      "ndcg_at_1": 0.04744993587846503,
      "recall_at_5": 0.12636874815034033,
      "ndcg_at_5": 0.08771544318458414,
      "recall_at_10": 0.1696754463845319,
      "ndcg_at_10": 0.10172537918218319,
      "precision_at_5": 0.025273749630068065,
      "mrr_at_10": 0.08080785304816084,
      "n_queries": 10137
    },
    "typo_name": {
      "recall_at_1": 0.4901844727236855,
      "ndcg_at_1": 0.4901844727236855,
      "recall_at_5": 0.6644963993291901,
      "ndcg_at_5": 0.5842377806220637,
      "recall_at_10": 0.722797671895038,
      "ndcg_at_10": 0.6031896060801241,
      "precision_at_5": 0.132899279865838,
      "mrr_at_10": 0.5652793240541095,
      "n_queries": 10137
    },
    "domain_mismatch": {
      "recall_at_1": 0.8952352767090855,
      "ndcg_at_1": 0.8952352767090855,
      "recall_at_5": 0.9636973463549373,
      "ndcg_at_5": 0.9336616643113858,
      "recall_at_10": 0.9737594949196015,
      "ndcg_at_10": 0.9369503351102381,
      "precision_at_5": 0.19273946927098745,
      "mrr_at_10": 0.9248747320440129,
      "n_queries": 10137
    },
    "swapped_attributes": {
      "recall_at_1": 0.9824405642695078,
      "ndcg_at_1": 0.9824405642695078,
      "recall_at_5": 0.996843247509125,
      "ndcg_at_5": 0.990982198841246,
      "recall_at_10": 0.9975337871165039,
      "ndcg_at_10": 0.9912196419005223,
      "precision_at_5": 0.19936864950182495,
      "mrr_at_10": 0.9890658690229569,
      "n_queries": 10137
    }
  },
  "latency_ms": {
    "p50": 12.959312418388436,
    "p95": 17.05014246714806,
    "p99": 20.411781520233486,
    "n_queries": 6000
  },
  "per_bucket_latency_ms": {
    "pristine": {
      "p50": 11.533687502378598,
      "p95": 17.512571137194755,
      "p99": 21.22576517227571,
      "n_queries": 1000
    },
    "missing_firstname": {
      "p50": 14.475145500910003,
      "p95": 16.61624855187256,
      "p99": 19.525341424159702,
      "n_queries": 1000
    },
    "missing_email_company": {
      "p50": 12.2175625001546,
      "p95": 16.348447951168055,
      "p99": 19.012862834206313,
      "n_queries": 1000
    },
    "typo_name": {
      "p50": 13.879145502869505,
      "p95": 17.387150011927588,
      "p99": 18.865450508164937,
      "n_queries": 1000
    },
    "domain_mismatch": {
      "p50": 13.307853994774632,
      "p95": 16.71953955301433,
      "p99": 22.918609835905947,
      "n_queries": 1000
    },
    "swapped_attributes": {
      "p50": 12.342479509243276,
      "p95": 17.716897597711068,
      "p99": 20.922659346688302,
      "n_queries": 1000
    }
  },
  "index_size_mb": 417.07
}