{
  "experiment_id": "minilm_l6_base_256_binary",
  "model": "minilm_l6",
  "serialization": "pipe",
  "mode": "zero_shot",
  "quantization": "binary",
  "dims": 384,
  "index_size": 1000050,
  "timestamp": "2026-03-09T00:48:41.457715+00:00",
  "overall": {
    "recall_at_1": 0.8312452730919733,
    "ndcg_at_1": 0.8312452730919733,
    "recall_at_5": 0.8672519811910164,
    "ndcg_at_5": 0.8503483514003257,
    "recall_at_10": 0.8815066916576239,
    "ndcg_at_10": 0.85497642794872,
    "precision_at_5": 0.17345039623820332,
    "mrr_at_10": 0.8466505697343223
  },
  "per_bucket": {
    "pristine": {
      "recall_at_1": 1.0,
      "ndcg_at_1": 1.0,
      "recall_at_5": 1.0,
      "ndcg_at_5": 1.0,
      "recall_at_10": 1.0,
      "ndcg_at_10": 1.0,
      "precision_at_5": 0.19999999999999996,
      "mrr_at_10": 1.0,
      "n_queries": 10137
    },
    "missing_firstname": {
      "recall_at_1": 0.844332642793726,
      "ndcg_at_1": 0.844332642793726,
      "recall_at_5": 0.851238038867515,
      "ndcg_at_5": 0.8483902884313219,
      "recall_at_10": 0.8527177665976127,
      "ndcg_at_10": 0.8488606836236597,
      "precision_at_5": 0.17024760777350298,
      "mrr_at_10": 0.8476015492514457,
      "n_queries": 10137
    },
    "missing_email_company": {
      "recall_at_1": 0.24168886258261812,
      "ndcg_at_1": 0.24168886258261812,
      "recall_at_5": 0.44243859129920093,
      "ndcg_at_5": 0.34732827970412244,
      "recall_at_10": 0.5250073986386505,
      "ndcg_at_10": 0.37414343640105574,
      "precision_at_5": 0.08848771825984018,
      "mrr_at_10": 0.32692305885558326,
      "n_queries": 10137
    },
    "typo_name": {
      "recall_at_1": 0.9073690440958864,
      "ndcg_at_1": 0.9073690440958864,
      "recall_at_5": 0.9152609253230739,
      "ndcg_at_5": 0.9119792497695323,
      "recall_at_10": 0.9167406530531715,
      "ndcg_at_10": 0.9124621571706273,
      "precision_at_5": 0.18305218506461476,
      "mrr_at_10": 0.9110510999309461,
      "n_queries": 10137
    },
    "domain_mismatch": {
      "recall_at_1": 0.9959554108710664,
      "ndcg_at_1": 0.9959554108710664,
      "recall_at_5": 0.9964486534477656,
      "ndcg_at_5": 0.9962666122884342,
      "recall_at_10": 0.9964486534477656,
      "ndcg_at_10": 0.9962666122884342,
      "precision_at_5": 0.1992897306895531,
      "mrr_at_10": 0.996202032159416,
      "n_queries": 10137
    },
    "swapped_attributes": {
      "recall_at_1": 0.9981256782085429,
      "ndcg_at_1": 0.9981256782085429,
      "recall_at_5": 0.9981256782085429,
      "ndcg_at_5": 0.9981256782085429,
      "recall_at_10": 0.9981256782085429,
      "ndcg_at_10": 0.9981256782085429,
      "precision_at_5": 0.19962513564170858,
      "mrr_at_10": 0.9981256782085429,
      "n_queries": 10137
    }
  },
  "latency_ms": {
    "p50": 7.3496561659946265,
    "p95": 10.75097355787875,
    "p99": 13.845076052093644,
    "n_queries": 6000
  },
  "per_bucket_latency_ms": {
    "pristine": {
      "p50": 7.173957994382363,
      "p95": 10.647758646518916,
      "p99": 15.124591836647587,
      "n_queries": 1000
    },
    "missing_firstname": {
      "p50": 7.509354501962662,
      "p95": 10.923306253971532,
      "p99": 14.518044988799373,
      "n_queries": 1000
    },
    "missing_email_company": {
      "p50": 7.17218699719524,
      "p95": 10.861468754592352,
      "p99": 15.793801841791714,
      "n_queries": 1000
    },
    "typo_name": {
      "p50": 7.45668749732431,
      "p95": 10.297874693060294,
      "p99": 11.882784824119879,
      "n_queries": 1000
    },
    "domain_mismatch": {
      "p50": 7.30277050024597,
      "p95": 11.079391002567716,
      "p99": 12.809112730610646,
      "n_queries": 1000
    },
    "swapped_attributes": {
      "p50": 7.482979504857212,
      "p95": 10.696041996561688,
      "p99": 12.942120090592653,
      "n_queries": 1000
    }
  },
  "index_size_mb": 1176.6
}