{
  "experiment_id": "minilm_l6_ft_256_int8",
  "model": "minilm_l6",
  "serialization": "pipe",
  "mode": "fine_tuned",
  "quantization": "int8",
  "dims": 384,
  "index_size": 1000050,
  "timestamp": "2026-03-09T01:38:20.658393+00:00",
  "overall": {
    "recall_at_1": 0.8858472263325771,
    "ndcg_at_1": 0.8858472263325771,
    "recall_at_5": 0.9218703758508434,
    "ndcg_at_5": 0.9052886538005447,
    "recall_at_10": 0.9328039196343428,
    "ndcg_at_10": 0.9088423776788719,
    "precision_at_5": 0.18437407517016868,
    "mrr_at_10": 0.9012228566522242
  },
  "per_bucket": {
    "pristine": {
      "recall_at_1": 1.0,
      "ndcg_at_1": 1.0,
      "recall_at_5": 1.0,
      "ndcg_at_5": 1.0,
      "recall_at_10": 1.0,
      "ndcg_at_10": 1.0,
      "precision_at_5": 0.19999999999999996,
      "mrr_at_10": 1.0,
      "n_queries": 10137
    },
    "missing_firstname": {
      "recall_at_1": 0.9785932721712538,
      "ndcg_at_1": 0.9785932721712538,
      "recall_at_5": 0.9786919206865937,
      "ndcg_at_5": 0.9786555124547274,
      "recall_at_10": 0.9786919206865937,
      "ndcg_at_10": 0.9786555124547274,
      "precision_at_5": 0.19573838413731873,
      "mrr_at_10": 0.9786425964289237,
      "n_queries": 10137
    },
    "missing_email_company": {
      "recall_at_1": 0.3589819473216928,
      "ndcg_at_1": 0.3589819473216928,
      "recall_at_5": 0.5749235474006116,
      "ndcg_at_5": 0.4755060315625514,
      "recall_at_10": 0.640524810101608,
      "ndcg_at_10": 0.49682837483251496,
      "precision_at_5": 0.11498470948012232,
      "mrr_at_10": 0.4511370807242367,
      "n_queries": 10137
    },
    "typo_name": {
      "recall_at_1": 0.9776067870178554,
      "ndcg_at_1": 0.9776067870178554,
      "recall_at_5": 0.9776067870178554,
      "ndcg_at_5": 0.9776067870178554,
      "recall_at_10": 0.9776067870178554,
      "ndcg_at_10": 0.9776067870178554,
      "precision_at_5": 0.19552135740357107,
      "mrr_at_10": 0.9776067870178554,
      "n_queries": 10137
    },
    "domain_mismatch": {
      "recall_at_1": 1.0,
      "ndcg_at_1": 1.0,
      "recall_at_5": 1.0,
      "ndcg_at_5": 1.0,
      "recall_at_10": 1.0,
      "ndcg_at_10": 1.0,
      "precision_at_5": 0.19999999999999996,
      "mrr_at_10": 1.0,
      "n_queries": 10137
    },
    "swapped_attributes": {
      "recall_at_1": 0.9999013514846602,
      "ndcg_at_1": 0.9999013514846602,
      "recall_at_5": 1.0,
      "ndcg_at_5": 0.9999635917681338,
      "recall_at_10": 1.0,
      "ndcg_at_10": 0.9999635917681338,
      "precision_at_5": 0.19999999999999996,
      "mrr_at_10": 0.9999506757423301,
      "n_queries": 10137
    }
  },
  "latency_ms": {
    "p50": 6.914930667941614,
    "p95": 10.2757437559679,
    "p99": 10.8770953083634,
    "n_queries": 6000
  },
  "per_bucket_latency_ms": {
    "pristine": {
      "p50": 6.636250007431954,
      "p95": 10.201004801638192,
      "p99": 10.805592920951312,
      "n_queries": 1000
    },
    "missing_firstname": {
      "p50": 6.885416994919069,
      "p95": 10.447023251617793,
      "p99": 11.001476992096286,
      "n_queries": 1000
    },
    "missing_email_company": {
      "p50": 6.735458504408598,
      "p95": 9.003985095478129,
      "p99": 10.020080919930479,
      "n_queries": 1000
    },
    "typo_name": {
      "p50": 7.108541998604778,
      "p95": 10.637256249901839,
      "p99": 11.155799349216977,
      "n_queries": 1000
    },
    "domain_mismatch": {
      "p50": 7.080562500050291,
      "p95": 10.728853839827934,
      "p99": 11.153643005382037,
      "n_queries": 1000
    },
    "swapped_attributes": {
      "p50": 7.043354002234992,
      "p95": 10.636339297343511,
      "p99": 11.125978662603302,
      "n_queries": 1000
    }
  },
  "index_size_mb": 1207.12
}