{
  "experiment_id": "minilm_l6_base_384_int8",
  "model": "minilm_l6",
  "serialization": "pipe",
  "mode": "zero_shot",
  "quantization": "int8",
  "dims": 384,
  "index_size": 1000050,
  "timestamp": "2026-03-09T00:26:52.402727+00:00",
  "overall": {
    "recall_at_1": 0.8397126039919766,
    "ndcg_at_1": 0.8397126039919766,
    "recall_at_5": 0.8777251652362632,
    "ndcg_at_5": 0.8599888316130578,
    "recall_at_10": 0.8905659136496662,
    "ndcg_at_10": 0.8641754192335298,
    "precision_at_5": 0.17554503304725266,
    "mrr_at_10": 0.8558310667662548
  },
  "per_bucket": {
    "pristine": {
      "recall_at_1": 1.0,
      "ndcg_at_1": 1.0,
      "recall_at_5": 1.0,
      "ndcg_at_5": 1.0,
      "recall_at_10": 1.0,
      "ndcg_at_10": 1.0,
      "precision_at_5": 0.19999999999999996,
      "mrr_at_10": 1.0,
      "n_queries": 10137
    },
    "missing_firstname": {
      "recall_at_1": 0.8491664200453783,
      "ndcg_at_1": 0.8491664200453783,
      "recall_at_5": 0.8540988458123705,
      "ndcg_at_5": 0.8520142679881366,
      "recall_at_10": 0.8545920883890697,
      "ndcg_at_10": 0.8521793218763114,
      "precision_at_5": 0.1708197691624741,
      "mrr_at_10": 0.8513703922922627,
      "n_queries": 10137
    },
    "missing_email_company": {
      "recall_at_1": 0.2755253033441847,
      "ndcg_at_1": 0.2755253033441847,
      "recall_at_5": 0.4939331163065996,
      "ndcg_at_5": 0.3916104608123251,
      "recall_at_10": 0.5697938246029397,
      "ndcg_at_10": 0.41634308162335043,
      "precision_at_5": 0.09878662326131993,
      "mrr_at_10": 0.3679043140718192,
      "n_queries": 10137
    },
    "typo_name": {
      "recall_at_1": 0.9193055144520075,
      "ndcg_at_1": 0.9193055144520075,
      "recall_at_5": 0.9236460491269607,
      "ndcg_at_5": 0.9217938296595054,
      "recall_at_10": 0.9243365887343395,
      "ndcg_at_10": 0.9220156806831372,
      "precision_at_5": 0.18472920982539212,
      "mrr_at_10": 0.9212524525117008,
      "n_queries": 10137
    },
    "domain_mismatch": {
      "recall_at_1": 0.9960540593864062,
      "ndcg_at_1": 0.9960540593864062,
      "recall_at_5": 0.9964486534477656,
      "ndcg_at_5": 0.9962901044944967,
      "recall_at_10": 0.9964486534477656,
      "ndcg_at_10": 0.9962901044944967,
      "precision_at_5": 0.19928973068955308,
      "mrr_at_10": 0.9962349149978627,
      "n_queries": 10137
    },
    "swapped_attributes": {
      "recall_at_1": 0.9982243267238828,
      "ndcg_at_1": 0.9982243267238828,
      "recall_at_5": 0.9982243267238828,
      "ndcg_at_5": 0.9982243267238828,
      "recall_at_10": 0.9982243267238828,
      "ndcg_at_10": 0.9982243267238828,
      "precision_at_5": 0.19964486534477655,
      "mrr_at_10": 0.9982243267238828,
      "n_queries": 10137
    }
  },
  "latency_ms": {
    "p50": 8.448357665959824,
    "p95": 11.102547470485055,
    "p99": 13.059633040005187,
    "n_queries": 6000
  },
  "per_bucket_latency_ms": {
    "pristine": {
      "p50": 8.104125503450632,
      "p95": 10.521633046300849,
      "p99": 12.429660408670316,
      "n_queries": 1000
    },
    "missing_firstname": {
      "p50": 8.668708505865652,
      "p95": 11.184677096753145,
      "p99": 12.654781260207528,
      "n_queries": 1000
    },
    "missing_email_company": {
      "p50": 8.354499994311482,
      "p95": 11.504389596666442,
      "p99": 12.853254069923423,
      "n_queries": 1000
    },
    "typo_name": {
      "p50": 8.266187491244636,
      "p95": 10.947166342521086,
      "p99": 12.74499357677996,
      "n_queries": 1000
    },
    "domain_mismatch": {
      "p50": 8.598458000051323,
      "p95": 10.958624993509146,
      "p99": 13.342180918261873,
      "n_queries": 1000
    },
    "swapped_attributes": {
      "p50": 8.698166500835214,
      "p95": 11.498793747159652,
      "p99": 14.332928006188006,
      "n_queries": 1000
    }
  },
  "index_size_mb": 1726.19
}