{
  "experiment_id": "minilm_l6_ft_384_binary",
  "model": "minilm_l6",
  "serialization": "pipe",
  "mode": "fine_tuned",
  "quantization": "binary",
  "dims": 384,
  "index_size": 1000050,
  "timestamp": "2026-03-09T01:30:41.408328+00:00",
  "overall": {
    "recall_at_1": 0.8862911446516063,
    "ndcg_at_1": 0.8862911446516063,
    "recall_at_5": 0.9228897438426885,
    "ndcg_at_5": 0.9059668150070174,
    "recall_at_10": 0.9339054947223044,
    "ndcg_at_10": 0.9095442992456119,
    "precision_at_5": 0.18457794876853773,
    "mrr_at_10": 0.9018038716149598
  },
  "per_bucket": {
    "pristine": {
      "recall_at_1": 1.0,
      "ndcg_at_1": 1.0,
      "recall_at_5": 1.0,
      "ndcg_at_5": 1.0,
      "recall_at_10": 1.0,
      "ndcg_at_10": 1.0,
      "precision_at_5": 0.19999999999999996,
      "mrr_at_10": 1.0,
      "n_queries": 10137
    },
    "missing_firstname": {
      "recall_at_1": 0.9781000295945546,
      "ndcg_at_1": 0.9781000295945546,
      "recall_at_5": 0.9781986781098945,
      "ndcg_at_5": 0.9781622698780282,
      "recall_at_10": 0.9781986781098945,
      "ndcg_at_10": 0.9781622698780282,
      "precision_at_5": 0.19563973562197887,
      "mrr_at_10": 0.9781493538522246,
      "n_queries": 10137
    },
    "missing_email_company": {
      "recall_at_1": 0.3621386998125678,
      "ndcg_at_1": 0.3621386998125678,
      "recall_at_5": 0.581631646443721,
      "ndcg_at_5": 0.48013048166155975,
      "recall_at_10": 0.6477261517214166,
      "ndcg_at_10": 0.5015953870931277,
      "precision_at_5": 0.11632632928874419,
      "mrr_at_10": 0.45516573733501814,
      "n_queries": 10137
    },
    "typo_name": {
      "recall_at_1": 0.9776067870178554,
      "ndcg_at_1": 0.9776067870178554,
      "recall_at_5": 0.9776067870178554,
      "ndcg_at_5": 0.9776067870178554,
      "recall_at_10": 0.9776067870178554,
      "ndcg_at_10": 0.9776067870178554,
      "precision_at_5": 0.19552135740357104,
      "mrr_at_10": 0.9776067870178554,
      "n_queries": 10137
    },
    "domain_mismatch": {
      "recall_at_1": 0.9999013514846602,
      "ndcg_at_1": 0.9999013514846602,
      "recall_at_5": 0.9999013514846602,
      "ndcg_at_5": 0.9999013514846602,
      "recall_at_10": 0.9999013514846602,
      "ndcg_at_10": 0.9999013514846602,
      "precision_at_5": 0.19998027029693202,
      "mrr_at_10": 0.9999013514846602,
      "n_queries": 10137
    },
    "swapped_attributes": {
      "recall_at_1": 1.0,
      "ndcg_at_1": 1.0,
      "recall_at_5": 1.0,
      "ndcg_at_5": 1.0,
      "recall_at_10": 1.0,
      "ndcg_at_10": 1.0,
      "precision_at_5": 0.19999999999999996,
      "mrr_at_10": 1.0,
      "n_queries": 10137
    }
  },
  "latency_ms": {
    "p50": 13.778610995359486,
    "p95": 18.498270309646614,
    "p99": 24.764949057037782,
    "n_queries": 6000
  },
  "per_bucket_latency_ms": {
    "pristine": {
      "p50": 14.572833497368265,
      "p95": 17.538760448951507,
      "p99": 25.078530826431223,
      "n_queries": 1000
    },
    "missing_firstname": {
      "p50": 14.534978996380232,
      "p95": 17.5012711508316,
      "p99": 19.074296254257202,
      "n_queries": 1000
    },
    "missing_email_company": {
      "p50": 12.612061989784706,
      "p95": 15.419697602192171,
      "p99": 18.021897675353102,
      "n_queries": 1000
    },
    "typo_name": {
      "p50": 13.346104497031774,
      "p95": 17.963718750252156,
      "p99": 24.423274173605012,
      "n_queries": 1000
    },
    "domain_mismatch": {
      "p50": 13.932832996943034,
      "p95": 24.554038152564313,
      "p99": 35.480081762507325,
      "n_queries": 1000
    },
    "swapped_attributes": {
      "p50": 13.672853994648904,
      "p95": 18.012135753087932,
      "p99": 26.51161365007283,
      "n_queries": 1000
    }
  },
  "index_size_mb": 1680.41
}