{
  "experiment_id": "minilm_l6_base_128_int8",
  "model": "minilm_l6",
  "serialization": "pipe",
  "mode": "zero_shot",
  "quantization": "int8",
  "dims": 384,
  "index_size": 1000050,
  "timestamp": "2026-03-09T00:56:34.138816+00:00",
  "overall": {
    "recall_at_1": 0.8292887442043997,
    "ndcg_at_1": 0.8292887442043997,
    "recall_at_5": 0.8633060405774227,
    "ndcg_at_5": 0.8474007397709816,
    "recall_at_10": 0.8765249416329618,
    "ndcg_at_10": 0.8517064679314648,
    "precision_at_5": 0.17266120811548458,
    "mrr_at_10": 0.8439050419308385
  },
  "per_bucket": {
    "pristine": {
      "recall_at_1": 1.0,
      "ndcg_at_1": 1.0,
      "recall_at_5": 1.0,
      "ndcg_at_5": 1.0,
      "recall_at_10": 1.0,
      "ndcg_at_10": 1.0,
      "precision_at_5": 0.19999999999999996,
      "mrr_at_10": 1.0,
      "n_queries": 10137
    },
    "missing_firstname": {
      "recall_at_1": 0.8574528953339252,
      "ndcg_at_1": 0.8574528953339252,
      "recall_at_5": 0.8639636973463549,
      "ndcg_at_5": 0.8612020841400108,
      "recall_at_10": 0.8644569399230542,
      "ndcg_at_10": 0.861370081071087,
      "precision_at_5": 0.17279273946927098,
      "mrr_at_10": 0.8603321793022889,
      "n_queries": 10137
    },
    "missing_email_company": {
      "recall_at_1": 0.22255105060668837,
      "ndcg_at_1": 0.22255105060668837,
      "recall_at_5": 0.4091940416296735,
      "ndcg_at_5": 0.3212487864767922,
      "recall_at_10": 0.4865344776561113,
      "ndcg_at_10": 0.34642003854435777,
      "precision_at_5": 0.0818388083259347,
      "mrr_at_10": 0.3025388682979686,
      "n_queries": 10137
    },
    "typo_name": {
      "recall_at_1": 0.9031271579362731,
      "ndcg_at_1": 0.9031271579362731,
      "recall_at_5": 0.912696063924238,
      "ndcg_at_5": 0.9085049205193303,
      "recall_at_10": 0.9141757916543356,
      "ndcg_at_10": 0.9090000404835864,
      "precision_at_5": 0.18253921278484755,
      "mrr_at_10": 0.9072968975824852,
      "n_queries": 10137
    },
    "domain_mismatch": {
      "recall_at_1": 0.9942783861102891,
      "ndcg_at_1": 0.9942783861102891,
      "recall_at_5": 0.995560816809707,
      "ndcg_at_5": 0.9950634319670605,
      "recall_at_10": 0.995560816809707,
      "ndcg_at_10": 0.9950634319670605,
      "precision_at_5": 0.1991121633619414,
      "mrr_at_10": 0.9948900069053962,
      "n_queries": 10137
    },
    "swapped_attributes": {
      "recall_at_1": 0.9983229752392226,
      "ndcg_at_1": 0.9983229752392226,
      "recall_at_5": 0.9984216237545624,
      "ndcg_at_5": 0.9983852155226962,
      "recall_at_10": 0.9984216237545624,
      "ndcg_at_10": 0.9983852155226962,
      "precision_at_5": 0.19968432475091247,
      "mrr_at_10": 0.9983722994968925,
      "n_queries": 10137
    }
  },
  "latency_ms": {
    "p50": 13.316861331986729,
    "p95": 17.866530848793143,
    "p99": 23.42852358364325,
    "n_queries": 6000
  },
  "per_bucket_latency_ms": {
    "pristine": {
      "p50": 10.416646502562799,
      "p95": 17.388270806259236,
      "p99": 18.850131250947015,
      "n_queries": 1000
    },
    "missing_firstname": {
      "p50": 10.647271505149547,
      "p95": 17.376092297490686,
      "p99": 18.541222743078833,
      "n_queries": 1000
    },
    "missing_email_company": {
      "p50": 12.566854493343271,
      "p95": 18.554479199519847,
      "p99": 30.479031077120453,
      "n_queries": 1000
    },
    "typo_name": {
      "p50": 15.83627049694769,
      "p95": 17.92466814731597,
      "p99": 20.665010833763517,
      "n_queries": 1000
    },
    "domain_mismatch": {
      "p50": 15.279228995495941,
      "p95": 17.832877039472805,
      "p99": 23.015530824050042,
      "n_queries": 1000
    },
    "swapped_attributes": {
      "p50": 15.154895998421125,
      "p95": 18.122797602700302,
      "p99": 29.020214772899635,
      "n_queries": 1000
    }
  },
  "index_size_mb": 688.05
}