{
  "experiment_id": "minilm_l6_base",
  "model": "minilm_l6",
  "serialization": "pipe",
  "mode": "zero_shot",
  "quantization": "fp32",
  "dims": 384,
  "index_size": 1000050,
  "timestamp": "2026-03-08T05:19:01.022607+00:00",
  "overall": {
    "recall_at_1": 0.8231067705764361,
    "ndcg_at_1": 0.8231067705764361,
    "recall_at_5": 0.8618427542665483,
    "ndcg_at_5": 0.8438154165824243,
    "recall_at_10": 0.8758344020255828,
    "ndcg_at_10": 0.8483555508653361,
    "precision_at_5": 0.17236855085330968,
    "mrr_at_10": 0.8396904667953795
  },
  "per_bucket": {
    "pristine": {
      "recall_at_1": 1.0,
      "ndcg_at_1": 1.0,
      "recall_at_5": 1.0,
      "ndcg_at_5": 1.0,
      "recall_at_10": 1.0,
      "ndcg_at_10": 1.0,
      "precision_at_5": 0.19999999999999996,
      "mrr_at_10": 1.0,
      "n_queries": 10137
    },
    "missing_firstname": {
      "recall_at_1": 0.8369340041432376,
      "ndcg_at_1": 0.8369340041432376,
      "recall_at_5": 0.8521258755055736,
      "ndcg_at_5": 0.8456048290529253,
      "recall_at_10": 0.8533096576896517,
      "ndcg_at_10": 0.8459919267609134,
      "precision_at_5": 0.1704251751011147,
      "mrr_at_10": 0.8435461166150718,
      "n_queries": 10137
    },
    "missing_email_company": {
      "recall_at_1": 0.20913485252046957,
      "ndcg_at_1": 0.20913485252046957,
      "recall_at_5": 0.40475485843938047,
      "ndcg_at_5": 0.31229307387634764,
      "recall_at_10": 0.4845615073493144,
      "ndcg_at_10": 0.33817578186095165,
      "precision_at_5": 0.0809509716878761,
      "mrr_at_10": 0.29232933415383844,
      "n_queries": 10137
    },
    "typo_name": {
      "recall_at_1": 0.9006609450527769,
      "ndcg_at_1": 0.9006609450527769,
      "recall_at_5": 0.919601459998027,
      "ndcg_at_5": 0.9116173652820161,
      "recall_at_10": 0.9222649699122029,
      "ndcg_at_10": 0.9124932421649746,
      "precision_at_5": 0.18392029199960538,
      "mrr_at_10": 0.90925236952168,
      "n_queries": 10137
    },
    "domain_mismatch": {
      "recall_at_1": 0.9931932524415508,
      "ndcg_at_1": 0.9931932524415508,
      "recall_at_5": 0.9958567623557265,
      "ndcg_at_5": 0.9946596619826749,
      "recall_at_10": 0.996152707901746,
      "ndcg_at_10": 0.9947547851045951,
      "precision_at_5": 0.19917135247114529,
      "mrr_at_10": 0.9942974111811045,
      "n_queries": 10137
    },
    "swapped_attributes": {
      "recall_at_1": 0.998717569300582,
      "ndcg_at_1": 0.998717569300582,
      "recall_at_5": 0.998717569300582,
      "ndcg_at_5": 0.998717569300582,
      "recall_at_10": 0.998717569300582,
      "ndcg_at_10": 0.998717569300582,
      "precision_at_5": 0.19974351386011638,
      "mrr_at_10": 0.998717569300582,
      "n_queries": 10137
    }
  },
  "latency_ms": {
    "p50": 8.471781332142806,
    "p95": 9.968815433785494,
    "p99": 12.516151858362717,
    "n_queries": 6000
  },
  "per_bucket_latency_ms": {
    "pristine": {
      "p50": 8.006020998436725,
      "p95": 8.905871146998834,
      "p99": 11.782767831828087,
      "n_queries": 1000
    },
    "missing_firstname": {
      "p50": 8.13806250152993,
      "p95": 9.215447900714935,
      "p99": 10.666387077217221,
      "n_queries": 1000
    },
    "missing_email_company": {
      "p50": 8.566374501242535,
      "p95": 9.805466648322179,
      "p99": 10.777311581550746,
      "n_queries": 1000
    },
    "typo_name": {
      "p50": 8.82581299811136,
      "p95": 10.743492302208322,
      "p99": 14.424666173363219,
      "n_queries": 1000
    },
    "domain_mismatch": {
      "p50": 8.612958492449252,
      "p95": 10.605294047127243,
      "p99": 14.6739238275768,
      "n_queries": 1000
    },
    "swapped_attributes": {
      "p50": 8.681458501087036,
      "p95": 10.537320557341443,
      "p99": 12.771854658640223,
      "n_queries": 1000
    }
  },
  "index_size_mb": 1616.75
}