{
  "experiment_id": "minilm_l6_base_128_fp32",
  "model": "minilm_l6",
  "serialization": "pipe",
  "mode": "zero_shot",
  "quantization": "fp32",
  "dims": 384,
  "index_size": 1000050,
  "timestamp": "2026-03-09T00:52:07.336498+00:00",
  "overall": {
    "recall_at_1": 0.7798329551806912,
    "ndcg_at_1": 0.7798329551806912,
    "recall_at_5": 0.8236657788300286,
    "ndcg_at_5": 0.8035806195992883,
    "recall_at_10": 0.8386767945809083,
    "ndcg_at_10": 0.8084463189286838,
    "precision_at_5": 0.16473315576600575,
    "mrr_at_10": 0.7988752764376716
  },
  "per_bucket": {
    "pristine": {
      "recall_at_1": 1.0,
      "ndcg_at_1": 1.0,
      "recall_at_5": 1.0,
      "ndcg_at_5": 1.0,
      "recall_at_10": 1.0,
      "ndcg_at_10": 1.0,
      "precision_at_5": 0.19999999999999996,
      "mrr_at_10": 1.0,
      "n_queries": 10137
    },
    "missing_firstname": {
      "recall_at_1": 0.8068462069645852,
      "ndcg_at_1": 0.8068462069645852,
      "recall_at_5": 0.8467002071618822,
      "ndcg_at_5": 0.829181364542097,
      "recall_at_10": 0.8529150636282924,
      "ndcg_at_10": 0.8312306103281952,
      "precision_at_5": 0.16934004143237644,
      "mrr_at_10": 0.8241170957877084,
      "n_queries": 10137
    },
    "missing_email_company": {
      "recall_at_1": 0.11502416888625826,
      "ndcg_at_1": 0.11502416888625826,
      "recall_at_5": 0.2447469665581533,
      "ndcg_at_5": 0.18288141730193505,
      "recall_at_10": 0.3084739074676926,
      "ndcg_at_10": 0.20346610974785556,
      "precision_at_5": 0.048949393311630666,
      "mrr_at_10": 0.17088514337700486,
      "n_queries": 10137
    },
    "typo_name": {
      "recall_at_1": 0.7844529939824406,
      "ndcg_at_1": 0.7844529939824406,
      "recall_at_5": 0.8643582914077144,
      "ndcg_at_5": 0.8291604277452496,
      "recall_at_10": 0.8821150241688862,
      "ndcg_at_10": 0.8349392425286339,
      "precision_at_5": 0.17287165828154286,
      "mrr_at_10": 0.8196643288534381,
      "n_queries": 10137
    },
    "domain_mismatch": {
      "recall_at_1": 0.9761270592877577,
      "ndcg_at_1": 0.9761270592877577,
      "recall_at_5": 0.9889513662819375,
      "ndcg_at_5": 0.9832972787394557,
      "recall_at_10": 0.9913189306500937,
      "ndcg_at_10": 0.984078721700426,
      "precision_at_5": 0.19779027325638746,
      "mrr_at_10": 0.9817171809699184,
      "n_queries": 10137
    },
    "swapped_attributes": {
      "recall_at_1": 0.9965473019631055,
      "ndcg_at_1": 0.9965473019631055,
      "recall_at_5": 0.9972378415704843,
      "ndcg_at_5": 0.9969632292669922,
      "recall_at_10": 0.9972378415704843,
      "ndcg_at_10": 0.9969632292669922,
      "precision_at_5": 0.19944756831409685,
      "mrr_at_10": 0.9968679096379599,
      "n_queries": 10137
    }
  },
  "latency_ms": {
    "p50": 7.972638750895082,
    "p95": 11.049443692778974,
    "p99": 17.57339283270994,
    "n_queries": 6000
  },
  "per_bucket_latency_ms": {
    "pristine": {
      "p50": 6.797749498218764,
      "p95": 9.790352392883506,
      "p99": 11.397458256687965,
      "n_queries": 1000
    },
    "missing_firstname": {
      "p50": 7.721187503193505,
      "p95": 11.195453850086778,
      "p99": 15.407698234921554,
      "n_queries": 1000
    },
    "missing_email_company": {
      "p50": 7.911895496363286,
      "p95": 11.094837501150323,
      "p99": 19.032316993398123,
      "n_queries": 1000
    },
    "typo_name": {
      "p50": 8.50356250157347,
      "p95": 11.995443757768953,
      "p99": 22.521243757510085,
      "n_queries": 1000
    },
    "domain_mismatch": {
      "p50": 8.374250006454531,
      "p95": 11.30283925012918,
      "p99": 19.0574979140365,
      "n_queries": 1000
    },
    "swapped_attributes": {
      "p50": 8.527187499566935,
      "p95": 10.917735404655103,
      "p99": 18.024141839705404,
      "n_queries": 1000
    }
  },
  "index_size_mb": 665.16
}