{
  "experiment_id": "minilm_l6_ft",
  "model": "minilm_l6",
  "serialization": "pipe",
  "mode": "fine_tuned",
  "quantization": "fp32",
  "dims": 384,
  "index_size": 1000050,
  "timestamp": "2026-03-08T06:18:40.504807+00:00",
  "overall": {
    "recall_at_1": 0.8790240373549045,
    "ndcg_at_1": 0.8790240373549045,
    "recall_at_5": 0.9154417809345302,
    "ndcg_at_5": 0.898739385195556,
    "recall_at_10": 0.9280030252211371,
    "ndcg_at_10": 0.902827756361308,
    "precision_at_5": 0.18308835618690608,
    "mrr_at_10": 0.8948513695702214
  },
  "per_bucket": {
    "pristine": {
      "recall_at_1": 1.0,
      "ndcg_at_1": 1.0,
      "recall_at_5": 1.0,
      "ndcg_at_5": 1.0,
      "recall_at_10": 1.0,
      "ndcg_at_10": 1.0,
      "precision_at_5": 0.19999999999999996,
      "mrr_at_10": 1.0,
      "n_queries": 10137
    },
    "missing_firstname": {
      "recall_at_1": 0.974745980073,
      "ndcg_at_1": 0.974745980073,
      "recall_at_5": 0.9756338167110585,
      "ndcg_at_5": 0.9752691487700735,
      "recall_at_10": 0.9756338167110585,
      "ndcg_at_10": 0.9752691487700735,
      "precision_at_5": 0.19512676334221168,
      "mrr_at_10": 0.9751438624182039,
      "n_queries": 10137
    },
    "missing_email_company": {
      "recall_at_1": 0.3252441550754661,
      "ndcg_at_1": 0.3252441550754661,
      "recall_at_5": 0.5412844036697247,
      "ndcg_at_5": 0.4420559769641349,
      "recall_at_10": 0.6166518693893657,
      "ndcg_at_10": 0.4665862039586476,
      "precision_at_5": 0.10825688073394496,
      "mrr_at_10": 0.4190704021571142,
      "n_queries": 10137
    },
    "typo_name": {
      "recall_at_1": 0.9742527374963007,
      "ndcg_at_1": 0.9742527374963007,
      "recall_at_5": 0.9757324652263983,
      "ndcg_at_5": 0.9751475936709931,
      "recall_at_10": 0.9757324652263983,
      "ndcg_at_10": 0.9751475936709931,
      "precision_at_5": 0.19514649304527965,
      "mrr_at_10": 0.9749432771036796,
      "n_queries": 10137
    },
    "domain_mismatch": {
      "recall_at_1": 0.9999013514846602,
      "ndcg_at_1": 0.9999013514846602,
      "recall_at_5": 1.0,
      "ndcg_at_5": 0.9999635917681338,
      "recall_at_10": 1.0,
      "ndcg_at_10": 0.9999635917681338,
      "precision_at_5": 0.19999999999999996,
      "mrr_at_10": 0.9999506757423301,
      "n_queries": 10137
    },
    "swapped_attributes": {
      "recall_at_1": 1.0,
      "ndcg_at_1": 1.0,
      "recall_at_5": 1.0,
      "ndcg_at_5": 1.0,
      "recall_at_10": 1.0,
      "ndcg_at_10": 1.0,
      "precision_at_5": 0.19999999999999996,
      "mrr_at_10": 1.0,
      "n_queries": 10137
    }
  },
  "latency_ms": {
    "p50": 8.061298500251723,
    "p95": 11.0717462272684,
    "p99": 11.701681287765192,
    "n_queries": 6000
  },
  "per_bucket_latency_ms": {
    "pristine": {
      "p50": 7.530666502134409,
      "p95": 10.923958305647828,
      "p99": 11.559523159667151,
      "n_queries": 1000
    },
    "missing_firstname": {
      "p50": 7.91622949327575,
      "p95": 11.191087509359932,
      "p99": 11.860669161542319,
      "n_queries": 1000
    },
    "missing_email_company": {
      "p50": 8.67404150631046,
      "p95": 10.207037201325875,
      "p99": 10.910379752021981,
      "n_queries": 1000
    },
    "typo_name": {
      "p50": 8.210228996176738,
      "p95": 11.55407289697905,
      "p99": 12.273373653442832,
      "n_queries": 1000
    },
    "domain_mismatch": {
      "p50": 7.913312503660563,
      "p95": 11.303833346028114,
      "p99": 11.824399487959454,
      "n_queries": 1000
    },
    "swapped_attributes": {
      "p50": 8.12331199995242,
      "p95": 11.250488104269607,
      "p99": 11.781742511957418,
      "n_queries": 1000
    }
  },
  "index_size_mb": 1616.75
}