{
  "experiment_id": "minilm_l6_ft_64_binary",
  "model": "minilm_l6",
  "serialization": "pipe",
  "mode": "fine_tuned",
  "quantization": "binary",
  "dims": 384,
  "index_size": 1000050,
  "timestamp": "2026-03-09T02:00:50.761409+00:00",
  "overall": {
    "recall_at_1": 0.8711157147084936,
    "ndcg_at_1": 0.8711157147084936,
    "recall_at_5": 0.9066949459077308,
    "ndcg_at_5": 0.8900905669136012,
    "recall_at_10": 0.919601459998027,
    "ndcg_at_10": 0.8942803580791393,
    "precision_at_5": 0.18133898918154617,
    "mrr_at_10": 0.886301844622847
  },
  "per_bucket": {
    "pristine": {
      "recall_at_1": 0.9999013514846602,
      "ndcg_at_1": 0.9999013514846602,
      "recall_at_5": 1.0,
      "ndcg_at_5": 0.9999635917681338,
      "recall_at_10": 1.0,
      "ndcg_at_10": 0.9999635917681338,
      "precision_at_5": 0.19999999999999996,
      "mrr_at_10": 0.9999506757423301,
      "n_queries": 10137
    },
    "missing_firstname": {
      "recall_at_1": 0.9756338167110585,
      "ndcg_at_1": 0.9756338167110585,
      "recall_at_5": 0.9767189503797968,
      "ndcg_at_5": 0.9763184598292676,
      "recall_at_10": 0.9767189503797968,
      "ndcg_at_10": 0.9763184598292676,
      "precision_at_5": 0.19534379007595934,
      "mrr_at_10": 0.9761763835454277,
      "n_queries": 10137
    },
    "missing_email_company": {
      "recall_at_1": 0.2754266548288448,
      "ndcg_at_1": 0.2754266548288448,
      "recall_at_5": 0.4865344776561113,
      "ndcg_at_5": 0.38780783330773244,
      "recall_at_10": 0.563874913682549,
      "ndcg_at_10": 0.4129168841388162,
      "precision_at_5": 0.09730689553122225,
      "mrr_at_10": 0.365381574023184,
      "n_queries": 10137
    },
    "typo_name": {
      "recall_at_1": 0.9761270592877577,
      "ndcg_at_1": 0.9761270592877577,
      "recall_at_5": 0.9771135444411562,
      "ndcg_at_5": 0.9767236300708859,
      "recall_at_10": 0.977212192956496,
      "ndcg_at_10": 0.9767533262330309,
      "precision_at_5": 0.19542270888823118,
      "mrr_at_10": 0.9765983799721591,
      "n_queries": 10137
    },
    "domain_mismatch": {
      "recall_at_1": 0.9997040544539805,
      "ndcg_at_1": 0.9997040544539805,
      "recall_at_5": 0.9998027029693203,
      "ndcg_at_5": 0.999766294737454,
      "recall_at_10": 0.9998027029693203,
      "ndcg_at_10": 0.999766294737454,
      "precision_at_5": 0.19996054059386403,
      "mrr_at_10": 0.9997533787116504,
      "n_queries": 10137
    },
    "swapped_attributes": {
      "recall_at_1": 0.9999013514846602,
      "ndcg_at_1": 0.9999013514846602,
      "recall_at_5": 1.0,
      "ndcg_at_5": 0.9999635917681338,
      "recall_at_10": 1.0,
      "ndcg_at_10": 0.9999635917681338,
      "precision_at_5": 0.19999999999999996,
      "mrr_at_10": 0.9999506757423301,
      "n_queries": 10137
    }
  },
  "latency_ms": {
    "p50": 6.371850666861671,
    "p95": 9.975733915901705,
    "p99": 10.595711377075835,
    "n_queries": 6000
  },
  "per_bucket_latency_ms": {
    "pristine": {
      "p50": 5.8335624999017455,
      "p95": 9.898354498727713,
      "p99": 10.666921920055756,
      "n_queries": 1000
    },
    "missing_firstname": {
      "p50": 6.314874997769948,
      "p95": 10.098405602911953,
      "p99": 10.501006072445307,
      "n_queries": 1000
    },
    "missing_email_company": {
      "p50": 6.312312500085682,
      "p95": 8.77633954733028,
      "p99": 9.862487587815849,
      "n_queries": 1000
    },
    "typo_name": {
      "p50": 6.5662499982863665,
      "p95": 10.332618448592257,
      "p99": 10.820502078713616,
      "n_queries": 1000
    },
    "domain_mismatch": {
      "p50": 6.618520506890491,
      "p95": 10.40019789870712,
      "p99": 10.927813502348727,
      "n_queries": 1000
    },
    "swapped_attributes": {
      "p50": 6.585583498235792,
      "p95": 10.348487499140901,
      "p99": 10.795537101075752,
      "n_queries": 1000
    }
  },
  "index_size_mb": 420.88
}