{
  "experiment_id": "minilm_l6_ft_256_binary",
  "model": "minilm_l6",
  "serialization": "pipe",
  "mode": "fine_tuned",
  "quantization": "binary",
  "dims": 384,
  "index_size": 1000050,
  "timestamp": "2026-03-09T01:41:51.221575+00:00",
  "overall": {
    "recall_at_1": 0.8839564631218967,
    "ndcg_at_1": 0.8839564631218967,
    "recall_at_5": 0.9209989806320081,
    "ndcg_at_5": 0.9039665946168809,
    "recall_at_10": 0.9327545953766729,
    "ndcg_at_10": 0.9077713110477219,
    "precision_at_5": 0.18419979612640167,
    "mrr_at_10": 0.8998437869442605
  },
  "per_bucket": {
    "pristine": {
      "recall_at_1": 1.0,
      "ndcg_at_1": 1.0,
      "recall_at_5": 1.0,
      "ndcg_at_5": 1.0,
      "recall_at_10": 1.0,
      "ndcg_at_10": 1.0,
      "precision_at_5": 0.19999999999999996,
      "mrr_at_10": 1.0,
      "n_queries": 10137
    },
    "missing_firstname": {
      "recall_at_1": 0.9734635493735819,
      "ndcg_at_1": 0.9734635493735819,
      "recall_at_5": 0.9735621978889217,
      "ndcg_at_5": 0.9735257896570555,
      "recall_at_10": 0.9735621978889217,
      "ndcg_at_10": 0.9735257896570555,
      "precision_at_5": 0.19471243957778434,
      "mrr_at_10": 0.9735128736312518,
      "n_queries": 10137
    },
    "missing_email_company": {
      "recall_at_1": 0.3560224918614975,
      "ndcg_at_1": 0.3560224918614975,
      "recall_at_5": 0.5779816513761468,
      "ndcg_at_5": 0.47589655998098174,
      "recall_at_10": 0.6485153398441353,
      "ndcg_at_10": 0.49872485856602855,
      "precision_at_5": 0.11559633027522938,
      "mrr_at_10": 0.4511984620226703,
      "n_queries": 10137
    },
    "typo_name": {
      "recall_at_1": 0.97464733155766,
      "ndcg_at_1": 0.97464733155766,
      "recall_at_5": 0.974745980073,
      "ndcg_at_5": 0.9747095718411336,
      "recall_at_10": 0.974745980073,
      "ndcg_at_10": 0.9747095718411336,
      "precision_at_5": 0.19494919601459995,
      "mrr_at_10": 0.9746966558153299,
      "n_queries": 10137
    },
    "domain_mismatch": {
      "recall_at_1": 0.9997040544539805,
      "ndcg_at_1": 0.9997040544539805,
      "recall_at_5": 0.9997040544539805,
      "ndcg_at_5": 0.9997040544539805,
      "recall_at_10": 0.9997040544539805,
      "ndcg_at_10": 0.9997040544539805,
      "precision_at_5": 0.19994081089079607,
      "mrr_at_10": 0.9997040544539805,
      "n_queries": 10137
    },
    "swapped_attributes": {
      "recall_at_1": 0.9999013514846602,
      "ndcg_at_1": 0.9999013514846602,
      "recall_at_5": 1.0,
      "ndcg_at_5": 0.9999635917681338,
      "recall_at_10": 1.0,
      "ndcg_at_10": 0.9999635917681338,
      "precision_at_5": 0.19999999999999996,
      "mrr_at_10": 0.9999506757423301,
      "n_queries": 10137
    }
  },
  "latency_ms": {
    "p50": 6.713510415769027,
    "p95": 10.193041662811689,
    "p99": 10.915109071841774,
    "n_queries": 6000
  },
  "per_bucket_latency_ms": {
    "pristine": {
      "p50": 6.439979006245267,
      "p95": 10.10620239394484,
      "p99": 11.059936250821918,
      "n_queries": 1000
    },
    "missing_firstname": {
      "p50": 6.748353996954393,
      "p95": 10.414599647629075,
      "p99": 10.971455842372961,
      "n_queries": 1000
    },
    "missing_email_company": {
      "p50": 6.417062490072567,
      "p95": 9.007038948038824,
      "p99": 10.158890922029967,
      "n_queries": 1000
    },
    "typo_name": {
      "p50": 6.712916496326216,
      "p95": 10.499189892288996,
      "p99": 11.185013095091561,
      "n_queries": 1000
    },
    "domain_mismatch": {
      "p50": 6.9655835031881,
      "p95": 10.553344098298112,
      "p99": 11.004796991473995,
      "n_queries": 1000
    },
    "swapped_attributes": {
      "p50": 6.99716700182762,
      "p95": 10.577874996670289,
      "p99": 11.110561329260236,
      "n_queries": 1000
    }
  },
  "index_size_mb": 1176.6
}