{
  "experiment_id": "minilm_l6_base_256_int8",
  "model": "minilm_l6",
  "serialization": "pipe",
  "mode": "zero_shot",
  "quantization": "int8",
  "dims": 384,
  "index_size": 1000050,
  "timestamp": "2026-03-09T00:45:04.125342+00:00",
  "overall": {
    "recall_at_1": 0.8363256716319752,
    "ndcg_at_1": 0.8363256716319752,
    "recall_at_5": 0.8737956660418927,
    "ndcg_at_5": 0.8562341559904448,
    "recall_at_10": 0.8870638913551018,
    "ndcg_at_10": 0.8605700641604194,
    "precision_at_5": 0.17475913320837855,
    "mrr_at_10": 0.8522092113181685
  },
  "per_bucket": {
    "pristine": {
      "recall_at_1": 1.0,
      "ndcg_at_1": 1.0,
      "recall_at_5": 1.0,
      "ndcg_at_5": 1.0,
      "recall_at_10": 1.0,
      "ndcg_at_10": 1.0,
      "precision_at_5": 0.19999999999999996,
      "mrr_at_10": 1.0,
      "n_queries": 10137
    },
    "missing_firstname": {
      "recall_at_1": 0.8452204794317846,
      "ndcg_at_1": 0.8452204794317846,
      "recall_at_5": 0.8503502022294565,
      "ndcg_at_5": 0.848176561707507,
      "recall_at_10": 0.8508434448061557,
      "ndcg_at_10": 0.8483500017865998,
      "precision_at_5": 0.1700700404458913,
      "mrr_at_10": 0.8475133527811836,
      "n_queries": 10137
    },
    "missing_email_company": {
      "recall_at_1": 0.2627996448653448,
      "ndcg_at_1": 0.2627996448653448,
      "recall_at_5": 0.4776561112755253,
      "ndcg_at_5": 0.37642452627170825,
      "recall_at_10": 0.5559830324553615,
      "ndcg_at_10": 0.4020140669590503,
      "precision_at_5": 0.09553122225510507,
      "mrr_at_10": 0.35351529286865185,
      "n_queries": 10137
    },
    "typo_name": {
      "recall_at_1": 0.9154582223537536,
      "ndcg_at_1": 0.9154582223537536,
      "recall_at_5": 0.9198974055440465,
      "ndcg_at_5": 0.9180792036885903,
      "recall_at_10": 0.9206865936667653,
      "ndcg_at_10": 0.918331671942003,
      "precision_at_5": 0.1839794811088093,
      "mrr_at_10": 0.9175536420875279,
      "n_queries": 10137
    },
    "domain_mismatch": {
      "recall_at_1": 0.9957581138403867,
      "ndcg_at_1": 0.9957581138403867,
      "recall_at_5": 0.996152707901746,
      "ndcg_at_5": 0.9960070749742809,
      "recall_at_10": 0.996152707901746,
      "ndcg_at_10": 0.9960070749742809,
      "precision_at_5": 0.1992305415803492,
      "mrr_at_10": 0.9959554108710664,
      "n_queries": 10137
    },
    "swapped_attributes": {
      "recall_at_1": 0.998717569300582,
      "ndcg_at_1": 0.998717569300582,
      "recall_at_5": 0.998717569300582,
      "ndcg_at_5": 0.998717569300582,
      "recall_at_10": 0.998717569300582,
      "ndcg_at_10": 0.998717569300582,
      "precision_at_5": 0.19974351386011638,
      "mrr_at_10": 0.998717569300582,
      "n_queries": 10137
    }
  },
  "latency_ms": {
    "p50": 7.9785659169526,
    "p95": 11.470989634472062,
    "p99": 14.081061662121401,
    "n_queries": 6000
  },
  "per_bucket_latency_ms": {
    "pristine": {
      "p50": 7.60877100401558,
      "p95": 10.883823538461002,
      "p99": 13.356853241857607,
      "n_queries": 1000
    },
    "missing_firstname": {
      "p50": 7.919583498733118,
      "p95": 11.837863102846311,
      "p99": 15.850297498400314,
      "n_queries": 1000
    },
    "missing_email_company": {
      "p50": 8.604916496551596,
      "p95": 12.30492645263439,
      "p99": 15.494244404544588,
      "n_queries": 1000
    },
    "typo_name": {
      "p50": 7.960750001075212,
      "p95": 11.454478849191219,
      "p99": 14.076856318133647,
      "n_queries": 1000
    },
    "domain_mismatch": {
      "p50": 7.880478500737809,
      "p95": 11.241614602477057,
      "p99": 12.91323226687382,
      "n_queries": 1000
    },
    "swapped_attributes": {
      "p50": 7.896896000602283,
      "p95": 11.10323126122239,
      "p99": 12.794886242918436,
      "n_queries": 1000
    }
  },
  "index_size_mb": 1207.12
}