{
  "experiment_id": "nomic_v15_base_512_int8",
  "model": "nomic_v15",
  "serialization": "pipe",
  "mode": "zero_shot",
  "quantization": "int8",
  "dims": 768,
  "index_size": 1000050,
  "timestamp": "2026-03-09T08:22:30.652180+00:00",
  "overall": {
    "recall_at_1": 0.8419321955871231,
    "ndcg_at_1": 0.8419321955871231,
    "recall_at_5": 0.8757028706717964,
    "ndcg_at_5": 0.8600387354908172,
    "recall_at_10": 0.8864062345861695,
    "ndcg_at_10": 0.8635246088076312,
    "precision_at_5": 0.1751405741343593,
    "mrr_at_10": 0.8562664968763912
  },
  "per_bucket": {
    "pristine": {
      "recall_at_1": 0.9957581138403867,
      "ndcg_at_1": 0.9957581138403867,
      "recall_at_5": 0.9958567623557265,
      "ndcg_at_5": 0.9958203541238603,
      "recall_at_10": 0.9958567623557265,
      "ndcg_at_10": 0.9958203541238603,
      "precision_at_5": 0.1991713524711453,
      "mrr_at_10": 0.9958074380980566,
      "n_queries": 10137
    },
    "missing_firstname": {
      "recall_at_1": 0.9231528065502614,
      "ndcg_at_1": 0.9231528065502614,
      "recall_at_5": 0.923448752096281,
      "ndcg_at_5": 0.923339527400682,
      "recall_at_10": 0.923448752096281,
      "ndcg_at_10": 0.923339527400682,
      "precision_at_5": 0.18468975041925617,
      "mrr_at_10": 0.9233007793232711,
      "n_queries": 10137
    },
    "missing_email_company": {
      "recall_at_1": 0.2704942290618526,
      "ndcg_at_1": 0.2704942290618526,
      "recall_at_5": 0.4680872052875604,
      "ndcg_at_5": 0.37607621954254356,
      "recall_at_10": 0.5319127947124396,
      "ndcg_at_10": 0.3968509022027812,
      "precision_at_5": 0.09361744105751209,
      "mrr_at_10": 0.3540667067524126,
      "n_queries": 10137
    },
    "typo_name": {
      "recall_at_1": 0.9611324849561014,
      "ndcg_at_1": 0.9611324849561014,
      "recall_at_5": 0.9617243760481404,
      "ndcg_at_5": 0.9614930106311391,
      "recall_at_10": 0.9617243760481404,
      "ndcg_at_10": 0.9614930106311391,
      "precision_at_5": 0.1923448752096281,
      "mrr_at_10": 0.9614119890828977,
      "n_queries": 10137
    },
    "domain_mismatch": {
      "recall_at_1": 0.9057906678504488,
      "ndcg_at_1": 0.9057906678504488,
      "recall_at_5": 0.9097366084640426,
      "ndcg_at_5": 0.9081761896995172,
      "recall_at_10": 0.910131202525402,
      "ndcg_at_10": 0.9083167469401633,
      "precision_at_5": 0.1819473216928085,
      "mrr_at_10": 0.9076978724803526,
      "n_queries": 10137
    },
    "swapped_attributes": {
      "recall_at_1": 0.9952648712636875,
      "ndcg_at_1": 0.9952648712636875,
      "recall_at_5": 0.9953635197790274,
      "ndcg_at_5": 0.995327111547161,
      "recall_at_10": 0.9953635197790274,
      "ndcg_at_10": 0.995327111547161,
      "precision_at_5": 0.19907270395580545,
      "mrr_at_10": 0.9953141955213574,
      "n_queries": 10137
    }
  },
  "latency_ms": {
    "p50": 10.701680669929678,
    "p95": 13.216098862903891,
    "p99": 14.8445303204547,
    "n_queries": 6000
  },
  "per_bucket_latency_ms": {
    "pristine": {
      "p50": 10.607854012050666,
      "p95": 13.216603836917779,
      "p99": 15.160095894825643,
      "n_queries": 1000
    },
    "missing_firstname": {
      "p50": 10.73366698983591,
      "p95": 13.210252420685718,
      "p99": 14.95117040904006,
      "n_queries": 1000
    },
    "missing_email_company": {
      "p50": 10.55881250067614,
      "p95": 12.988053854496684,
      "p99": 14.38090958952671,
      "n_queries": 1000
    },
    "typo_name": {
      "p50": 10.693917007301934,
      "p95": 13.406833364570048,
      "p99": 15.13798223953927,
      "n_queries": 1000
    },
    "domain_mismatch": {
      "p50": 10.95285449991934,
      "p95": 13.146847888128832,
      "p99": 14.679776440025304,
      "n_queries": 1000
    },
    "swapped_attributes": {
      "p50": 10.662979009794071,
      "p95": 13.328001812624278,
      "p99": 14.757247349771205,
      "n_queries": 1000
    }
  },
  "index_size_mb": 2245.7
}