{
  "experiment_id": "nomic_v15_base",
  "model": "nomic_v15",
  "serialization": "pipe",
  "mode": "zero_shot",
  "quantization": "fp32",
  "dims": 768,
  "index_size": 1000050,
  "timestamp": "2026-03-08T16:39:14.117640+00:00",
  "overall": {
    "recall_at_1": 0.8349939166748874,
    "ndcg_at_1": 0.8349939166748874,
    "recall_at_5": 0.8705238236164545,
    "ndcg_at_5": 0.8539777352386265,
    "recall_at_10": 0.8820821413304396,
    "ndcg_at_10": 0.857734868033293,
    "precision_at_5": 0.17410476472329095,
    "mrr_at_10": 0.8500249165793705
  },
  "per_bucket": {
    "pristine": {
      "recall_at_1": 0.9964486534477656,
      "ndcg_at_1": 0.9964486534477656,
      "recall_at_5": 0.9966459504784453,
      "ndcg_at_5": 0.9965490561863279,
      "recall_at_10": 0.9966459504784453,
      "ndcg_at_10": 0.9965490561863279,
      "precision_at_5": 0.19932919009568906,
      "mrr_at_10": 0.9965177074085035,
      "n_queries": 10137
    },
    "missing_firstname": {
      "recall_at_1": 0.9279865838019138,
      "ndcg_at_1": 0.9279865838019138,
      "recall_at_5": 0.9295649600473513,
      "ndcg_at_5": 0.9289565962858835,
      "recall_at_10": 0.9296636085626911,
      "ndcg_at_10": 0.9289894791243299,
      "precision_at_5": 0.18591299200947026,
      "mrr_at_10": 0.9287569817312343,
      "n_queries": 10137
    },
    "missing_email_company": {
      "recall_at_1": 0.2324159021406728,
      "ndcg_at_1": 0.2324159021406728,
      "recall_at_5": 0.42162375456249385,
      "ndcg_at_5": 0.33268760700954936,
      "recall_at_10": 0.4877182598401894,
      "ndcg_at_10": 0.3541872909344319,
      "precision_at_5": 0.08432475091249877,
      "mrr_at_10": 0.31206725793141893,
      "n_queries": 10137
    },
    "typo_name": {
      "recall_at_1": 0.9626122126861991,
      "ndcg_at_1": 0.9626122126861991,
      "recall_at_5": 0.9657689651770741,
      "ndcg_at_5": 0.9644499023874866,
      "recall_at_10": 0.9659662622077537,
      "ndcg_at_10": 0.9645135575136015,
      "precision_at_5": 0.1931537930354148,
      "mrr_at_10": 0.9640228864555588,
      "n_queries": 10137
    },
    "domain_mismatch": {
      "recall_at_1": 0.8940514945250074,
      "ndcg_at_1": 0.8940514945250074,
      "recall_at_5": 0.9127947124395778,
      "ndcg_at_5": 0.9045878752643253,
      "recall_at_10": 0.9157541678997732,
      "ndcg_at_10": 0.9055344501428811,
      "precision_at_5": 0.18255894248791554,
      "mrr_at_10": 0.9021880397287323,
      "n_queries": 10137
    },
    "swapped_attributes": {
      "recall_at_1": 0.9964486534477656,
      "ndcg_at_1": 0.9964486534477656,
      "recall_at_5": 0.9967445989937851,
      "ndcg_at_5": 0.9966353742981862,
      "recall_at_10": 0.9967445989937851,
      "ndcg_at_10": 0.9966353742981862,
      "precision_at_5": 0.199348919798757,
      "mrr_at_10": 0.9965966262207754,
      "n_queries": 10137
    }
  },
  "latency_ms": {
    "p50": 11.642447916528909,
    "p95": 14.092124724993482,
    "p99": 16.181412223619798,
    "n_queries": 6000
  },
  "per_bucket_latency_ms": {
    "pristine": {
      "p50": 11.706437500834,
      "p95": 14.028643447818467,
      "p99": 17.22522783500608,
      "n_queries": 1000
    },
    "missing_firstname": {
      "p50": 12.31147900398355,
      "p95": 15.126908052479848,
      "p99": 17.25618308963021,
      "n_queries": 1000
    },
    "missing_email_company": {
      "p50": 11.167625001689885,
      "p95": 13.55289825150976,
      "p99": 15.078683831379747,
      "n_queries": 1000
    },
    "typo_name": {
      "p50": 11.458083492470905,
      "p95": 13.963454494660253,
      "p99": 15.96188217226881,
      "n_queries": 1000
    },
    "domain_mismatch": {
      "p50": 11.662896002235357,
      "p95": 13.720110453141388,
      "p99": 14.96072867012117,
      "n_queries": 1000
    },
    "swapped_attributes": {
      "p50": 11.548166497959755,
      "p95": 14.160733650351176,
      "p99": 16.605767743312754,
      "n_queries": 1000
    }
  },
  "index_size_mb": 3105.3
}