{
  "experiment_id": "nomic_v15_base_64_fp32",
  "model": "nomic_v15",
  "serialization": "pipe",
  "mode": "zero_shot",
  "quantization": "fp32",
  "dims": 768,
  "index_size": 1000050,
  "timestamp": "2026-03-09T09:02:36.731098+00:00",
  "overall": {
    "recall_at_1": 0.6009667554503305,
    "ndcg_at_1": 0.6009667554503305,
    "recall_at_5": 0.7246884351057183,
    "ndcg_at_5": 0.669077312485204,
    "recall_at_10": 0.7568149682680609,
    "ndcg_at_10": 0.6795214630005615,
    "precision_at_5": 0.14493768702114368,
    "mrr_at_10": 0.6547095988659074
  },
  "per_bucket": {
    "pristine": {
      "recall_at_1": 0.8964190588931636,
      "ndcg_at_1": 0.8964190588931636,
      "recall_at_5": 0.9814540791161093,
      "ndcg_at_5": 0.9455980758196897,
      "recall_at_10": 0.9912202821347539,
      "ndcg_at_10": 0.9488145099525058,
      "precision_at_5": 0.19629081582322183,
      "mrr_at_10": 0.9346826258042596,
      "n_queries": 10137
    },
    "missing_firstname": {
      "recall_at_1": 0.7482489888527177,
      "ndcg_at_1": 0.7482489888527177,
      "recall_at_5": 0.8783663805859722,
      "ndcg_at_5": 0.8205023151902023,
      "recall_at_10": 0.9054947223044293,
      "ndcg_at_10": 0.8293675453677235,
      "precision_at_5": 0.17567327611719444,
      "mrr_at_10": 0.8046982921280051,
      "n_queries": 10137
    },
    "missing_email_company": {
      "recall_at_1": 0.030876985301371215,
      "ndcg_at_1": 0.030876985301371215,
      "recall_at_5": 0.08523231725362533,
      "ndcg_at_5": 0.058851510564546905,
      "recall_at_10": 0.12005524316859031,
      "ndcg_at_10": 0.07006205896478873,
      "precision_at_5": 0.017046463450725066,
      "mrr_at_10": 0.05475814672322514,
      "n_queries": 10137
    },
    "typo_name": {
      "recall_at_1": 0.47992502712834173,
      "ndcg_at_1": 0.47992502712834173,
      "recall_at_5": 0.6889612311334714,
      "ndcg_at_5": 0.5923133685475386,
      "recall_at_10": 0.7560422215645655,
      "ndcg_at_10": 0.6141283902727815,
      "precision_at_5": 0.13779224622669428,
      "mrr_at_10": 0.5691094701008876,
      "n_queries": 10137
    },
    "domain_mismatch": {
      "recall_at_1": 0.5605208641609943,
      "ndcg_at_1": 0.5605208641609943,
      "recall_at_5": 0.7336490085824209,
      "ndcg_at_5": 0.6551506431276514,
      "recall_at_10": 0.7779421919700108,
      "ndcg_at_10": 0.6695481824809841,
      "precision_at_5": 0.14672980171648414,
      "mrr_at_10": 0.6347740714121299,
      "n_queries": 10137
    },
    "swapped_attributes": {
      "recall_at_1": 0.8898096083653941,
      "ndcg_at_1": 0.8898096083653941,
      "recall_at_5": 0.9804675939627109,
      "ndcg_at_5": 0.9420479616615947,
      "recall_at_10": 0.9901351484660156,
      "ndcg_at_10": 0.9452080909645851,
      "precision_at_5": 0.19609351879254217,
      "mrr_at_10": 0.9302349870269373,
      "n_queries": 10137
    }
  },
  "latency_ms": {
    "p50": 10.211059079059245,
    "p95": 12.179890913830604,
    "p99": 13.914236842974788,
    "n_queries": 6000
  },
  "per_bucket_latency_ms": {
    "pristine": {
      "p50": 9.75402099720668,
      "p95": 11.574772583844606,
      "p99": 12.949856996419836,
      "n_queries": 1000
    },
    "missing_firstname": {
      "p50": 10.343457994167693,
      "p95": 12.322763093106914,
      "p99": 13.977714196662419,
      "n_queries": 1000
    },
    "missing_email_company": {
      "p50": 10.708146000979468,
      "p95": 12.763747585995588,
      "p99": 14.509562503371853,
      "n_queries": 1000
    },
    "typo_name": {
      "p50": 10.149999492568895,
      "p95": 12.105897605943028,
      "p99": 13.942203729238825,
      "n_queries": 1000
    },
    "domain_mismatch": {
      "p50": 10.17183400108479,
      "p95": 12.031850364292039,
      "p99": 13.766725223977119,
      "n_queries": 1000
    },
    "swapped_attributes": {
      "p50": 10.13889598834794,
      "p95": 12.280314249801446,
      "p99": 14.339358408178668,
      "n_queries": 1000
    }
  },
  "index_size_mb": 417.07
}