{
  "experiment_id": "nomic_v15_base_768_binary",
  "model": "nomic_v15",
  "serialization": "pipe",
  "mode": "zero_shot",
  "quantization": "binary",
  "dims": 768,
  "index_size": 1000050,
  "timestamp": "2026-03-09T08:11:02.140360+00:00",
  "overall": {
    "recall_at_1": 0.8468810627733386,
    "ndcg_at_1": 0.8468810627733386,
    "recall_at_5": 0.8819999342343231,
    "ndcg_at_5": 0.865774764722579,
    "recall_at_10": 0.8928348295024826,
    "ndcg_at_10": 0.8693105719985366,
    "precision_at_5": 0.17639998684686464,
    "mrr_at_10": 0.8618354926397247
  },
  "per_bucket": {
    "pristine": {
      "recall_at_1": 0.9984216237545624,
      "ndcg_at_1": 0.9984216237545624,
      "recall_at_5": 0.9985202722699024,
      "ndcg_at_5": 0.9984838640380361,
      "recall_at_10": 0.9985202722699024,
      "ndcg_at_10": 0.9984838640380361,
      "precision_at_5": 0.19970405445398046,
      "mrr_at_10": 0.9984709480122325,
      "n_queries": 10137
    },
    "missing_firstname": {
      "recall_at_1": 0.9329190095689059,
      "ndcg_at_1": 0.9329190095689059,
      "recall_at_5": 0.9333136036302654,
      "ndcg_at_5": 0.9331482160223723,
      "recall_at_10": 0.9333136036302654,
      "ndcg_at_10": 0.9331482160223723,
      "precision_at_5": 0.18666272072605306,
      "mrr_at_10": 0.9330916444707508,
      "n_queries": 10137
    },
    "missing_email_company": {
      "recall_at_1": 0.26566045181020026,
      "ndcg_at_1": 0.26566045181020026,
      "recall_at_5": 0.46956693301765806,
      "ndcg_at_5": 0.3749578252474325,
      "recall_at_10": 0.534181710565256,
      "ndcg_at_10": 0.3960366246059616,
      "precision_at_5": 0.09391338660353162,
      "mrr_at_10": 0.3522119580790785,
      "n_queries": 10137
    },
    "typo_name": {
      "recall_at_1": 0.9690243661832889,
      "ndcg_at_1": 0.9690243661832889,
      "recall_at_5": 0.9695176087599882,
      "ndcg_at_5": 0.9693226515748532,
      "recall_at_10": 0.9695176087599882,
      "ndcg_at_10": 0.9693226515748532,
      "precision_at_5": 0.1939035217519976,
      "mrr_at_10": 0.9692545460524153,
      "n_queries": 10137
    },
    "domain_mismatch": {
      "recall_at_1": 0.9174311926605505,
      "ndcg_at_1": 0.9174311926605505,
      "recall_at_5": 0.9230541580349215,
      "ndcg_at_5": 0.9207818182233092,
      "recall_at_10": 0.923448752096281,
      "ndcg_at_10": 0.9209178625205258,
      "precision_at_5": 0.1846108316069843,
      "mrr_at_10": 0.9200554780460078,
      "n_queries": 10137
    },
    "swapped_attributes": {
      "recall_at_1": 0.9978297326625234,
      "ndcg_at_1": 0.9978297326625234,
      "recall_at_5": 0.9980270296932031,
      "ndcg_at_5": 0.9979542132294706,
      "recall_at_10": 0.9980270296932031,
      "ndcg_at_10": 0.9979542132294706,
      "precision_at_5": 0.1996054059386406,
      "mrr_at_10": 0.9979283811778633,
      "n_queries": 10137
    }
  },
  "latency_ms": {
    "p50": 10.597374915960245,
    "p95": 13.120707369186372,
    "p99": 14.729066136739371,
    "n_queries": 6000
  },
  "per_bucket_latency_ms": {
    "pristine": {
      "p50": 10.318937493138947,
      "p95": 13.256700348574666,
      "p99": 14.98088259686483,
      "n_queries": 1000
    },
    "missing_firstname": {
      "p50": 10.575916501693428,
      "p95": 13.110837158455979,
      "p99": 14.858767309051473,
      "n_queries": 1000
    },
    "missing_email_company": {
      "p50": 10.41416650696192,
      "p95": 12.945716005924623,
      "p99": 14.366025415074542,
      "n_queries": 1000
    },
    "typo_name": {
      "p50": 10.640520995366387,
      "p95": 13.300351766520178,
      "p99": 14.90276749827899,
      "n_queries": 1000
    },
    "domain_mismatch": {
      "p50": 10.963854001602158,
      "p95": 12.97474373714067,
      "p99": 14.616030256729571,
      "n_queries": 1000
    },
    "swapped_attributes": {
      "p50": 10.67085399699863,
      "p95": 13.135895198502112,
      "p99": 14.649923744436819,
      "n_queries": 1000
    }
  },
  "index_size_mb": 3192.33
}