{
  "experiment_id": "nomic_v15_base_256_binary",
  "model": "nomic_v15",
  "serialization": "pipe",
  "mode": "zero_shot",
  "quantization": "binary",
  "dims": 768,
  "index_size": 1000050,
  "timestamp": "2026-03-09T08:43:39.792438+00:00",
  "overall": {
    "recall_at_1": 0.8384137318733353,
    "ndcg_at_1": 0.8384137318733353,
    "recall_at_5": 0.8720528756042222,
    "ndcg_at_5": 0.85636022057699,
    "recall_at_10": 0.8838906974450035,
    "ndcg_at_10": 0.8601976474923005,
    "precision_at_5": 0.17441057512084446,
    "mrr_at_10": 0.8527244932258744
  },
  "per_bucket": {
    "pristine": {
      "recall_at_1": 0.9988162178159219,
      "ndcg_at_1": 0.9988162178159219,
      "recall_at_5": 0.9988162178159219,
      "ndcg_at_5": 0.9988162178159219,
      "recall_at_10": 0.9988162178159219,
      "ndcg_at_10": 0.9988162178159219,
      "precision_at_5": 0.19976324356318434,
      "mrr_at_10": 0.9988162178159219,
      "n_queries": 10137
    },
    "missing_firstname": {
      "recall_at_1": 0.928479826378613,
      "ndcg_at_1": 0.928479826378613,
      "recall_at_5": 0.9296636085626911,
      "ndcg_at_5": 0.9292026319519109,
      "recall_at_10": 0.9296636085626911,
      "ndcg_at_10": 0.9292026319519109,
      "precision_at_5": 0.1859327217125382,
      "mrr_at_10": 0.9290421229160502,
      "n_queries": 10137
    },
    "missing_email_company": {
      "recall_at_1": 0.22629969418960244,
      "ndcg_at_1": 0.22629969418960244,
      "recall_at_5": 0.41452106145802503,
      "ndcg_at_5": 0.32595209986327434,
      "recall_at_10": 0.48485745289533394,
      "ndcg_at_10": 0.34875304763479653,
      "precision_at_5": 0.08290421229160501,
      "mrr_at_10": 0.3059703882210541,
      "n_queries": 10137
    },
    "typo_name": {
      "recall_at_1": 0.9660649107230936,
      "ndcg_at_1": 0.9660649107230936,
      "recall_at_5": 0.9687284206372694,
      "ndcg_at_5": 0.9676696564452802,
      "recall_at_10": 0.9688270691526093,
      "ndcg_at_10": 0.9676981722612336,
      "precision_at_5": 0.19374568412745383,
      "mrr_at_10": 0.9673111703002203,
      "n_queries": 10137
    },
    "domain_mismatch": {
      "recall_at_1": 0.9122028213475387,
      "ndcg_at_1": 0.9122028213475387,
      "recall_at_5": 0.9219690243661833,
      "ndcg_at_5": 0.9179017966003103,
      "recall_at_10": 0.9225609154582224,
      "ndcg_at_10": 0.9180968945046988,
      "precision_at_5": 0.18439380487323664,
      "mrr_at_10": 0.9165881393167573,
      "n_queries": 10137
    },
    "swapped_attributes": {
      "recall_at_1": 0.9986189207852422,
      "ndcg_at_1": 0.9986189207852422,
      "recall_at_5": 0.9986189207852422,
      "ndcg_at_5": 0.9986189207852422,
      "recall_at_10": 0.9986189207852422,
      "ndcg_at_10": 0.9986189207852422,
      "precision_at_5": 0.19972378415704842,
      "mrr_at_10": 0.9986189207852422,
      "n_queries": 10137
    }
  },
  "latency_ms": {
    "p50": 10.334472164686304,
    "p95": 12.574510623865839,
    "p99": 14.165223072486695,
    "n_queries": 6000
  },
  "per_bucket_latency_ms": {
    "pristine": {
      "p50": 10.07214598939754,
      "p95": 12.29464410280343,
      "p99": 14.211666684423099,
      "n_queries": 1000
    },
    "missing_firstname": {
      "p50": 10.486104496521875,
      "p95": 13.041016714123542,
      "p99": 14.55722618062282,
      "n_queries": 1000
    },
    "missing_email_company": {
      "p50": 10.230707994196564,
      "p95": 12.599650309130084,
      "p99": 14.083938416151796,
      "n_queries": 1000
    },
    "typo_name": {
      "p50": 10.341479501221329,
      "p95": 12.543507695954759,
      "p99": 14.676403850025963,
      "n_queries": 1000
    },
    "domain_mismatch": {
      "p50": 10.549395505222492,
      "p95": 12.226322300557513,
      "p99": 13.382239566708447,
      "n_queries": 1000
    },
    "swapped_attributes": {
      "p50": 10.32699950155802,
      "p95": 12.7419226206257,
      "p99": 14.079863736988045,
      "n_queries": 1000
    }
  },
  "index_size_mb": 1176.6
}