{
  "experiment_id": "nomic_v15_base_512_binary",
  "model": "nomic_v15",
  "serialization": "pipe",
  "mode": "zero_shot",
  "quantization": "binary",
  "dims": 768,
  "index_size": 1000050,
  "timestamp": "2026-03-09T08:28:20.727130+00:00",
  "overall": {
    "recall_at_1": 0.8399099010226563,
    "ndcg_at_1": 0.8399099010226563,
    "recall_at_5": 0.875357600868107,
    "ndcg_at_5": 0.8588932838289335,
    "recall_at_10": 0.8868994771628687,
    "ndcg_at_10": 0.8626486109486563,
    "precision_at_5": 0.1750715201736214,
    "mrr_at_10": 0.854968159756312
  },
  "per_bucket": {
    "pristine": {
      "recall_at_1": 0.9950675742330078,
      "ndcg_at_1": 0.9950675742330078,
      "recall_at_5": 0.9951662227483477,
      "ndcg_at_5": 0.9951298145164814,
      "recall_at_10": 0.9951662227483477,
      "ndcg_at_10": 0.9951298145164814,
      "precision_at_5": 0.19903324454966953,
      "mrr_at_10": 0.9951168984906777,
      "n_queries": 10137
    },
    "missing_firstname": {
      "recall_at_1": 0.9277892867712341,
      "ndcg_at_1": 0.9277892867712341,
      "recall_at_5": 0.9279865838019138,
      "ndcg_at_5": 0.9279137673381813,
      "recall_at_10": 0.9279865838019138,
      "ndcg_at_10": 0.9279137673381813,
      "precision_at_5": 0.18559731676038274,
      "mrr_at_10": 0.927887935286574,
      "n_queries": 10137
    },
    "missing_email_company": {
      "recall_at_1": 0.2520469566933018,
      "ndcg_at_1": 0.2520469566933018,
      "recall_at_5": 0.45457235868600177,
      "ndcg_at_5": 0.3599526840544188,
      "recall_at_10": 0.5227384827858341,
      "ndcg_at_10": 0.3821285141486175,
      "precision_at_5": 0.09091447173720035,
      "mrr_at_10": 0.3376872951673188,
      "n_queries": 10137
    },
    "typo_name": {
      "recall_at_1": 0.9630068067475585,
      "ndcg_at_1": 0.9630068067475585,
      "recall_at_5": 0.9646838315083358,
      "ndcg_at_5": 0.9639934727829664,
      "recall_at_10": 0.9646838315083358,
      "ndcg_at_10": 0.9639934727829664,
      "precision_at_5": 0.19293676630166715,
      "mrr_at_10": 0.963754891322219,
      "n_queries": 10137
    },
    "domain_mismatch": {
      "recall_at_1": 0.9074676926112262,
      "ndcg_at_1": 0.9074676926112262,
      "recall_at_5": 0.9154582223537536,
      "ndcg_at_5": 0.9121643946349961,
      "recall_at_10": 0.9165433560224918,
      "ndcg_at_10": 0.9125205272591344,
      "precision_at_5": 0.18309164447075071,
      "mrr_at_10": 0.911182200676134,
      "n_queries": 10137
    },
    "swapped_attributes": {
      "recall_at_1": 0.9940810890796093,
      "ndcg_at_1": 0.9940810890796093,
      "recall_at_5": 0.9942783861102891,
      "ndcg_at_5": 0.9942055696465565,
      "recall_at_10": 0.9942783861102891,
      "ndcg_at_10": 0.9942055696465565,
      "precision_at_5": 0.19885567722205777,
      "mrr_at_10": 0.9941797375949492,
      "n_queries": 10137
    }
  },
  "latency_ms": {
    "p50": 10.590087086408554,
    "p95": 12.859668350574793,
    "p99": 14.44951572251739,
    "n_queries": 6000
  },
  "per_bucket_latency_ms": {
    "pristine": {
      "p50": 10.379958504927345,
      "p95": 13.05266425042646,
      "p99": 14.486519070924254,
      "n_queries": 1000
    },
    "missing_firstname": {
      "p50": 10.456500502186827,
      "p95": 12.833852060430216,
      "p99": 14.54809866263531,
      "n_queries": 1000
    },
    "missing_email_company": {
      "p50": 10.481792007340118,
      "p95": 12.597318744519725,
      "p99": 13.899827515997458,
      "n_queries": 1000
    },
    "typo_name": {
      "p50": 10.732875001849607,
      "p95": 13.443393730267413,
      "p99": 15.945767902012449,
      "n_queries": 1000
    },
    "domain_mismatch": {
      "p50": 10.840937495231628,
      "p95": 12.3653330563684,
      "p99": 12.884973488398828,
      "n_queries": 1000
    },
    "swapped_attributes": {
      "p50": 10.6484590069158,
      "p95": 12.865448261436539,
      "p99": 14.931907695136033,
      "n_queries": 1000
    }
  },
  "index_size_mb": 2184.66
}