{
  "experiment_id": "nomic_v15_base_128_fp32",
  "model": "nomic_v15",
  "serialization": "pipe",
  "mode": "zero_shot",
  "quantization": "fp32",
  "dims": 768,
  "index_size": 1000050,
  "timestamp": "2026-03-09T08:48:16.931168+00:00",
  "overall": {
    "recall_at_1": 0.7765775541744764,
    "ndcg_at_1": 0.7765775541744764,
    "recall_at_5": 0.823369833284009,
    "ndcg_at_5": 0.8019281370721517,
    "recall_at_10": 0.8390220643845977,
    "ndcg_at_10": 0.8069871480872081,
    "precision_at_5": 0.16467396665680184,
    "mrr_at_10": 0.796844252262522
  },
  "per_bucket": {
    "pristine": {
      "recall_at_1": 0.992995955410871,
      "ndcg_at_1": 0.992995955410871,
      "recall_at_5": 0.9985202722699024,
      "ndcg_at_5": 0.9962645860097283,
      "recall_at_10": 0.9986189207852422,
      "ndcg_at_10": 0.9962974688481748,
      "precision_at_5": 0.19970405445398043,
      "mrr_at_10": 0.9954992789263282,
      "n_queries": 10137
    },
    "missing_firstname": {
      "recall_at_1": 0.9033244549669528,
      "ndcg_at_1": 0.9033244549669528,
      "recall_at_5": 0.92404064318832,
      "ndcg_at_5": 0.9151006283464714,
      "recall_at_10": 0.9267041531024958,
      "ndcg_at_10": 0.9159698426636991,
      "precision_at_5": 0.184808128637664,
      "mrr_at_10": 0.9124295563478755,
      "n_queries": 10137
    },
    "missing_email_company": {
      "recall_at_1": 0.09489987175693006,
      "ndcg_at_1": 0.09489987175693006,
      "recall_at_5": 0.21071322876590706,
      "ndcg_at_5": 0.1546942343235951,
      "recall_at_10": 0.27365098155272766,
      "ndcg_at_10": 0.17496615528435286,
      "precision_at_5": 0.04214264575318142,
      "mrr_at_10": 0.14454148796409821,
      "n_queries": 10137
    },
    "typo_name": {
      "recall_at_1": 0.8611028904014995,
      "ndcg_at_1": 0.8611028904014995,
      "recall_at_5": 0.9317352273848278,
      "ndcg_at_5": 0.900558442405431,
      "recall_at_10": 0.945546019532406,
      "ndcg_at_10": 0.9050501481763389,
      "precision_at_5": 0.18634704547696554,
      "mrr_at_10": 0.8918975511680454,
      "n_queries": 10137
    },
    "domain_mismatch": {
      "recall_at_1": 0.8133570089770149,
      "ndcg_at_1": 0.8133570089770149,
      "recall_at_5": 0.8768866528558745,
      "ndcg_at_5": 0.8484876506271857,
      "recall_at_10": 0.8912893360954918,
      "ndcg_at_10": 0.853175992830185,
      "precision_at_5": 0.17537733057117488,
      "mrr_at_10": 0.840875403793427,
      "n_queries": 10137
    },
    "swapped_attributes": {
      "recall_at_1": 0.9937851435335898,
      "ndcg_at_1": 0.9937851435335898,
      "recall_at_5": 0.9983229752392226,
      "ndcg_at_5": 0.9964632807204981,
      "recall_at_10": 0.9983229752392226,
      "ndcg_at_10": 0.9964632807204981,
      "precision_at_5": 0.1996645950478445,
      "mrr_at_10": 0.9958222353753575,
      "n_queries": 10137
    }
  },
  "latency_ms": {
    "p50": 10.275645829096902,
    "p95": 12.411489134198442,
    "p99": 14.032088232585616,
    "n_queries": 6000
  },
  "per_bucket_latency_ms": {
    "pristine": {
      "p50": 10.064499991131015,
      "p95": 12.420278490753844,
      "p99": 14.49565216171322,
      "n_queries": 1000
    },
    "missing_firstname": {
      "p50": 9.972145504434593,
      "p95": 12.261751753976569,
      "p99": 14.024802068597637,
      "n_queries": 1000
    },
    "missing_email_company": {
      "p50": 10.5056250031339,
      "p95": 12.31549617368728,
      "p99": 13.76963126444025,
      "n_queries": 1000
    },
    "typo_name": {
      "p50": 10.261333489324898,
      "p95": 12.523615259851795,
      "p99": 14.067459570069328,
      "n_queries": 1000
    },
    "domain_mismatch": {
      "p50": 10.415708486107178,
      "p95": 11.880249381647445,
      "p99": 13.308320088253822,
      "n_queries": 1000
    },
    "swapped_attributes": {
      "p50": 10.434562500449829,
      "p95": 13.067543745273724,
      "p99": 14.526664242439438,
      "n_queries": 1000
    }
  },
  "index_size_mb": 665.16
}