{
  "experiment_id": "nomic_v15_base_64_int8",
  "model": "nomic_v15",
  "serialization": "pipe",
  "mode": "zero_shot",
  "quantization": "int8",
  "dims": 768,
  "index_size": 1000050,
  "timestamp": "2026-03-09T09:07:16.179644+00:00",
  "overall": {
    "recall_at_1": 0.8183058761632304,
    "ndcg_at_1": 0.8183058761632304,
    "recall_at_5": 0.8522902896978067,
    "ndcg_at_5": 0.836450926845137,
    "recall_at_10": 0.8647857683075203,
    "ndcg_at_10": 0.8404866933825689,
    "precision_at_5": 0.17045805793956137,
    "mrr_at_10": 0.8328384922853208
  },
  "per_bucket": {
    "pristine": {
      "recall_at_1": 0.9974351386011641,
      "ndcg_at_1": 0.9974351386011641,
      "recall_at_5": 0.9975337871165039,
      "ndcg_at_5": 0.9974973788846376,
      "recall_at_10": 0.9975337871165039,
      "ndcg_at_10": 0.9974973788846376,
      "precision_at_5": 0.19950675742330076,
      "mrr_at_10": 0.997484462858834,
      "n_queries": 10137
    },
    "missing_firstname": {
      "recall_at_1": 0.942389267041531,
      "ndcg_at_1": 0.942389267041531,
      "recall_at_5": 0.9470257472625037,
      "ndcg_at_5": 0.945145076044384,
      "recall_at_10": 0.9475189898392029,
      "ndcg_at_10": 0.9453096361575537,
      "precision_at_5": 0.18940514945250073,
      "mrr_at_10": 0.9445663458241145,
      "n_queries": 10137
    },
    "missing_email_company": {
      "recall_at_1": 0.14856466410180527,
      "ndcg_at_1": 0.14856466410180527,
      "recall_at_5": 0.3055144520074973,
      "ndcg_at_5": 0.23053943806585792,
      "recall_at_10": 0.3741738186840288,
      "ndcg_at_10": 0.2527010004603166,
      "precision_at_5": 0.061102890401499466,
      "mrr_at_10": 0.21485576177792812,
      "n_queries": 10137
    },
    "typo_name": {
      "recall_at_1": 0.9239419946729802,
      "ndcg_at_1": 0.9239419946729802,
      "recall_at_5": 0.9461379106244451,
      "ndcg_at_5": 0.9364674929149736,
      "recall_at_10": 0.9496892571766795,
      "ndcg_at_10": 0.9376230523822761,
      "precision_at_5": 0.189227582124889,
      "mrr_at_10": 0.9336665852424954,
      "n_queries": 10137
    },
    "domain_mismatch": {
      "recall_at_1": 0.9011541876294762,
      "ndcg_at_1": 0.9011541876294762,
      "recall_at_5": 0.9209825392127848,
      "ndcg_at_5": 0.9125816896615957,
      "recall_at_10": 0.9232514550656012,
      "ndcg_at_10": 0.9133146069112565,
      "precision_at_5": 0.18419650784255695,
      "mrr_at_10": 0.9100091445607871,
      "n_queries": 10137
    },
    "swapped_attributes": {
      "recall_at_1": 0.9963500049324258,
      "ndcg_at_1": 0.9963500049324258,
      "recall_at_5": 0.9965473019631055,
      "ndcg_at_5": 0.9964744854993729,
      "recall_at_10": 0.9965473019631055,
      "ndcg_at_10": 0.9964744854993729,
      "precision_at_5": 0.19930946039262107,
      "mrr_at_10": 0.9964486534477656,
      "n_queries": 10137
    }
  },
  "latency_ms": {
    "p50": 10.217201168416068,
    "p95": 12.324009869431999,
    "p99": 13.922323432537572,
    "n_queries": 6000
  },
  "per_bucket_latency_ms": {
    "pristine": {
      "p50": 9.845061984378844,
      "p95": 11.944258349831216,
      "p99": 13.951354425807947,
      "n_queries": 1000
    },
    "missing_firstname": {
      "p50": 10.34435399924405,
      "p95": 12.482958336477166,
      "p99": 13.920748416276181,
      "n_queries": 1000
    },
    "missing_email_company": {
      "p50": 10.331249999580905,
      "p95": 12.171913943893742,
      "p99": 13.823987424257211,
      "n_queries": 1000
    },
    "typo_name": {
      "p50": 9.878354001557454,
      "p95": 12.57747080962872,
      "p99": 14.280138743633868,
      "n_queries": 1000
    },
    "domain_mismatch": {
      "p50": 10.452312519191764,
      "p95": 12.178658056654967,
      "p99": 13.392851245298516,
      "n_queries": 1000
    },
    "swapped_attributes": {
      "p50": 10.45187450654339,
      "p95": 12.58879972010618,
      "p99": 14.1648603399517,
      "n_queries": 1000
    }
  },
  "index_size_mb": 428.51
}