{
  "experiment_id": "nomic_v15_base_256_int8",
  "model": "nomic_v15",
  "serialization": "pipe",
  "mode": "zero_shot",
  "quantization": "int8",
  "dims": 768,
  "index_size": 1000050,
  "timestamp": "2026-03-09T08:38:35.957654+00:00",
  "overall": {
    "recall_at_1": 0.8433954818979974,
    "ndcg_at_1": 0.8433954818979974,
    "recall_at_5": 0.8779389036861662,
    "ndcg_at_5": 0.8619285940311276,
    "recall_at_10": 0.889267041531025,
    "ndcg_at_10": 0.8655887506058948,
    "precision_at_5": 0.17558778073723327,
    "mrr_at_10": 0.8580967791520717
  },
  "per_bucket": {
    "pristine": {
      "recall_at_1": 0.9981256782085429,
      "ndcg_at_1": 0.9981256782085429,
      "recall_at_5": 0.9981256782085429,
      "ndcg_at_5": 0.9981256782085429,
      "recall_at_10": 0.9981256782085429,
      "ndcg_at_10": 0.9981256782085429,
      "precision_at_5": 0.19962513564170858,
      "mrr_at_10": 0.9981256782085429,
      "n_queries": 10137
    },
    "missing_firstname": {
      "recall_at_1": 0.9309460392621091,
      "ndcg_at_1": 0.9309460392621091,
      "recall_at_5": 0.9315379303541482,
      "ndcg_at_5": 0.9312954031345656,
      "recall_at_10": 0.9315379303541482,
      "ndcg_at_10": 0.9312954031345656,
      "precision_at_5": 0.18630758607082962,
      "mrr_at_10": 0.9312123902535268,
      "n_queries": 10137
    },
    "missing_email_company": {
      "recall_at_1": 0.2500739863865049,
      "ndcg_at_1": 0.2500739863865049,
      "recall_at_5": 0.4510210121337674,
      "ndcg_at_5": 0.3575370228016494,
      "recall_at_10": 0.5187925421722404,
      "ndcg_at_10": 0.37943832629256224,
      "precision_at_5": 0.09020420242675349,
      "mrr_at_10": 0.3354135643274441,
      "n_queries": 10137
    },
    "typo_name": {
      "recall_at_1": 0.966459504784453,
      "ndcg_at_1": 0.966459504784453,
      "recall_at_5": 0.9672486929071717,
      "ndcg_at_5": 0.9669445110264376,
      "recall_at_10": 0.9672486929071717,
      "ndcg_at_10": 0.9669445110264376,
      "precision_at_5": 0.19344973858143433,
      "mrr_at_10": 0.9668376574265891,
      "n_queries": 10137
    },
    "domain_mismatch": {
      "recall_at_1": 0.9171352471145309,
      "ndcg_at_1": 0.9171352471145309,
      "recall_at_5": 0.9219690243661833,
      "ndcg_at_5": 0.9199742731002526,
      "recall_at_10": 0.9221663213968629,
      "ndcg_at_10": 0.9200339090579428,
      "precision_at_5": 0.18439380487323664,
      "mrr_at_10": 0.9193096248068132,
      "n_queries": 10137
    },
    "swapped_attributes": {
      "recall_at_1": 0.9976324356318438,
      "ndcg_at_1": 0.9976324356318438,
      "recall_at_5": 0.9977310841471836,
      "ndcg_at_5": 0.9976946759153174,
      "recall_at_10": 0.9977310841471836,
      "ndcg_at_10": 0.9976946759153174,
      "precision_at_5": 0.19954621682943668,
      "mrr_at_10": 0.9976817598895137,
      "n_queries": 10137
    }
  },
  "latency_ms": {
    "p50": 10.41122899914626,
    "p95": 12.72046054242916,
    "p99": 14.4651548275336,
    "n_queries": 6000
  },
  "per_bucket_latency_ms": {
    "pristine": {
      "p50": 10.211062486632727,
      "p95": 12.635130590933839,
      "p99": 14.383602177258577,
      "n_queries": 1000
    },
    "missing_firstname": {
      "p50": 10.447895503602922,
      "p95": 12.843272899044678,
      "p99": 14.409222990507258,
      "n_queries": 1000
    },
    "missing_email_company": {
      "p50": 10.2588959998684,
      "p95": 12.57643154967809,
      "p99": 13.899763248045929,
      "n_queries": 1000
    },
    "typo_name": {
      "p50": 10.312895494280383,
      "p95": 12.797185096133033,
      "p99": 14.986873655288946,
      "n_queries": 1000
    },
    "domain_mismatch": {
      "p50": 10.878645509365015,
      "p95": 12.753295518632513,
      "p99": 14.3194939053501,
      "n_queries": 1000
    },
    "swapped_attributes": {
      "p50": 10.357979001128115,
      "p95": 12.717447600152807,
      "p99": 14.791972988750784,
      "n_queries": 1000
    }
  },
  "index_size_mb": 1207.12
}