{
  "experiment_id": "nomic_v15_base_512_fp32",
  "model": "nomic_v15",
  "serialization": "pipe",
  "mode": "zero_shot",
  "quantization": "fp32",
  "dims": 768,
  "index_size": 1000050,
  "timestamp": "2026-03-09T08:16:12.934421+00:00",
  "overall": {
    "recall_at_1": 0.8280063135049818,
    "ndcg_at_1": 0.8280063135049818,
    "recall_at_5": 0.8646213541152872,
    "ndcg_at_5": 0.8477186382500677,
    "recall_at_10": 0.8770346256288842,
    "ndcg_at_10": 0.8517602236719252,
    "precision_at_5": 0.17292427082305747,
    "mrr_at_10": 0.843760722806545
  },
  "per_bucket": {
    "pristine": {
      "recall_at_1": 0.9973364900858243,
      "ndcg_at_1": 0.9973364900858243,
      "recall_at_5": 0.9978297326625234,
      "ndcg_at_5": 0.997647691503192,
      "recall_at_10": 0.9978297326625234,
      "ndcg_at_10": 0.997647691503192,
      "precision_at_5": 0.19956594653250467,
      "mrr_at_10": 0.9975831113741738,
      "n_queries": 10137
    },
    "missing_firstname": {
      "recall_at_1": 0.9268028016178357,
      "ndcg_at_1": 0.9268028016178357,
      "recall_at_5": 0.9290717174706521,
      "ndcg_at_5": 0.9281319928710758,
      "recall_at_10": 0.9291703659859919,
      "ndcg_at_10": 0.9281648757095224,
      "precision_at_5": 0.18581434349413037,
      "mrr_at_10": 0.9278231091193505,
      "n_queries": 10137
    },
    "missing_email_company": {
      "recall_at_1": 0.20568215448357502,
      "ndcg_at_1": 0.20568215448357502,
      "recall_at_5": 0.3915359573838414,
      "ndcg_at_5": 0.3045842502862271,
      "recall_at_10": 0.4598007299990135,
      "ndcg_at_10": 0.3268224796546587,
      "precision_at_5": 0.07830719147676828,
      "mrr_at_10": 0.28493875962801685,
      "n_queries": 10137
    },
    "typo_name": {
      "recall_at_1": 0.9584689750419256,
      "ndcg_at_1": 0.9584689750419256,
      "recall_at_5": 0.9648811285390155,
      "ndcg_at_5": 0.9622195107537782,
      "recall_at_10": 0.9653743711157147,
      "ndcg_at_10": 0.9623875076848547,
      "precision_at_5": 0.19297622570780307,
      "mrr_at_10": 0.9613778535648911,
      "n_queries": 10137
    },
    "domain_mismatch": {
      "recall_at_1": 0.8830028608069449,
      "ndcg_at_1": 0.8830028608069449,
      "recall_at_5": 0.906974450034527,
      "ndcg_at_5": 0.8965481031080329,
      "recall_at_10": 0.912597415408898,
      "ndcg_at_10": 0.8983585065012234,
      "precision_at_5": 0.18139489000690537,
      "mrr_at_10": 0.8937516343553633,
      "n_queries": 10137
    },
    "swapped_attributes": {
      "recall_at_1": 0.9967445989937851,
      "ndcg_at_1": 0.9967445989937851,
      "recall_at_5": 0.9974351386011641,
      "ndcg_at_5": 0.9971802809781001,
      "recall_at_10": 0.9974351386011641,
      "ndcg_at_10": 0.9971802809781001,
      "precision_at_5": 0.1994870277202328,
      "mrr_at_10": 0.9970898687974746,
      "n_queries": 10137
    }
  },
  "latency_ms": {
    "p50": 10.405923589132726,
    "p95": 12.736223576939665,
    "p99": 14.88148199690234,
    "n_queries": 6000
  },
  "per_bucket_latency_ms": {
    "pristine": {
      "p50": 10.068125004181638,
      "p95": 12.515466364857275,
      "p99": 15.147061053139618,
      "n_queries": 1000
    },
    "missing_firstname": {
      "p50": 10.476979005034082,
      "p95": 12.620010688260663,
      "p99": 14.953017326188274,
      "n_queries": 1000
    },
    "missing_email_company": {
      "p50": 10.59547949989792,
      "p95": 12.634139315923676,
      "p99": 13.794975751952734,
      "n_queries": 1000
    },
    "typo_name": {
      "p50": 10.273000007146038,
      "p95": 12.929710460593922,
      "p99": 15.728922407433856,
      "n_queries": 1000
    },
    "domain_mismatch": {
      "p50": 10.415916505735368,
      "p95": 12.674739271460565,
      "p99": 14.49691284797154,
      "n_queries": 1000
    },
    "swapped_attributes": {
      "p50": 10.606041512801312,
      "p95": 13.043275360541884,
      "p99": 15.168002594728023,
      "n_queries": 1000
    }
  },
  "index_size_mb": 2154.14
}