{
  "experiment_id": "nomic_v15_base_768_fp32",
  "model": "nomic_v15",
  "serialization": "pipe",
  "mode": "zero_shot",
  "quantization": "fp32",
  "dims": 768,
  "index_size": 1000050,
  "timestamp": "2026-03-09T07:57:08.208062+00:00",
  "overall": {
    "recall_at_1": 0.8385123803886751,
    "ndcg_at_1": 0.8385123803886751,
    "recall_at_5": 0.8739436388149026,
    "ndcg_at_5": 0.857574791249199,
    "recall_at_10": 0.8856992535595672,
    "ndcg_at_10": 0.8613855080097115,
    "precision_at_5": 0.1747887277629805,
    "mrr_at_10": 0.8536897089242458
  },
  "per_bucket": {
    "pristine": {
      "recall_at_1": 0.9979283811778633,
      "ndcg_at_1": 0.9979283811778633,
      "recall_at_5": 0.9983229752392226,
      "ndcg_at_5": 0.9981773423117576,
      "recall_at_10": 0.9983229752392226,
      "ndcg_at_10": 0.9981773423117576,
      "precision_at_5": 0.1996645950478445,
      "mrr_at_10": 0.9981256782085429,
      "n_queries": 10137
    },
    "missing_firstname": {
      "recall_at_1": 0.9327217125382263,
      "ndcg_at_1": 0.9327217125382263,
      "recall_at_5": 0.934201440268324,
      "ndcg_at_5": 0.9336424007645261,
      "recall_at_10": 0.934201440268324,
      "ndcg_at_10": 0.9336424007645261,
      "precision_at_5": 0.18684028805366476,
      "mrr_at_10": 0.9334451349840519,
      "n_queries": 10137
    },
    "missing_email_company": {
      "recall_at_1": 0.2348821150241689,
      "ndcg_at_1": 0.2348821150241689,
      "recall_at_5": 0.42014402683239616,
      "ndcg_at_5": 0.33351515658663367,
      "recall_at_10": 0.4872250172634902,
      "ndcg_at_10": 0.3552701708014598,
      "precision_at_5": 0.08402880536647923,
      "mrr_at_10": 0.3137076809613063,
      "n_queries": 10137
    },
    "typo_name": {
      "recall_at_1": 0.9672486929071717,
      "ndcg_at_1": 0.9672486929071717,
      "recall_at_5": 0.9705040939133867,
      "ndcg_at_5": 0.9691916406992338,
      "recall_at_10": 0.9707013909440663,
      "ndcg_at_10": 0.9692512766569238,
      "precision_at_5": 0.1941008187826773,
      "mrr_at_10": 0.9687604814047549,
      "n_queries": 10137
    },
    "domain_mismatch": {
      "recall_at_1": 0.9005622965374371,
      "ndcg_at_1": 0.9005622965374371,
      "recall_at_5": 0.9221663213968629,
      "ndcg_at_5": 0.912817681285018,
      "recall_at_10": 0.9254217224030779,
      "ndcg_at_10": 0.9138673316755762,
      "precision_at_5": 0.1844332642793726,
      "mrr_at_10": 0.9100722482936155,
      "n_queries": 10137
    },
    "swapped_attributes": {
      "recall_at_1": 0.9977310841471836,
      "ndcg_at_1": 0.9977310841471836,
      "recall_at_5": 0.9983229752392226,
      "ndcg_at_5": 0.9981045258480248,
      "recall_at_10": 0.9983229752392226,
      "ndcg_at_10": 0.9981045258480248,
      "precision_at_5": 0.1996645950478445,
      "mrr_at_10": 0.9980270296932031,
      "n_queries": 10137
    }
  },
  "latency_ms": {
    "p50": 10.504281000370005,
    "p95": 12.744642807956552,
    "p99": 14.587909840095866,
    "n_queries": 6000
  },
  "per_bucket_latency_ms": {
    "pristine": {
      "p50": 10.334708000300452,
      "p95": 12.412397912703454,
      "p99": 14.663724990969055,
      "n_queries": 1000
    },
    "missing_firstname": {
      "p50": 10.483895501238294,
      "p95": 12.780555887729859,
      "p99": 14.321672416699585,
      "n_queries": 1000
    },
    "missing_email_company": {
      "p50": 10.499686992261559,
      "p95": 12.808335096633526,
      "p99": 14.07027334178565,
      "n_queries": 1000
    },
    "typo_name": {
      "p50": 10.6352915026946,
      "p95": 13.023846157011576,
      "p99": 15.210131028434262,
      "n_queries": 1000
    },
    "domain_mismatch": {
      "p50": 10.659041494363919,
      "p95": 12.729994376422834,
      "p99": 14.324400837358551,
      "n_queries": 1000
    },
    "swapped_attributes": {
      "p50": 10.413062511361204,
      "p95": 12.712727417238055,
      "p99": 14.937256425328087,
      "n_queries": 1000
    }
  },
  "index_size_mb": 3146.55
}