{
  "experiment_id": "nomic_v15_base_768_int8",
  "model": "nomic_v15",
  "serialization": "pipe",
  "mode": "zero_shot",
  "quantization": "int8",
  "dims": 768,
  "index_size": 1000050,
  "timestamp": "2026-03-09T08:04:30.738112+00:00",
  "overall": {
    "recall_at_1": 0.8467166485811055,
    "ndcg_at_1": 0.8467166485811055,
    "recall_at_5": 0.8798954325737398,
    "ndcg_at_5": 0.864471051588257,
    "recall_at_10": 0.8905165893919963,
    "ndcg_at_10": 0.8679478769432967,
    "precision_at_5": 0.17597908651474797,
    "mrr_at_10": 0.860788643990035
  },
  "per_bucket": {
    "pristine": {
      "recall_at_1": 0.9977310841471836,
      "ndcg_at_1": 0.9977310841471836,
      "recall_at_5": 0.9977310841471836,
      "ndcg_at_5": 0.9977310841471836,
      "recall_at_10": 0.9977310841471836,
      "ndcg_at_10": 0.9977310841471836,
      "precision_at_5": 0.19954621682943668,
      "mrr_at_10": 0.9977310841471836,
      "n_queries": 10137
    },
    "missing_firstname": {
      "recall_at_1": 0.9317352273848278,
      "ndcg_at_1": 0.9317352273848278,
      "recall_at_5": 0.9318338759001678,
      "ndcg_at_5": 0.9317974676683014,
      "recall_at_10": 0.9318338759001678,
      "ndcg_at_10": 0.9317974676683014,
      "precision_at_5": 0.18636677518003353,
      "mrr_at_10": 0.9317845516424977,
      "n_queries": 10137
    },
    "missing_email_company": {
      "recall_at_1": 0.2749334122521456,
      "ndcg_at_1": 0.2749334122521456,
      "recall_at_5": 0.47015882410969717,
      "ndcg_at_5": 0.3791297100748356,
      "recall_at_10": 0.5337871165038967,
      "ndcg_at_10": 0.3999595420633374,
      "precision_at_5": 0.09403176482193944,
      "mrr_at_10": 0.35755271823635243,
      "n_queries": 10137
    },
    "typo_name": {
      "recall_at_1": 0.9657689651770741,
      "ndcg_at_1": 0.9657689651770741,
      "recall_at_5": 0.9659662622077537,
      "ndcg_at_5": 0.9658805297182176,
      "recall_at_10": 0.9659662622077537,
      "ndcg_at_10": 0.9658805297182176,
      "precision_at_5": 0.19319325244155072,
      "mrr_at_10": 0.9658511722731907,
      "n_queries": 10137
    },
    "domain_mismatch": {
      "recall_at_1": 0.9123014698628785,
      "ndcg_at_1": 0.9123014698628785,
      "recall_at_5": 0.9157541678997732,
      "ndcg_at_5": 0.914395544975007,
      "recall_at_10": 0.915852816415113,
      "ndcg_at_10": 0.9144266651167436,
      "precision_at_5": 0.18315083357995462,
      "mrr_at_10": 0.9139332807207919,
      "n_queries": 10137
    },
    "swapped_attributes": {
      "recall_at_1": 0.9978297326625234,
      "ndcg_at_1": 0.9978297326625234,
      "recall_at_5": 0.9979283811778633,
      "ndcg_at_5": 0.997891972945997,
      "recall_at_10": 0.9979283811778633,
      "ndcg_at_10": 0.997891972945997,
      "precision_at_5": 0.19958567623557263,
      "mrr_at_10": 0.9978790569201933,
      "n_queries": 10137
    }
  },
  "latency_ms": {
    "p50": 10.876385415031109,
    "p95": 13.969038138990678,
    "p99": 15.97334409476995,
    "n_queries": 6000
  },
  "per_bucket_latency_ms": {
    "pristine": {
      "p50": 10.727541506639682,
      "p95": 13.68966910522431,
      "p99": 15.909577076963611,
      "n_queries": 1000
    },
    "missing_firstname": {
      "p50": 10.837104491656646,
      "p95": 13.93090204364853,
      "p99": 15.918346326216124,
      "n_queries": 1000
    },
    "missing_email_company": {
      "p50": 10.54095798463095,
      "p95": 14.324916667828802,
      "p99": 16.525582147587553,
      "n_queries": 1000
    },
    "typo_name": {
      "p50": 10.909687509411015,
      "p95": 14.151045499602331,
      "p99": 16.232420336164065,
      "n_queries": 1000
    },
    "domain_mismatch": {
      "p50": 11.10370850074105,
      "p95": 13.64726040919777,
      "p99": 15.062376177229453,
      "n_queries": 1000
    },
    "swapped_attributes": {
      "p50": 11.139312497107312,
      "p95": 14.070435108442325,
      "p99": 16.191762504458893,
      "n_queries": 1000
    }
  },
  "index_size_mb": 3283.89
}