{
  "experiment_id": "nomic_v15_base_128_binary",
  "model": "nomic_v15",
  "serialization": "pipe",
  "mode": "zero_shot",
  "quantization": "binary",
  "dims": 768,
  "index_size": 1000050,
  "timestamp": "2026-03-09T08:57:59.959819+00:00",
  "overall": {
    "recall_at_1": 0.8251948308177962,
    "ndcg_at_1": 0.8251948308177962,
    "recall_at_5": 0.8595738384137319,
    "ndcg_at_5": 0.8434885509633608,
    "recall_at_10": 0.8716911643813094,
    "ndcg_at_10": 0.8474271742821291,
    "precision_at_5": 0.17191476768274638,
    "mrr_at_10": 0.8397740440097645
  },
  "per_bucket": {
    "pristine": {
      "recall_at_1": 0.9980270296932031,
      "ndcg_at_1": 0.9980270296932031,
      "recall_at_5": 0.9983229752392226,
      "ndcg_at_5": 0.9982137505436237,
      "recall_at_10": 0.9983229752392226,
      "ndcg_at_10": 0.9982137505436237,
      "precision_at_5": 0.1996645950478445,
      "mrr_at_10": 0.9981750024662129,
      "n_queries": 10137
    },
    "missing_firstname": {
      "recall_at_1": 0.9349906283910427,
      "ndcg_at_1": 0.9349906283910427,
      "recall_at_5": 0.9384433264279373,
      "ndcg_at_5": 0.9370426252175809,
      "recall_at_10": 0.9385419749432771,
      "ndcg_at_10": 0.9370755080560274,
      "precision_at_5": 0.18768866528558745,
      "mrr_at_10": 0.9365732324299947,
      "n_queries": 10137
    },
    "missing_email_company": {
      "recall_at_1": 0.17460787215152412,
      "ndcg_at_1": 0.17460787215152412,
      "recall_at_5": 0.34744007102693103,
      "ndcg_at_5": 0.26510779413183677,
      "recall_at_10": 0.4168886258261813,
      "ndcg_at_10": 0.28766610085225247,
      "precision_at_5": 0.06948801420538622,
      "mrr_at_10": 0.24720707262879504,
      "n_queries": 10137
    },
    "typo_name": {
      "recall_at_1": 0.9451514254710467,
      "ndcg_at_1": 0.9451514254710467,
      "recall_at_5": 0.9578770839498866,
      "ndcg_at_5": 0.9525484099820205,
      "recall_at_10": 0.9591595146493045,
      "ndcg_at_10": 0.9529711407751753,
      "precision_at_5": 0.1915754167899773,
      "mrr_at_10": 0.9509025947691234,
      "n_queries": 10137
    },
    "domain_mismatch": {
      "recall_at_1": 0.9011541876294762,
      "ndcg_at_1": 0.9011541876294762,
      "recall_at_5": 0.9179244352372496,
      "ndcg_at_5": 0.9106693197934751,
      "recall_at_10": 0.9197987570287067,
      "ndcg_at_10": 0.9112871393540676,
      "precision_at_5": 0.18358488704744994,
      "mrr_at_10": 0.9084663130978609,
      "n_queries": 10137
    },
    "swapped_attributes": {
      "recall_at_1": 0.9972378415704843,
      "ndcg_at_1": 0.9972378415704843,
      "recall_at_5": 0.9974351386011641,
      "ndcg_at_5": 0.9973494061116279,
      "recall_at_10": 0.9974351386011641,
      "ndcg_at_10": 0.9973494061116279,
      "precision_at_5": 0.1994870277202328,
      "mrr_at_10": 0.9973200486666007,
      "n_queries": 10137
    }
  },
  "latency_ms": {
    "p50": 10.215211749406686,
    "p95": 12.393453333061188,
    "p99": 14.067305072191326,
    "n_queries": 6000
  },
  "per_bucket_latency_ms": {
    "pristine": {
      "p50": 9.669979001046158,
      "p95": 12.396297897794282,
      "p99": 14.42892550083343,
      "n_queries": 1000
    },
    "missing_firstname": {
      "p50": 10.365979498601519,
      "p95": 12.511929508764297,
      "p99": 14.523202910786495,
      "n_queries": 1000
    },
    "missing_email_company": {
      "p50": 10.596604479360394,
      "p95": 12.439161055954173,
      "p99": 13.820098439173307,
      "n_queries": 1000
    },
    "typo_name": {
      "p50": 10.021208014222793,
      "p95": 12.634133332176134,
      "p99": 14.237302404653747,
      "n_queries": 1000
    },
    "domain_mismatch": {
      "p50": 10.245771001791582,
      "p95": 12.111721465771552,
      "p99": 13.193314592936074,
      "n_queries": 1000
    },
    "swapped_attributes": {
      "p50": 10.391728501417674,
      "p95": 12.26747673790669,
      "p99": 14.200986584764905,
      "n_queries": 1000
    }
  },
  "index_size_mb": 672.79
}