{
  "experiment_id": "nomic_v15_base_64_binary",
  "model": "nomic_v15",
  "serialization": "pipe",
  "mode": "zero_shot",
  "quantization": "binary",
  "dims": 768,
  "index_size": 1000050,
  "timestamp": "2026-03-09T09:11:54.409762+00:00",
  "overall": {
    "recall_at_1": 0.7773996251356418,
    "ndcg_at_1": 0.7773996251356418,
    "recall_at_5": 0.8231232119956595,
    "ndcg_at_5": 0.8023540117072716,
    "recall_at_10": 0.83759166091217,
    "ndcg_at_10": 0.8070344868497814,
    "precision_at_5": 0.1646246423991319,
    "mrr_at_10": 0.7973210599443704
  },
  "per_bucket": {
    "pristine": {
      "recall_at_1": 0.9959554108710664,
      "ndcg_at_1": 0.9959554108710664,
      "recall_at_5": 0.998717569300582,
      "ndcg_at_5": 0.9976094808509229,
      "recall_at_10": 0.998717569300582,
      "ndcg_at_10": 0.9976094808509229,
      "precision_at_5": 0.19974351386011638,
      "mrr_at_10": 0.9972246884351057,
      "n_queries": 10137
    },
    "missing_firstname": {
      "recall_at_1": 0.9241392917036598,
      "ndcg_at_1": 0.9241392917036598,
      "recall_at_5": 0.9439676432869686,
      "ndcg_at_5": 0.9356951392923037,
      "recall_at_10": 0.9470257472625037,
      "ndcg_at_10": 0.9366878922061962,
      "precision_at_5": 0.18879352865739368,
      "mrr_at_10": 0.9332705036241586,
      "n_queries": 10137
    },
    "missing_email_company": {
      "recall_at_1": 0.08690934201440269,
      "ndcg_at_1": 0.08690934201440269,
      "recall_at_5": 0.1940416296734734,
      "ndcg_at_5": 0.14249184377973742,
      "recall_at_10": 0.2505672289632041,
      "ndcg_at_10": 0.16067852367413307,
      "precision_at_5": 0.03880832593469468,
      "mrr_at_10": 0.1329232765086568,
      "n_queries": 10137
    },
    "typo_name": {
      "recall_at_1": 0.82914077143139,
      "ndcg_at_1": 0.82914077143139,
      "recall_at_5": 0.9100325540100621,
      "ndcg_at_5": 0.8743046141709107,
      "recall_at_10": 0.9261122620104567,
      "ndcg_at_10": 0.8795619677369301,
      "precision_at_5": 0.1820065108020124,
      "mrr_at_10": 0.8644274236609246,
      "n_queries": 10137
    },
    "domain_mismatch": {
      "recall_at_1": 0.833579954621683,
      "ndcg_at_1": 0.833579954621683,
      "recall_at_5": 0.894248791555687,
      "ndcg_at_5": 0.8674902277508463,
      "recall_at_10": 0.9053960737890895,
      "ndcg_at_10": 0.8711362922315973,
      "precision_at_5": 0.17884975831113742,
      "mrr_at_10": 0.8599655747998451,
      "n_queries": 10137
    },
    "swapped_attributes": {
      "recall_at_1": 0.9946729801716484,
      "ndcg_at_1": 0.9946729801716484,
      "recall_at_5": 0.9977310841471836,
      "ndcg_at_5": 0.9965327643989086,
      "recall_at_10": 0.9977310841471836,
      "ndcg_at_10": 0.9965327643989086,
      "precision_at_5": 0.19954621682943668,
      "mrr_at_10": 0.9961148926375323,
      "n_queries": 10137
    }
  },
  "latency_ms": {
    "p50": 10.164649254875258,
    "p95": 12.323548385757022,
    "p99": 13.828833675361238,
    "n_queries": 6000
  },
  "per_bucket_latency_ms": {
    "pristine": {
      "p50": 9.581291509675793,
      "p95": 11.920487831230274,
      "p99": 14.206241686770227,
      "n_queries": 1000
    },
    "missing_firstname": {
      "p50": 10.129791509825736,
      "p95": 12.364764617814215,
      "p99": 14.005815754062496,
      "n_queries": 1000
    },
    "missing_email_company": {
      "p50": 10.299770496203564,
      "p95": 12.460862194711806,
      "p99": 13.977947598614263,
      "n_queries": 1000
    },
    "typo_name": {
      "p50": 10.335770493838936,
      "p95": 12.342869101848919,
      "p99": 13.592788009846117,
      "n_queries": 1000
    },
    "domain_mismatch": {
      "p50": 10.418479520012625,
      "p95": 12.470404160558244,
      "p99": 13.640278847014995,
      "n_queries": 1000
    },
    "swapped_attributes": {
      "p50": 10.222791999694891,
      "p95": 12.381902408378664,
      "p99": 13.549930155859329,
      "n_queries": 1000
    }
  },
  "index_size_mb": 420.88
}