{
  "experiment_id": "nomic_v15_base_256_fp32",
  "model": "nomic_v15",
  "serialization": "pipe",
  "mode": "zero_shot",
  "quantization": "fp32",
  "dims": 768,
  "index_size": 1000050,
  "timestamp": "2026-03-09T08:33:12.444352+00:00",
  "overall": {
    "recall_at_1": 0.8149025023840057,
    "ndcg_at_1": 0.8149025023840057,
    "recall_at_5": 0.8511722731906218,
    "ndcg_at_5": 0.834423364320227,
    "recall_at_10": 0.8643747328269377,
    "ndcg_at_10": 0.8387233850940186,
    "precision_at_5": 0.17023445463812437,
    "mrr_at_10": 0.8306260970732708
  },
  "per_bucket": {
    "pristine": {
      "recall_at_1": 0.9969418960244648,
      "ndcg_at_1": 0.9969418960244648,
      "recall_at_5": 0.9980270296932031,
      "ndcg_at_5": 0.9976067844622459,
      "recall_at_10": 0.9980270296932031,
      "ndcg_at_10": 0.9976067844622459,
      "precision_at_5": 0.19960540593864062,
      "mrr_at_10": 0.9974598007299991,
      "n_queries": 10137
    },
    "missing_firstname": {
      "recall_at_1": 0.9255203709184177,
      "ndcg_at_1": 0.9255203709184177,
      "recall_at_5": 0.9298609055933709,
      "ndcg_at_5": 0.9280722733151565,
      "recall_at_10": 0.93035414817007,
      "ndcg_at_10": 0.9282322319093833,
      "precision_at_5": 0.18597218111867414,
      "mrr_at_10": 0.9275216831002567,
      "n_queries": 10137
    },
    "missing_email_company": {
      "recall_at_1": 0.1633619414027819,
      "ndcg_at_1": 0.1633619414027819,
      "recall_at_5": 0.32238334813061065,
      "ndcg_at_5": 0.2470468113429384,
      "recall_at_10": 0.39124001183782187,
      "ndcg_at_10": 0.26945572262638595,
      "precision_at_5": 0.06447666962612211,
      "mrr_at_10": 0.23141344532288594,
      "n_queries": 10137
    },
    "typo_name": {
      "recall_at_1": 0.9438689947716287,
      "ndcg_at_1": 0.9438689947716287,
      "recall_at_5": 0.9597514057413435,
      "ndcg_at_5": 0.9532240581258143,
      "recall_at_10": 0.9613297819867811,
      "ndcg_at_10": 0.9537497067443387,
      "precision_at_5": 0.1919502811482687,
      "mrr_at_10": 0.9511992058011589,
      "n_queries": 10137
    },
    "domain_mismatch": {
      "recall_at_1": 0.8636677518003354,
      "ndcg_at_1": 0.8636677518003354,
      "recall_at_5": 0.8999704054453981,
      "ndcg_at_5": 0.8839267124798682,
      "recall_at_10": 0.9081582322186051,
      "ndcg_at_10": 0.8865994357879724,
      "precision_at_5": 0.1799940810890796,
      "mrr_at_10": 0.8796174942963932,
      "n_queries": 10137
    },
    "swapped_attributes": {
      "recall_at_1": 0.9960540593864062,
      "ndcg_at_1": 0.9960540593864062,
      "recall_at_5": 0.9970405445398047,
      "ndcg_at_5": 0.9966635461953381,
      "recall_at_10": 0.9971391930551445,
      "ndcg_at_10": 0.9966964290337847,
      "precision_at_5": 0.19940810890796093,
      "mrr_at_10": 0.9965449531889308,
      "n_queries": 10137
    }
  },
  "latency_ms": {
    "p50": 10.25202075834386,
    "p95": 12.507050982821966,
    "p99": 14.17014477973377,
    "n_queries": 6000
  },
  "per_bucket_latency_ms": {
    "pristine": {
      "p50": 10.017250009696,
      "p95": 12.506857681728434,
      "p99": 13.852179582754616,
      "n_queries": 1000
    },
    "missing_firstname": {
      "p50": 10.32683350786101,
      "p95": 12.458085115940776,
      "p99": 13.948070332990028,
      "n_queries": 1000
    },
    "missing_email_company": {
      "p50": 10.27495801099576,
      "p95": 12.537395804247353,
      "p99": 14.172792407916859,
      "n_queries": 1000
    },
    "typo_name": {
      "p50": 10.232416505459696,
      "p95": 12.764588152640497,
      "p99": 14.917352509801274,
      "n_queries": 1000
    },
    "domain_mismatch": {
      "p50": 10.569479010882787,
      "p95": 12.421172592439689,
      "p99": 13.502915940771345,
      "n_queries": 1000
    },
    "swapped_attributes": {
      "p50": 10.091187505167909,
      "p95": 12.354206549935043,
      "p99": 14.627557904168498,
      "n_queries": 1000
    }
  },
  "index_size_mb": 1161.34
}