{
  "experiment_id": "nomic_v15_ft",
  "model": "nomic_v15",
  "serialization": "pipe",
  "mode": "fine_tuned",
  "quantization": "fp32",
  "dims": 768,
  "index_size": 1000050,
  "timestamp": "2026-03-08T19:08:49.746181+00:00",
  "overall": {
    "recall_at_1": 0.7818059254874881,
    "ndcg_at_1": 0.7818059254874881,
    "recall_at_5": 0.8113347144125481,
    "ndcg_at_5": 0.7985636591424278,
    "recall_at_10": 0.8165466443063365,
    "ndcg_at_10": 0.8002503719244366,
    "precision_at_5": 0.16226694288250965,
    "mrr_at_10": 0.79492076279834
  },
  "per_bucket": {
    "pristine": {
      "recall_at_1": 0.9773108414718359,
      "ndcg_at_1": 0.9773108414718359,
      "recall_at_5": 0.9785932721712538,
      "ndcg_at_5": 0.978119965156992,
      "recall_at_10": 0.9785932721712538,
      "ndcg_at_10": 0.978119965156992,
      "precision_at_5": 0.19571865443425074,
      "mrr_at_10": 0.9779520568215448,
      "n_queries": 10137
    },
    "missing_firstname": {
      "recall_at_1": 0.9479135839005624,
      "ndcg_at_1": 0.9479135839005624,
      "recall_at_5": 0.958863569103285,
      "ndcg_at_5": 0.954599352719286,
      "recall_at_10": 0.9589622176186249,
      "ndcg_at_10": 0.9546344920294477,
      "precision_at_5": 0.191772713820657,
      "mrr_at_10": 0.9531238696524283,
      "n_queries": 10137
    },
    "missing_email_company": {
      "recall_at_1": 0.07013909440662917,
      "ndcg_at_1": 0.07013909440662917,
      "recall_at_5": 0.12755253033441846,
      "ndcg_at_5": 0.10059800715075702,
      "recall_at_10": 0.15162276807734043,
      "ndcg_at_10": 0.10832119909259466,
      "precision_at_5": 0.025510506066883695,
      "mrr_at_10": 0.09479484240508212,
      "n_queries": 10137
    },
    "typo_name": {
      "recall_at_1": 0.9160501134457927,
      "ndcg_at_1": 0.9160501134457927,
      "recall_at_5": 0.9461379106244451,
      "ndcg_at_5": 0.9339135576869069,
      "recall_at_10": 0.948110880931242,
      "ndcg_at_10": 0.9345555820531548,
      "precision_at_5": 0.189227582124889,
      "mrr_at_10": 0.9299551305840148,
      "n_queries": 10137
    },
    "domain_mismatch": {
      "recall_at_1": 0.8201637565354641,
      "ndcg_at_1": 0.8201637565354641,
      "recall_at_5": 0.8899082568807339,
      "ndcg_at_5": 0.8601921662349092,
      "recall_at_10": 0.8948406826477262,
      "ndcg_at_10": 0.8618484321825995,
      "precision_at_5": 0.17798165137614677,
      "mrr_at_10": 0.8507609245401493,
      "n_queries": 10137
    },
    "swapped_attributes": {
      "recall_at_1": 0.9592581631646444,
      "ndcg_at_1": 0.9592581631646444,
      "recall_at_5": 0.9669527473611522,
      "ndcg_at_5": 0.9639589059057158,
      "recall_at_10": 0.9671500443918319,
      "ndcg_at_10": 0.9640225610318306,
      "precision_at_5": 0.19339054947223042,
      "mrr_at_10": 0.9629377527868205,
      "n_queries": 10137
    }
  },
  "latency_ms": {
    "p50": 11.863684165291488,
    "p95": 14.894274733160273,
    "p99": 17.046357587799623,
    "n_queries": 6000
  },
  "per_bucket_latency_ms": {
    "pristine": {
      "p50": 11.682541990012396,
      "p95": 14.404769394604955,
      "p99": 16.92222632758785,
      "n_queries": 1000
    },
    "missing_firstname": {
      "p50": 11.795270998845808,
      "p95": 14.78119019739097,
      "p99": 16.801577077567345,
      "n_queries": 1000
    },
    "missing_email_company": {
      "p50": 11.311333510093391,
      "p95": 15.198038157541303,
      "p99": 17.06583398132352,
      "n_queries": 1000
    },
    "typo_name": {
      "p50": 11.824957997305319,
      "p95": 14.310956550616538,
      "p99": 16.342480735038404,
      "n_queries": 1000
    },
    "domain_mismatch": {
      "p50": 11.961479496676475,
      "p95": 14.733819403045343,
      "p99": 16.178419495699924,
      "n_queries": 1000
    },
    "swapped_attributes": {
      "p50": 12.60652099881554,
      "p95": 15.936874695762524,
      "p99": 18.96760790958069,
      "n_queries": 1000
    }
  },
  "index_size_mb": 3104.92
}