{
  "experiment_id": "nomic_v15_base_128_int8",
  "model": "nomic_v15",
  "serialization": "pipe",
  "mode": "zero_shot",
  "quantization": "int8",
  "dims": 768,
  "index_size": 1000050,
  "timestamp": "2026-03-09T08:53:11.565672+00:00",
  "overall": {
    "recall_at_1": 0.8378711650389662,
    "ndcg_at_1": 0.8378711650389662,
    "recall_at_5": 0.8718555785735425,
    "ndcg_at_5": 0.8560272981552797,
    "recall_at_10": 0.8838906974450035,
    "ndcg_at_10": 0.8599656121395245,
    "precision_at_5": 0.17437111571470854,
    "mrr_at_10": 0.8524071542617463
  },
  "per_bucket": {
    "pristine": {
      "recall_at_1": 0.9989148663312617,
      "ndcg_at_1": 0.9989148663312617,
      "recall_at_5": 0.9989148663312617,
      "ndcg_at_5": 0.9989148663312617,
      "recall_at_10": 0.9989148663312617,
      "ndcg_at_10": 0.9989148663312617,
      "precision_at_5": 0.19978297326625233,
      "mrr_at_10": 0.9989148663312617,
      "n_queries": 10137
    },
    "missing_firstname": {
      "recall_at_1": 0.9331163065995857,
      "ndcg_at_1": 0.9331163065995857,
      "recall_at_5": 0.9339054947223044,
      "ndcg_at_5": 0.9335883968157667,
      "recall_at_10": 0.9339054947223044,
      "ndcg_at_10": 0.9335883968157667,
      "precision_at_5": 0.18678109894446085,
      "mrr_at_10": 0.9334780178224984,
      "n_queries": 10137
    },
    "missing_email_company": {
      "recall_at_1": 0.2281740159810595,
      "ndcg_at_1": 0.2281740159810595,
      "recall_at_5": 0.4210318634704548,
      "ndcg_at_5": 0.33052008173672165,
      "recall_at_10": 0.4927493341225215,
      "ndcg_at_10": 0.3539787820348132,
      "precision_at_5": 0.08420637269409095,
      "mrr_at_10": 0.3102665702103406,
      "n_queries": 10137
    },
    "typo_name": {
      "recall_at_1": 0.9558054651277498,
      "ndcg_at_1": 0.9558054651277498,
      "recall_at_5": 0.9597514057413435,
      "ndcg_at_5": 0.9582365737088533,
      "recall_at_10": 0.9599487027720233,
      "ndcg_at_10": 0.9583045958574615,
      "precision_at_5": 0.1919502811482687,
      "mrr_at_10": 0.9577349831123136,
      "n_queries": 10137
    },
    "domain_mismatch": {
      "recall_at_1": 0.9127947124395778,
      "ndcg_at_1": 0.9127947124395778,
      "recall_at_5": 0.919009568905988,
      "ndcg_at_5": 0.9164200063010383,
      "recall_at_10": 0.9193055144520075,
      "ndcg_at_10": 0.9165231677598081,
      "precision_at_5": 0.18380191378119756,
      "mrr_at_10": 0.9155775400818313,
      "n_queries": 10137
    },
    "swapped_attributes": {
      "recall_at_1": 0.9984216237545624,
      "ndcg_at_1": 0.9984216237545624,
      "recall_at_5": 0.9985202722699024,
      "ndcg_at_5": 0.9984838640380361,
      "recall_at_10": 0.9985202722699024,
      "ndcg_at_10": 0.9984838640380361,
      "precision_at_5": 0.19970405445398043,
      "mrr_at_10": 0.9984709480122325,
      "n_queries": 10137
    }
  },
  "latency_ms": {
    "p50": 10.365520831934797,
    "p95": 12.571022126697548,
    "p99": 14.364385186878886,
    "n_queries": 6000
  },
  "per_bucket_latency_ms": {
    "pristine": {
      "p50": 9.84977099869866,
      "p95": 12.35525208467152,
      "p99": 14.597633749363013,
      "n_queries": 1000
    },
    "missing_firstname": {
      "p50": 10.468499996932223,
      "p95": 12.598181267094331,
      "p99": 14.222337066894395,
      "n_queries": 1000
    },
    "missing_email_company": {
      "p50": 10.466542007634416,
      "p95": 12.826571140612941,
      "p99": 14.133555586158764,
      "n_queries": 1000
    },
    "typo_name": {
      "p50": 10.52797949523665,
      "p95": 12.870224405196494,
      "p99": 14.971535394433884,
      "n_queries": 1000
    },
    "domain_mismatch": {
      "p50": 10.489999505807646,
      "p95": 12.243447609944269,
      "p99": 13.766671419143677,
      "n_queries": 1000
    },
    "swapped_attributes": {
      "p50": 10.390332987299189,
      "p95": 12.532456252665721,
      "p99": 14.494577905279582,
      "n_queries": 1000
    }
  },
  "index_size_mb": 688.05
}